hit_id,decision_id,att_attachmentLink,att_metadataReference,matchedKeywords,matchedLanguage,matchContext,loadedAt,att_attachmentCategory,att_attachmentDocumentDate,att_attachmentIdSequence,att_attachmentLanguage,att_attachmentLocationType,att_attachmentName,att_attachmentPublicationBusinessDate,att_attachmentPublicationDescription,att_attachmentSentDate,att_language,att_metadataType,caseAtt_attachmentCategory,caseAtt_attachmentDocumentDate,caseAtt_attachmentIdSequence,caseAtt_attachmentLanguage,caseAtt_attachmentLink,caseAtt_attachmentLocationType,caseAtt_attachmentName,caseAtt_attachmentPublicationBusinessDate,caseAtt_attachmentPublicationDescription,caseAtt_attachmentSentDate,caseAtt_language,caseAtt_metadataReference,caseAtt_metadataType,case_caseAidInstruments,case_caseCartel,case_caseCompanies,case_caseCourtCases,case_caseDeadlineDate,case_caseDg,case_caseEvents,case_caseEventsDates,case_caseExternalLinks,case_caseInitiationDate,case_caseInstrument,case_caseInvestigationPhase,case_caseLastDecisionDate,case_caseLegalBasis,case_caseLinks,case_caseNotificationDate,case_caseNumber,case_caseNumberPart,case_caseOfficialJournalPublications,case_caseOfficialJournalPublicationsPublishedDates,case_casePressReleases,case_casePressReleasesPublicationDates,case_casePrimaryLaws,case_caseRegions,case_caseRegulation,case_caseRenotificationDate,case_caseSecondaryLaws,case_caseSectors,case_caseSimplified,case_caseSimplifiedProcedure,case_caseTimelineEvents,case_caseTimelineEventsDates,case_caseTitle,case_caseType,case_language,case_metadataReference,case_metadataType,dec_decisionAdoptionDate,dec_decisionCelexReference,dec_decisionExternalLinks,dec_decisionNumber,dec_decisionOfficialJournalPublications,dec_decisionOfficialJournalPublicationsPublishedDates,dec_decisionOjPriorPublication,dec_decisionPressReleases,dec_decisionPressReleasesPublicationDates,dec_decisionTypes,dec_language,dec_metadataReference,dec_metadataType
1,20,https://ec.europa.eu/competition/mergers/cases/decisions/m1185_fr.pdf,M.1185-DEC39394-ATT4,arbitrag*,FR,"de la clause compromissoire prévue par le Nouveau Code de Procédure Civile français, une instance d’arbitrage indépendante et compétente (“l’Arbitre”). L’Arbitre jugera en dernier ressort de tout liti",2026-06-05T15:27:26.357935,,,4,FR,DDOC,Art. 6(1)(b) with conditions & obligations -  - mtf-dec-m-01185-020-1-19980604-0440-pub-fr,,,2004-12-07,fr,METADATA_DECISION_ATTACHMENT,,,,,,,,,,,,,,,Antitrust,ALCATEL / THOMSON CSF - SCS,,,,,,,1998-05-18,Merger,,1998-06-04,,,1998-05-18,M.1185,1185,,,,,,,Council Regulation 4064/89,,,"{""code"":""NaceSectorsC_30_3"",""label"":""C.30.3 - Manufacture of air and spacecraft and related machinery""}",Normal procedure,false,,,ALCATEL / THOMSON CSF - SCS,,en,M.1185,METADATA_CASE,1998-06-04,,,39394,"{""items"":[{""reference"":""C272"",""publishedDate"":""1998-09-01"",""priorPublication"":""false""}]}",1998-09-01,false,,,"{""code"":""DecisionType440"",""label"":""Art. 6(1)(b) with conditions & obligations""}",en,M.1185-DEC39394,METADATA_DECISION
2,22,https://ec.europa.eu/competition/mergers/cases/decisions/m1186_fr.pdf,M.1186-DEC39396-ATT3,arbitrag*,FR,"assemblées générales et des conseils d’administration de GEAL. Il prévoit également un mécanisme d’arbitrage indépendant en cas de désaccord. 9. Par ailleurs, le projet de statuts de GEAL prévoit un",2026-06-05T15:27:33.154031,,,3,FR,DDOC,Art. 6(1)(b) -  - mtf-dec-m-01186-020-1-19980618-0310-pub-fr,,,2004-12-07,fr,METADATA_DECISION_ATTACHMENT,,,,,,,,,,,,,,,Antitrust,GEAL / CREA / CGE,,1998-06-24,,,,,1998-05-18,Merger,,1998-06-18,,,1998-05-18,M.1186,1186,,,,,,,Council Regulation 4064/89,,,"{""code"":""NaceSectorsE_36_0_0"",""label"":""E.36.00 - Water collection, treatment and supply""}",Normal procedure,false,,,GEAL / CREA / CGE,,en,M.1186,METADATA_CASE,1998-06-18,,,39396,"{""items"":[{""reference"":""C218"",""publishedDate"":""1998-07-14"",""priorPublication"":""false""}]}",1998-07-14,false,,,"{""code"":""DecisionType310"",""label"":""Art. 6(1)(b)""}",en,M.1186-DEC39396,METADATA_DECISION
3,69,https://ec.europa.eu/competition/mergers/cases/decisions/m2050_en.pdf,M.2050-DEC40427-ATT3,arbitrat*,EN,"increase substantially after the first two years. Finally, the undertaking did not provide for any arbitration mechanism in case of a dispute. 78. For these reasons, the Commission reached the conclu",2026-06-05T15:28:01.598459,,,3,EN,DDOC,Art. 6(1)(b) with conditions & obligations -  - mtf-dec-m-02050-020-1-20001013-0440-pub-en,,,2004-12-07,en,METADATA_DECISION_ATTACHMENT,,,,,,,,,,,,,,,Antitrust,VIVENDI / CANAL+ / SEAGRAM,,,,,,,2000-08-31,Merger,,2000-10-13,,,2000-08-31,M.2050,2050,,,,,,,Council Regulation 4064/89,,,"{""code"":""NaceSectorsR_93"",""label"":""R.93 - Sports activities and amusement and recreation activities""}",Normal procedure,false,,,VIVENDI / CANAL+ / SEAGRAM,,en,M.2050,METADATA_CASE,2000-10-13,,,40427,"{""items"":[{""reference"":""C311"",""publishedDate"":""2000-10-30"",""priorPublication"":""false""}]}",2000-10-30,false,"{""items"":[{""reference"":""IP/00/1162""}]}",,"{""code"":""DecisionType440"",""label"":""Art. 6(1)(b) with conditions & obligations""}",en,M.2050-DEC40427,METADATA_DECISION
4,150,https://ec.europa.eu/competition/mergers/cases/decisions/m2097_20010131_610_el.pdf,M.2097-DEC40482-ATT17,διαιτη*,EL,"προµηθευτές παραδίδουν τα προϊόντα στις κτιριακές εγκαταστάσεις των πελατών. Εάν δεν είναι δυνατή η διαιτησία τιµών µεταξύ των πελατών, οι προµηθευτές µπορούν να χρεώνουν διαφορετικές τιµές σε πελάτες",2026-06-05T15:29:38.532280,,,17,EL,DDOC,Art. 8(3) -  - mtf-dec-m-02097-020-2-20010131-0610-pub-el,,,2004-12-07,el,METADATA_DECISION_ATTACHMENT,,,,,,,,,,,,,,,Antitrust,SCA / METSÄ TISSUE,,2001-02-09,,,,,2000-08-11,Merger,,2001-01-31,,,2000-08-11,M.2097,2097,{},,{},,,,Council Regulation 4064/89,,,"{""code"":""NaceSectorsC_17_2_2"",""label"":""C.17.22 - Manufacture of household and sanitary goods and of toilet requisites""}",Normal procedure,,,,SCA / METSÄ TISSUE,,en,M.2097,METADATA_CASE,2001-01-31,32002DO156,,40482,"{""items"":[{""reference"":""L57"",""publishedDate"":""2002-02-27"",""priorPublication"":""false""}]}",2002-02-27,false,"{""items"":[{""reference"":""IP/01/147""}]}",,"{""code"":""DecisionType610"",""label"":""Art. 8(3)""}",en,M.2097-DEC40482,METADATA_DECISION
5,152,https://ec.europa.eu/competition/mergers/cases/decisions/m2097_20010131_610_fr.pdf,M.2097-DEC40482-ATT20,arbitrag*,FR,"as, par exemple, lorsque des fournisseurs livrent les produits directement chez le client. Si aucun arbitrage entre les clients n’est possible, les fournisseurs peuvent appliquer des prix différenciés",2026-06-05T15:29:48.165603,,,20,FR,DDOC,Art. 8(3) -  - mtf-dec-m-02097-020-2-20010131-0610-pub-fr,,,2004-12-07,fr,METADATA_DECISION_ATTACHMENT,,,,,,,,,,,,,,,Antitrust,SCA / METSÄ TISSUE,,2001-02-09,,,,,2000-08-11,Merger,,2001-01-31,,,2000-08-11,M.2097,2097,{},,{},,,,Council Regulation 4064/89,,,"{""code"":""NaceSectorsC_17_2_2"",""label"":""C.17.22 - Manufacture of household and sanitary goods and of toilet requisites""}",Normal procedure,,,,SCA / METSÄ TISSUE,,en,M.2097,METADATA_CASE,2001-01-31,32002DO156,,40482,"{""items"":[{""reference"":""L57"",""publishedDate"":""2002-02-27"",""priorPublication"":""false""}]}",2002-02-27,false,"{""items"":[{""reference"":""IP/01/147""}]}",,"{""code"":""DecisionType610"",""label"":""Art. 8(3)""}",en,M.2097-DEC40482,METADATA_DECISION
6,155,https://ec.europa.eu/competition/mergers/cases/decisions/m2097_20010131_610_pt.pdf,M.2097-DEC40482-ATT23,arbitrag*,PT,"uando os fornecedores entregam os produtos nas instalações dos clientes. Caso não seja possível uma arbitragem entre os clientes, os fornecedores poderão cobrar preços diferentes a clientes que se enc",2026-06-05T15:29:59.460545,,,23,PT,DDOC,Art. 8(3) -  - mtf-dec-m-02097-020-2-20010131-0610-pub-pt,,,2004-12-07,pt,METADATA_DECISION_ATTACHMENT,,,,,,,,,,,,,,,Antitrust,SCA / METSÄ TISSUE,,2001-02-09,,,,,2000-08-11,Merger,,2001-01-31,,,2000-08-11,M.2097,2097,{},,{},,,,Council Regulation 4064/89,,,"{""code"":""NaceSectorsC_17_2_2"",""label"":""C.17.22 - Manufacture of household and sanitary goods and of toilet requisites""}",Normal procedure,,,,SCA / METSÄ TISSUE,,en,M.2097,METADATA_CASE,2001-01-31,32002DO156,,40482,"{""items"":[{""reference"":""L57"",""publishedDate"":""2002-02-27"",""priorPublication"":""false""}]}",2002-02-27,false,"{""items"":[{""reference"":""IP/01/147""}]}",,"{""code"":""DecisionType610"",""label"":""Art. 8(3)""}",en,M.2097-DEC40482,METADATA_DECISION
7,192,https://ec.europa.eu/competition/mergers/cases/decisions/m2903_20030430_600_de.pdf,M.2903-DEC37905-ATT18,Schiedsgericht* | Schiedsverfahren* | Schieds*,DE,"Überprüfung ihrer Geeignetheit für das Toll Collect System übernimmt. B.IV.4 gilt entsprechend. V. Schiedsgerichtsbarkeit 1. Die Parteien verpflichten sich, sich einem Schiedsgerichtsverfahren zu unt",2026-06-05T15:30:33.017610,,,18,DE,DDOC,Art. 8(2) with conditions & obligations -  - mtf-dec-m-02903-020-2-20030430-0600-pub-de,,,2003-05-21,de,METADATA_DECISION_ATTACHMENT,,,,,,,,,,,,,,,Antitrust,DAIMLER CHRYSLER / DEUTSCHE TELEKOM / JV,,,,,,,2002-11-11,Merger,,2003-04-30,,,2002-11-11,M.2903,2903,,,,,,,Council Regulation 4064/89,,,"{""code"":""NaceSectorsJ_61"",""label"":""J.61 - Telecommunications""}",Normal procedure,false,,,DAIMLER CHRYSLER / DEUTSCHE TELEKOM / JV,,en,M.2903,METADATA_CASE,2003-04-30,32003D0792,,37905,"{""items"":[{""reference"":""L300"",""publishedDate"":""2003-11-18"",""priorPublication"":""false""}]}",2003-11-18,false,"{""items"":[{""reference"":""IP/03/594""}]}",,"{""code"":""DecisionType600"",""label"":""Art. 8(2) with conditions & obligations""}",en,M.2903-DEC37905,METADATA_DECISION
8,217,https://ec.europa.eu/competition/mergers/cases/decisions/m1601_fi.pdf,M.1601-DEC39876-ATT14,välitysm* | välitysmenettely*,FI,"liittyvien sitoumusten noudattamisen varmistamiseksi nimetään riippumaton asiantuntija ja laaditaan välitysmenettely. 129. Komissio on suorittanut toisen markkinatutkimuksen, jolla se on halunnut varm",2026-06-05T15:30:58.359487,,,14,FI,DDOC,Art. 8(2) with conditions & obligations -  - mtf-dec-m-01601-020-2-19991201-0600-pub-fi,,,2004-12-07,fi,METADATA_DECISION_ATTACHMENT,,,,,,,,,,,,,,,Antitrust,ALLIED SIGNAL / HONEYWELL,,,,,,,1999-07-15,Merger,,1999-12-01,,,1999-07-15,M.1601,1601,,,,,,,Council Regulation 4064/89,,,"{""code"":""NaceSectorsC_30_3"",""label"":""C.30.3 - Manufacture of air and spacecraft and related machinery""}",Normal procedure,false,,,ALLIED SIGNAL / HONEYWELL,,en,M.1601,METADATA_CASE,1999-12-01,32001D0417,,39876,"{""items"":[{""reference"":""L152"",""publishedDate"":""2001-06-07"",""priorPublication"":""false""}]}",2001-06-07,false,"{""items"":[{""reference"":""IP/99/921""}]}",,"{""code"":""DecisionType600"",""label"":""Art. 8(2) with conditions & obligations""}",en,M.1601-DEC39876,METADATA_DECISION
9,219,https://ec.europa.eu/competition/mergers/cases/decisions/m1601_el.pdf,M.1601-DEC39876-ATT16,διαιτη*,EL,"δέσµευσης σχετικά µε το TAWS, θα διοριστεί ανεξάρτητος εµπειρογνώµονας και θα θεσπιστεί διαδικασία διαιτησίας. (129) Η Επιτροπή πραγµατοποίησε έρευνα στην αγορά προκειµένου να εξακριβώσει αν οι προτε",2026-06-05T15:31:04.862847,,,16,EL,DDOC,Art. 8(2) with conditions & obligations -  - mtf-dec-m-01601-020-2-19991201-0600-pub-el,,,2004-12-07,el,METADATA_DECISION_ATTACHMENT,,,,,,,,,,,,,,,Antitrust,ALLIED SIGNAL / HONEYWELL,,,,,,,1999-07-15,Merger,,1999-12-01,,,1999-07-15,M.1601,1601,,,,,,,Council Regulation 4064/89,,,"{""code"":""NaceSectorsC_30_3"",""label"":""C.30.3 - Manufacture of air and spacecraft and related machinery""}",Normal procedure,false,,,ALLIED SIGNAL / HONEYWELL,,en,M.1601,METADATA_CASE,1999-12-01,32001D0417,,39876,"{""items"":[{""reference"":""L152"",""publishedDate"":""2001-06-07"",""priorPublication"":""false""}]}",2001-06-07,false,"{""items"":[{""reference"":""IP/99/921""}]}",,"{""code"":""DecisionType600"",""label"":""Art. 8(2) with conditions & obligations""}",en,M.1601-DEC39876,METADATA_DECISION
10,220,https://ec.europa.eu/competition/mergers/cases/decisions/m1601_sv.pdf,M.1601-DEC39876-ATT18,skiljeförfar*,SV,säkerställa att det åtagande som gäller TAWS fullgörs kommer en oberoende expert att utses och ett skiljeförfarande att inledas. 129. Kommissionen utförde ett marknadstest för att bekräfta att de för,2026-06-05T15:31:06.718690,,,18,SV,DDOC,Art. 8(2) with conditions & obligations -  - mtf-dec-m-01601-020-2-19991201-0600-pub-sv,,,2004-12-07,sv,METADATA_DECISION_ATTACHMENT,,,,,,,,,,,,,,,Antitrust,ALLIED SIGNAL / HONEYWELL,,,,,,,1999-07-15,Merger,,1999-12-01,,,1999-07-15,M.1601,1601,,,,,,,Council Regulation 4064/89,,,"{""code"":""NaceSectorsC_30_3"",""label"":""C.30.3 - Manufacture of air and spacecraft and related machinery""}",Normal procedure,false,,,ALLIED SIGNAL / HONEYWELL,,en,M.1601,METADATA_CASE,1999-12-01,32001D0417,,39876,"{""items"":[{""reference"":""L152"",""publishedDate"":""2001-06-07"",""priorPublication"":""false""}]}",2001-06-07,false,"{""items"":[{""reference"":""IP/99/921""}]}",,"{""code"":""DecisionType600"",""label"":""Art. 8(2) with conditions & obligations""}",en,M.1601-DEC39876,METADATA_DECISION
11,221,https://ec.europa.eu/competition/mergers/cases/decisions/m1601_da.pdf,M.1601-DEC39876-ATT19,voldgift*,DA,"edrørende TAWS overholdes, vil der blive udpeget en uafhængig ekspert, og der vil blive fastlagt en voldgiftsprocedure. 129. Kommissionen gennemførte en markedsundersøgelse for at efterprøve, at de fo",2026-06-05T15:31:09.176535,,,19,DA,DDOC,Art. 8(2) with conditions & obligations -  - mtf-dec-m-01601-020-2-19991201-0600-pub-da,,,2004-12-07,da,METADATA_DECISION_ATTACHMENT,,,,,,,,,,,,,,,Antitrust,ALLIED SIGNAL / HONEYWELL,,,,,,,1999-07-15,Merger,,1999-12-01,,,1999-07-15,M.1601,1601,,,,,,,Council Regulation 4064/89,,,"{""code"":""NaceSectorsC_30_3"",""label"":""C.30.3 - Manufacture of air and spacecraft and related machinery""}",Normal procedure,false,,,ALLIED SIGNAL / HONEYWELL,,en,M.1601,METADATA_CASE,1999-12-01,32001D0417,,39876,"{""items"":[{""reference"":""L152"",""publishedDate"":""2001-06-07"",""priorPublication"":""false""}]}",2001-06-07,false,"{""items"":[{""reference"":""IP/99/921""}]}",,"{""code"":""DecisionType600"",""label"":""Art. 8(2) with conditions & obligations""}",en,M.1601-DEC39876,METADATA_DECISION
12,222,https://ec.europa.eu/competition/mergers/cases/decisions/m1601_de.pdf,M.1601-DEC39876-ATT20,Schiedsverfahren* | Schieds*,DE,"tungserklärung bezüglich des TAWS zu gewährleisten, werden ein unabhängiger Experte benannt und ein Schiedsverfahren eingerichtet. 129. Die Kommission hat mittels einer Markterhebung festzustellen ver",2026-06-05T15:31:11.940600,,,20,DE,DDOC,Art. 8(2) with conditions & obligations -  - mtf-dec-m-01601-020-2-19991201-0600-pub-de,,,2004-12-07,de,METADATA_DECISION_ATTACHMENT,,,,,,,,,,,,,,,Antitrust,ALLIED SIGNAL / HONEYWELL,,,,,,,1999-07-15,Merger,,1999-12-01,,,1999-07-15,M.1601,1601,,,,,,,Council Regulation 4064/89,,,"{""code"":""NaceSectorsC_30_3"",""label"":""C.30.3 - Manufacture of air and spacecraft and related machinery""}",Normal procedure,false,,,ALLIED SIGNAL / HONEYWELL,,en,M.1601,METADATA_CASE,1999-12-01,32001D0417,,39876,"{""items"":[{""reference"":""L152"",""publishedDate"":""2001-06-07"",""priorPublication"":""false""}]}",2001-06-07,false,"{""items"":[{""reference"":""IP/99/921""}]}",,"{""code"":""DecisionType600"",""label"":""Art. 8(2) with conditions & obligations""}",en,M.1601-DEC39876,METADATA_DECISION
13,223,https://ec.europa.eu/competition/mergers/cases/decisions/m1601_en.pdf,M.1601-DEC39876-ATT21,arbitrat*,EN,"re compliance with the undertaking relating to TAWS, an independent expert will be nominated and an arbitration procedure will be established. 129. The Commission conducted a market test to verify tha",2026-06-05T15:31:14.693841,,,21,EN,DDOC,Art. 8(2) with conditions & obligations -  - mtf-dec-m-01601-020-2-19991201-0600-pub-en,,,2003-03-17,en,METADATA_DECISION_ATTACHMENT,,,,,,,,,,,,,,,Antitrust,ALLIED SIGNAL / HONEYWELL,,,,,,,1999-07-15,Merger,,1999-12-01,,,1999-07-15,M.1601,1601,,,,,,,Council Regulation 4064/89,,,"{""code"":""NaceSectorsC_30_3"",""label"":""C.30.3 - Manufacture of air and spacecraft and related machinery""}",Normal procedure,false,,,ALLIED SIGNAL / HONEYWELL,,en,M.1601,METADATA_CASE,1999-12-01,32001D0417,,39876,"{""items"":[{""reference"":""L152"",""publishedDate"":""2001-06-07"",""priorPublication"":""false""}]}",2001-06-07,false,"{""items"":[{""reference"":""IP/99/921""}]}",,"{""code"":""DecisionType600"",""label"":""Art. 8(2) with conditions & obligations""}",en,M.1601-DEC39876,METADATA_DECISION
14,224,https://ec.europa.eu/competition/mergers/cases/decisions/m1601_fr.pdf,M.1601-DEC39876-ATT22,procédure arbitrale*,FR,"n de garantir le respect de cet engagement relatif au TAWS, un expert indépendant sera nommé et une procédure arbitrale sera mise en place. 129. La Commission a procédé à un test de marché pour vérifi",2026-06-05T15:31:16.949609,,,22,FR,DDOC,Art. 8(2) with conditions & obligations -  - mtf-dec-m-01601-020-2-19991201-0600-pub-fr,,,2004-12-07,fr,METADATA_DECISION_ATTACHMENT,,,,,,,,,,,,,,,Antitrust,ALLIED SIGNAL / HONEYWELL,,,,,,,1999-07-15,Merger,,1999-12-01,,,1999-07-15,M.1601,1601,,,,,,,Council Regulation 4064/89,,,"{""code"":""NaceSectorsC_30_3"",""label"":""C.30.3 - Manufacture of air and spacecraft and related machinery""}",Normal procedure,false,,,ALLIED SIGNAL / HONEYWELL,,en,M.1601,METADATA_CASE,1999-12-01,32001D0417,,39876,"{""items"":[{""reference"":""L152"",""publishedDate"":""2001-06-07"",""priorPublication"":""false""}]}",2001-06-07,false,"{""items"":[{""reference"":""IP/99/921""}]}",,"{""code"":""DecisionType600"",""label"":""Art. 8(2) with conditions & obligations""}",en,M.1601-DEC39876,METADATA_DECISION
15,225,https://ec.europa.eu/competition/mergers/cases/decisions/m1601_pt.pdf,M.1601-DEC39876-ATT23,arbitrag*,PT,"mpromisso relativo aos TAWS, será nomeado um perito independente e será estabelecido um processo de arbitragem. 129. A Comissão realizou um teste de mercado por forma a verificar se os compromissos pr",2026-06-05T15:31:18.681245,,,23,PT,DDOC,Art. 8(2) with conditions & obligations -  - mtf-dec-m-01601-020-2-19991201-0600-pub-pt,,,2004-12-07,pt,METADATA_DECISION_ATTACHMENT,,,,,,,,,,,,,,,Antitrust,ALLIED SIGNAL / HONEYWELL,,,,,,,1999-07-15,Merger,,1999-12-01,,,1999-07-15,M.1601,1601,,,,,,,Council Regulation 4064/89,,,"{""code"":""NaceSectorsC_30_3"",""label"":""C.30.3 - Manufacture of air and spacecraft and related machinery""}",Normal procedure,false,,,ALLIED SIGNAL / HONEYWELL,,en,M.1601,METADATA_CASE,1999-12-01,32001D0417,,39876,"{""items"":[{""reference"":""L152"",""publishedDate"":""2001-06-07"",""priorPublication"":""false""}]}",2001-06-07,false,"{""items"":[{""reference"":""IP/99/921""}]}",,"{""code"":""DecisionType600"",""label"":""Art. 8(2) with conditions & obligations""}",en,M.1601-DEC39876,METADATA_DECISION
16,226,https://ec.europa.eu/competition/mergers/cases/decisions/m1601_es.pdf,M.1601-DEC39876-ATT24,arbitraj*,ES,"romiso relativo al TAWS, se designará un experto independiente y se establecerá un procedimiento de arbitraje. 129. La Comisión llevó a cabo un análisis de mercado con objeto de verificar si los compr",2026-06-05T15:31:21.487249,,,24,ES,DDOC,Art. 8(2) with conditions & obligations -  - mtf-dec-m-01601-020-2-19991201-0600-pub-es,,,2004-12-07,es,METADATA_DECISION_ATTACHMENT,,,,,,,,,,,,,,,Antitrust,ALLIED SIGNAL / HONEYWELL,,,,,,,1999-07-15,Merger,,1999-12-01,,,1999-07-15,M.1601,1601,,,,,,,Council Regulation 4064/89,,,"{""code"":""NaceSectorsC_30_3"",""label"":""C.30.3 - Manufacture of air and spacecraft and related machinery""}",Normal procedure,false,,,ALLIED SIGNAL / HONEYWELL,,en,M.1601,METADATA_CASE,1999-12-01,32001D0417,,39876,"{""items"":[{""reference"":""L152"",""publishedDate"":""2001-06-07"",""priorPublication"":""false""}]}",2001-06-07,false,"{""items"":[{""reference"":""IP/99/921""}]}",,"{""code"":""DecisionType600"",""label"":""Art. 8(2) with conditions & obligations""}",en,M.1601-DEC39876,METADATA_DECISION
17,328,https://ec.europa.eu/competition/mergers/cases/decisions/m2861_20030430_600_fi.pdf,M.2861-DEC41336-ATT17,välimies*,FI,"ja 15 kohdan mukaista sopivaa ostajaa, (f) sitoumus toteuttaa toimenpiteet, jotka valvontaa hoitava välimies on määrännyt ja joita tämä pitää tarpeellisina näiden sitoumusten noudattamisen varmistamis",2026-06-05T15:33:21.452632,,,17,FI,DDOC,Art. 8(2) with conditions & obligations -  - mtf-dec-m-02861-020-2-20030430-0600-pub-fi,,,2003-10-03,fi,METADATA_DECISION_ATTACHMENT,,,,,,,,,,,,,,,Antitrust,DRÄGER / SIEMENS | SIEMENS / DRÄGERWERK / JV,,,,,,,2002-12-06,Merger,,2003-04-30,,,2002-12-06,M.2861,2861,{},,{},,,,Council Regulation 4064/89,,,"{""code"":""NaceSectorsC_33_2_0"",""label"":""C.33.20 - Installation of industrial machinery and equipment""}",Normal procedure,,,,SIEMENS / DRÄGERWERK / JV,,en,M.2861,METADATA_CASE,2003-04-30,32003D0777,,41336,"{""items"":[{""reference"":""L291"",""publishedDate"":""2003-11-08"",""priorPublication"":""false""}]}",2003-11-08,false,"{""items"":[{""reference"":""IP/03/602""}]}",,"{""code"":""DecisionType600"",""label"":""Art. 8(2) with conditions & obligations""}",en,M.2861-DEC41336,METADATA_DECISION
18,362,https://ec.europa.eu/competition/mergers/cases/decisions/m2876_20030402_600_da.pdf,M.2876-DEC37900-ATT491,voldgift*,DA,"flere kanaler som betalings-tv, når man i Italien er gået helt over til digitalt jordbaseret tv. 53 Voldgift l) Newscorp har foreslået en voldgiftprocedure for at garantere, at tilsagnene opfyldes i p",2026-06-05T15:34:12.128580,,,491,DA,DDOC,Art. 8(2) with conditions & obligations -  - mtf-dec-m-02876-020-2-20030402-0600-pub-da,,,2004-04-02,da,METADATA_DECISION_ATTACHMENT,,,,,,,,,,,,,,,Antitrust,NEWSCORP / TELEPIU | NEWSCORP / TELEPIU / STREAM,,,,,,,2002-10-16,Merger,,2010-07-20,,,2002-10-16,M.2876,2876,{},,{},,,,Council Regulation 4064/89,,,"{""code"":""NaceSectorsJ_60_2"",""label"":""J.60.2 - Television programming and broadcasting activities""}",Normal procedure,,,,NEWSCORP / TELEPIU,,en,M.2876,METADATA_CASE,2003-04-02,32004D0311,,37900,"{""items"":[{""reference"":""L110"",""publishedDate"":""2004-04-16"",""priorPublication"":""false""}]}",2004-04-16,false,"{""items"":[{""reference"":""IP/03/478""}]}",,"{""code"":""DecisionType600"",""label"":""Art. 8(2) with conditions & obligations""}",en,M.2876-DEC37900,METADATA_DECISION
19,363,https://ec.europa.eu/competition/mergers/cases/decisions/m2876_en.pdf,M.2876-DEC37900-ATT492,arbitrat*,EN,usiness after the switchover from analogue to digital terrestrial television broadcasting in Italy. Arbitration l) Newscorp has proposed an arbitration procedure in order to guarantee the effectivenes,2026-06-05T15:34:20.600467,,,492,EN,DDOC,Art. 8(2) with conditions & obligations -  - mtf-dec-m-02876-020-2-20030402-0600-pub-en,,,2004-04-02,en,METADATA_DECISION_ATTACHMENT,,,,,,,,,,,,,,,Antitrust,NEWSCORP / TELEPIU | NEWSCORP / TELEPIU / STREAM,,,,,,,2002-10-16,Merger,,2010-07-20,,,2002-10-16,M.2876,2876,{},,{},,,,Council Regulation 4064/89,,,"{""code"":""NaceSectorsJ_60_2"",""label"":""J.60.2 - Television programming and broadcasting activities""}",Normal procedure,,,,NEWSCORP / TELEPIU,,en,M.2876,METADATA_CASE,2003-04-02,32004D0311,,37900,"{""items"":[{""reference"":""L110"",""publishedDate"":""2004-04-16"",""priorPublication"":""false""}]}",2004-04-16,false,"{""items"":[{""reference"":""IP/03/478""}]}",,"{""code"":""DecisionType600"",""label"":""Art. 8(2) with conditions & obligations""}",en,M.2876-DEC37900,METADATA_DECISION
20,364,https://ec.europa.eu/competition/mergers/cases/decisions/m2876_20030402_600_es.pdf,M.2876-DEC37900-ATT493,arbitraj* | procedimiento arbitral*,ES,actividad privada tras el paso de las emisiones de televisión analógicas a las digitales en Italia. Arbitraje l) Newscorp ha propuesto un procedimiento arbitral para garantizar la eficacia de los comp,2026-06-05T15:34:27.180071,,,493,ES,DDOC,Art. 8(2) with conditions & obligations -  - mtf-dec-m-02876-020-2-20030402-0600-pub-es,,,2004-04-02,es,METADATA_DECISION_ATTACHMENT,,,,,,,,,,,,,,,Antitrust,NEWSCORP / TELEPIU | NEWSCORP / TELEPIU / STREAM,,,,,,,2002-10-16,Merger,,2010-07-20,,,2002-10-16,M.2876,2876,{},,{},,,,Council Regulation 4064/89,,,"{""code"":""NaceSectorsJ_60_2"",""label"":""J.60.2 - Television programming and broadcasting activities""}",Normal procedure,,,,NEWSCORP / TELEPIU,,en,M.2876,METADATA_CASE,2003-04-02,32004D0311,,37900,"{""items"":[{""reference"":""L110"",""publishedDate"":""2004-04-16"",""priorPublication"":""false""}]}",2004-04-16,false,"{""items"":[{""reference"":""IP/03/478""}]}",,"{""code"":""DecisionType600"",""label"":""Art. 8(2) with conditions & obligations""}",en,M.2876-DEC37900,METADATA_DECISION
21,366,https://ec.europa.eu/competition/mergers/cases/decisions/m2876_20030402_600_pt.pdf,M.2876-DEC37900-ATT495,arbitrag*,PT,didos após a mudança da televisão analógica terrestre para a televisão analógica digital em Itália; Arbitragem l) a Newscorp propôs um procedimento de arbitragem destinado a garantir o respeito dos co,2026-06-05T15:34:39.712223,,,495,PT,DDOC,Art. 8(2) with conditions & obligations -  - mtf-dec-m-02876-020-2-20030402-0600-pub-pt,,,2004-04-02,pt,METADATA_DECISION_ATTACHMENT,,,,,,,,,,,,,,,Antitrust,NEWSCORP / TELEPIU | NEWSCORP / TELEPIU / STREAM,,,,,,,2002-10-16,Merger,,2010-07-20,,,2002-10-16,M.2876,2876,{},,{},,,,Council Regulation 4064/89,,,"{""code"":""NaceSectorsJ_60_2"",""label"":""J.60.2 - Television programming and broadcasting activities""}",Normal procedure,,,,NEWSCORP / TELEPIU,,en,M.2876,METADATA_CASE,2003-04-02,32004D0311,,37900,"{""items"":[{""reference"":""L110"",""publishedDate"":""2004-04-16"",""priorPublication"":""false""}]}",2004-04-16,false,"{""items"":[{""reference"":""IP/03/478""}]}",,"{""code"":""DecisionType600"",""label"":""Art. 8(2) with conditions & obligations""}",en,M.2876-DEC37900,METADATA_DECISION
22,368,https://ec.europa.eu/competition/mergers/cases/decisions/m2876_20030402_600_fr.pdf,M.2876-DEC37900-ATT497,arbitrag*,FR,diodiffusion télévisuelle hertzienne analogique à la radiodiffusion hertzienne numérique en Italie. Arbitrage l) Newscorp propose une procédure d'arbitrage pour garantir l'efficacité des engagements.,2026-06-05T15:34:52.287542,,,497,FR,DDOC,Art. 8(2) with conditions & obligations -  - mtf-dec-m-02876-020-2-20030402-0600-pub-fr,,,2004-04-02,fr,METADATA_DECISION_ATTACHMENT,,,,,,,,,,,,,,,Antitrust,NEWSCORP / TELEPIU | NEWSCORP / TELEPIU / STREAM,,,,,,,2002-10-16,Merger,,2010-07-20,,,2002-10-16,M.2876,2876,{},,{},,,,Council Regulation 4064/89,,,"{""code"":""NaceSectorsJ_60_2"",""label"":""J.60.2 - Television programming and broadcasting activities""}",Normal procedure,,,,NEWSCORP / TELEPIU,,en,M.2876,METADATA_CASE,2003-04-02,32004D0311,,37900,"{""items"":[{""reference"":""L110"",""publishedDate"":""2004-04-16"",""priorPublication"":""false""}]}",2004-04-16,false,"{""items"":[{""reference"":""IP/03/478""}]}",,"{""code"":""DecisionType600"",""label"":""Art. 8(2) with conditions & obligations""}",en,M.2876-DEC37900,METADATA_DECISION
23,369,https://ec.europa.eu/competition/mergers/cases/decisions/m2876_20030402_600_fi.pdf,M.2876-DEC37900-ATT500,välimies* | välimiesmenettel*,FI,een kun Italiassa on siirrytty maanpäällisen verkon analogisista lähetyksistä digitaalilähetyksiin. Välimiesmenettely l) Newscorp on ehdottanut välimiesmenettelyä sitoumusten täytäntöönpanon takaamise,2026-06-05T15:34:57.398738,,,500,FI,DDOC,Art. 8(2) with conditions & obligations -  - mtf-dec-m-02876-020-2-20030402-0600-pub-fi,,,2004-04-02,fi,METADATA_DECISION_ATTACHMENT,,,,,,,,,,,,,,,Antitrust,NEWSCORP / TELEPIU | NEWSCORP / TELEPIU / STREAM,,,,,,,2002-10-16,Merger,,2010-07-20,,,2002-10-16,M.2876,2876,{},,{},,,,Council Regulation 4064/89,,,"{""code"":""NaceSectorsJ_60_2"",""label"":""J.60.2 - Television programming and broadcasting activities""}",Normal procedure,,,,NEWSCORP / TELEPIU,,en,M.2876,METADATA_CASE,2003-04-02,32004D0311,,37900,"{""items"":[{""reference"":""L110"",""publishedDate"":""2004-04-16"",""priorPublication"":""false""}]}",2004-04-16,false,"{""items"":[{""reference"":""IP/03/478""}]}",,"{""code"":""DecisionType600"",""label"":""Art. 8(2) with conditions & obligations""}",en,M.2876-DEC37900,METADATA_DECISION
24,371,https://ec.europa.eu/competition/mergers/cases/decisions/m2876_20030402_600_el.pdf,M.2876-DEC37900-ATT502,διαιτη*,EL,ική σε ψηφιακή χερσαία τηλεοπτική µετάδοση στην Ιταλία. ∆ιαιτησία l) Η Newscorp πρότεινε διαδικασία διαιτησίας προκειµένου να διασφαλιστεί η αποτελεσµατικότητα των δεσµεύσεων. Το σύστηµα διαιτησίας πε,2026-06-05T15:35:13.878348,,,502,EL,DDOC,Art. 8(2) with conditions & obligations -  - mtf-dec-m-02876-020-2-20030402-0600-pub-el,,,2004-04-02,el,METADATA_DECISION_ATTACHMENT,,,,,,,,,,,,,,,Antitrust,NEWSCORP / TELEPIU | NEWSCORP / TELEPIU / STREAM,,,,,,,2002-10-16,Merger,,2010-07-20,,,2002-10-16,M.2876,2876,{},,{},,,,Council Regulation 4064/89,,,"{""code"":""NaceSectorsJ_60_2"",""label"":""J.60.2 - Television programming and broadcasting activities""}",Normal procedure,,,,NEWSCORP / TELEPIU,,en,M.2876,METADATA_CASE,2003-04-02,32004D0311,,37900,"{""items"":[{""reference"":""L110"",""publishedDate"":""2004-04-16"",""priorPublication"":""false""}]}",2004-04-16,false,"{""items"":[{""reference"":""IP/03/478""}]}",,"{""code"":""DecisionType600"",""label"":""Art. 8(2) with conditions & obligations""}",en,M.2876-DEC37900,METADATA_DECISION
25,372,https://ec.europa.eu/competition/mergers/cases/decisions/m2876_20030402_600_nl.pdf,M.2876-DEC37900-ATT503,arbitrag*,NL,- uitzendingen - betaaltelevisie-uitzendingen of meerdere kanalen in haar bedrijfsplan op te nemen. Arbitrage l) Newscorp heeft een arbitrageprocedure voorgesteld om de effectiviteit van de verplichti,2026-06-05T15:35:21.169013,,,503,NL,DDOC,Art. 8(2) with conditions & obligations -  - mtf-dec-m-02876-020-2-20030402-0600-pub-nl,,,2004-04-02,nl,METADATA_DECISION_ATTACHMENT,,,,,,,,,,,,,,,Antitrust,NEWSCORP / TELEPIU | NEWSCORP / TELEPIU / STREAM,,,,,,,2002-10-16,Merger,,2010-07-20,,,2002-10-16,M.2876,2876,{},,{},,,,Council Regulation 4064/89,,,"{""code"":""NaceSectorsJ_60_2"",""label"":""J.60.2 - Television programming and broadcasting activities""}",Normal procedure,,,,NEWSCORP / TELEPIU,,en,M.2876,METADATA_CASE,2003-04-02,32004D0311,,37900,"{""items"":[{""reference"":""L110"",""publishedDate"":""2004-04-16"",""priorPublication"":""false""}]}",2004-04-16,false,"{""items"":[{""reference"":""IP/03/478""}]}",,"{""code"":""DecisionType600"",""label"":""Art. 8(2) with conditions & obligations""}",en,M.2876-DEC37900,METADATA_DECISION
26,391,https://ec.europa.eu/competition/mergers/cases/decisions/m912_de.pdf,M.912-DEC39039-ATT4,Schiedsverfahren* | Schieds*,DE,"rträge). Für den Fall, daß eine Einigung zwischen den Gesellschaftern nicht zustande kommt, ist ein Schiedsverfahren vorgesehen und, soweit dieses ohne Ergebnis bleibt, kann das Ausscheiden von Siemen",2026-06-05T15:35:57.005275,,,4,DE,DDOC,Art. 6(1)(b) -  - mtf-dec-m-00912-020-1-19970429-0310-pub-de,,,2004-12-07,de,METADATA_DECISION_ATTACHMENT,,,,,,,,,,,,,,,Antitrust,SIEMENS / HUF,,1997-04-29,,,,,1997-03-21,Merger,,1997-04-29,,,1997-03-21,M.912,912,{},,{},,,,Council Regulation 4064/89,,,"{""code"":""NaceSectorsC_29_3_2"",""label"":""C.29.32 - Manufacture of other parts and accessories for motor vehicles""}",Normal procedure,,,,SIEMENS / HUF,,en,M.912,METADATA_CASE,1997-04-29,,,39039,"{""items"":[{""reference"":""C214"",""publishedDate"":""1997-07-16"",""priorPublication"":""false""}]}",1997-07-16,false,,,"{""code"":""DecisionType310"",""label"":""Art. 6(1)(b)""}",en,M.912-DEC39039,METADATA_DECISION
27,411,https://ec.europa.eu/competition/mergers/cases/decisions/m1557_fr.pdf,M.1557-DEC39824-ATT3,arbitrag*,FR,"ce d’électricité. 26. En effet, d’une part, la possibilité que les négociants puissent réaliser des arbitrages sur les prix de l’électricité dans différents Etats membres dépend de la facilité avec la",2026-06-05T15:36:07.807141,,,3,FR,DDOC,Art. 6(1)(b) with conditions & obligations -  - mtf-dec-m-01557-020-1-19990928-0440-pub-fr,,,2004-12-07,fr,METADATA_DECISION_ATTACHMENT,,,,,,,,,,,,,,,Antitrust,EDF / LOUIS DREYFUS,,,,,,,1999-08-16,Merger,,1999-09-28,,,1999-08-16,M.1557,1557,,,,,,,Council Regulation 4064/89,,,"{""code"":""NaceSectorsD_35_1"",""label"":""D.35.1 - Electric power generation, transmission and distribution""}",Normal procedure,false,,,EDF / LOUIS DREYFUS,,en,M.1557,METADATA_CASE,1999-09-28,,,39824,"{""items"":[{""reference"":""C323"",""publishedDate"":""1999-11-11"",""priorPublication"":""false""}]}",1999-11-11,false,,,"{""code"":""DecisionType440"",""label"":""Art. 6(1)(b) with conditions & obligations""}",en,M.1557-DEC39824,METADATA_DECISION
28,431,https://ec.europa.eu/competition/mergers/cases/decisions/m2413_en.pdf,M.2413-DEC40838-ATT4,arbitrat*,EN,"ed ""non-finance-related"" contracts (about 55-65% of the market). Under the former contract type, an arbitration mechanism ensures that annually-variable contract terms are reached, even where the conc",2026-06-05T15:36:17.334574,,,4,EN,DDOC,Art. 6(1)(b) -  - mtf-dec-m-02413-020-1-20010614-0310-pub-en,,,2004-12-07,en,METADATA_DECISION_ATTACHMENT,,,,,,,,,,,,,,,Antitrust,BHP / BILLITON | BHP / BILLITON (see ECSC.1356),,2001-06-14,,,,,2001-05-10,Merger,,2001-06-14,,,2001-05-10,M.2413,2413,,,,,,,Council Regulation 4064/89,,,"{""code"":""NaceSectorsB_7_2_9"",""label"":""B.07.29 - Mining of other non-ferrous metal ores""}",Normal procedure,false,,,BHP / BILLITON (see ECSC.1356),,en,M.2413,METADATA_CASE,2001-06-14,,,40838,"{""items"":[{""reference"":""C238"",""publishedDate"":""2001-08-24"",""priorPublication"":""false""}]}",2001-08-24,false,"{""items"":[{""reference"":""IP/01/841""}]}",,"{""code"":""DecisionType310"",""label"":""Art. 6(1)(b)""}",en,M.2413-DEC40838,METADATA_DECISION
29,451,https://ec.europa.eu/competition/mergers/cases/decisions/m2416_20030113_440_2212884_EN.pdf,M.2416-DEC{A7084AC0-560E-4E41-9D37-FF688A1C4ECF}-ATT40,arbitrat*,EN,aval for the granting of the licence will take the form of a fixed flat fee subject to a ‘pendulum’ arbitration procedure in the case of a dispute arising between Tetra and prospective licensees. Tetr,2026-06-05T15:36:30.520199,"{""code"":""DocumentCategory0587"",""label"":""Decision - web publication""}",2012-02-08,40,EN,,,2012-02-09,,2012-02-08,en,METADATA_DECISION_ATTACHMENT,,,,,,,,,,,,,,,,,,,Competition DG,,,"{""items"":[{}]}",2001-03-26,Merger,,2003-01-13,,,2001-05-18,M.2416,2416,"{""items"":[{""reference"":""L:2002:277:"",""webDescription"":"""",""pageNumber"":"""",""referenceNumber"":""277"",""referenceYear"":""2002"",""referenceSeries"":""L"",""publishedDate"":""2002-11-14""}]}",2002-11-14,"{""items"":[{}]}",,,,Council Regulation 4064/89,,,"{""code"":""NaceSectorsC_28_9_3"",""label"":""C.28.93 - Manufacture of machinery for food, beverage and tobacco processing""}",Normal,,"{""items"":[{}]}",,TETRA LAVAL / SIDEL,"{""code"":""MergerCaseType1"",""label"":""Merger""}",en,M.2416,METADATA_CASE,2003-01-13,,"{""items"":[{}]}",{A7084AC0-560E-4E41-9D37-FF688A1C4ECF},"{""items"":[{}]}",,,"{""items"":[{""reference"":""IP_03_36"",""webDescription"":"""",""publicationDate"":""2003-01-13""}]}",2003-01-13,"{""code"":""DecisionType440"",""label"":""Art. 6(1)(b) with conditions & obligations""}",en,M.2416-DEC{A7084AC0-560E-4E41-9D37-FF688A1C4ECF},METADATA_DECISION
30,460,https://ec.europa.eu/competition/mergers/cases/decisions/m1578_en.pdf,M.1578-DEC39850-ATT5,arbitrat*,EN,"uments, as the Trustee may reasonably require in order to carry out its mandate. 20. An independent arbitrator jointly proposed by Sanitec and the prospective purchaser and approved of by the Commissi",2026-06-05T15:36:51.911629,,,5,EN,DDOC,Art. 8(2) with conditions & obligations -  - mtf-dec-m-01578-020-2-19991201-0600-pub-en,,,2004-12-07,en,METADATA_DECISION_ATTACHMENT,,,,,,,,,,,,,,,Antitrust,SANITEC / SPHINX,,,,,,,1999-07-01,Merger,,1999-12-01,,,1999-07-01,M.1578,1578,,,,,,,Council Regulation 4064/89,,,"{""code"":""NaceSectorsC_33_2_0"",""label"":""C.33.20 - Installation of industrial machinery and equipment""}",Normal procedure,false,,,SANITEC / SPHINX,,en,M.1578,METADATA_CASE,1999-12-01,32000D0718,,39850,"{""items"":[{""reference"":""L294"",""publishedDate"":""2000-11-22"",""priorPublication"":""false""}]}",2000-11-22,false,,,"{""code"":""DecisionType600"",""label"":""Art. 8(2) with conditions & obligations""}",en,M.1578-DEC39850,METADATA_DECISION
31,466,https://ec.europa.eu/competition/mergers/cases/decisions/m2420_20011030_600_de.pdf,M.2420-DEC40846-ATT15,Schieds*,DE,"en. (99) Nach Auffassung der Parteien sind alle drei Erzsorten (Feinerz, Pellets und Stückerz) unterschiedslos einem einzigen relevanten Produktmarkt zuzuordnen. Ihrer Meinung nach sind die verschiede",2026-06-05T15:37:00.738805,,,15,DE,DDOC,Art. 8(2) with conditions & obligations -  - mtf-dec-m-02420-020-2-20011030-0600-pub-de,,,2004-03-26,de,METADATA_DECISION_ATTACHMENT,,,,,,,,,,,,,,,Antitrust,MITSUI / CVRD / CAEMI,,,,,,,2001-05-31,Merger,,2001-10-30,,,2001-05-31,M.2420,2420,,,,,,,Council Regulation 4064/89,,,"{""code"":""NaceSectorsB_7"",""label"":""B.07 - Mining of metal ores""}",Normal procedure,false,,,MITSUI / CVRD / CAEMI,,en,M.2420,METADATA_CASE,2001-10-30,,,40846,"{""items"":[{""reference"":""L92"",""publishedDate"":""2004-03-30"",""priorPublication"":""false""}]}",2004-03-30,false,"{""items"":[{""reference"":""IP/01/1515""}]}",,"{""code"":""DecisionType600"",""label"":""Art. 8(2) with conditions & obligations""}",en,M.2420-DEC40846,METADATA_DECISION
32,491,https://ec.europa.eu/competition/mergers/cases/decisions/m2434_20010926_600_de.pdf,M.2434-DEC40864-ATT18,Schieds*,DE,"nnung von über 1 000 Volt versorgt werden.8 Ab dem 1. Januar 2003 werden alle Stromverbraucher unterschiedslos der Kategorie der zugelassenen Kunden angehören, auch wenn bis zum Januar 2007 weiterhin",2026-06-05T15:38:06.552481,,,18,DE,DDOC,Art. 8(2) with conditions & obligations -  - mtf-dec-m-02434-020-2-20010926-0600-pub-de,,,2003-11-27,de,METADATA_DECISION_ATTACHMENT,,,,,,,,,,,,,,,Antitrust,GRUPO VILLAR MIR / ENBW / HIDROELECTRICA DEL CANTABRICO | GROUP VILLAR MIR / ENBW / HIDROELECTRICA DEL CANTABRICO,,,,"{""items"":[{""date"":""2001-05-14"",""name"":""Art. 9 request received on"",""type"":""MEvent12""}]}",2001-05-14,,2001-04-10,Merger,,2001-09-26,,,2001-04-10,M.2434,2434,,,,,,,Council Regulation 4064/89,,,"{""code"":""NaceSectorsD_35_1"",""label"":""D.35.1 - Electric power generation, transmission and distribution""}",Normal procedure,false,,,GRUPO VILLAR MIR / ENBW / HIDROELECTRICA DEL CANTABRICO,,en,M.2434,METADATA_CASE,2001-09-26,32004D0135,,40864,"{""items"":[{""reference"":""L48"",""publishedDate"":""2004-02-18"",""priorPublication"":""false""}]}",2004-02-18,false,"{""items"":[{""reference"":""IP/01/1320""}]}",,"{""code"":""DecisionType600"",""label"":""Art. 8(2) with conditions & obligations""}",en,M.2434-DEC40864,METADATA_DECISION
33,638,https://ec.europa.eu/competition/mergers/cases/decisions/m993_19980527_610_el.pdf,M.993-DEC39151-ATT17,διαιτη*,EL,"ση. Όσον αφορά τους όρους και ιδίως τα τέλη αδείας εάν δεν επιτευχθεί συµφωνία, γίνεται προσφυγή σε διαιτησία η οποία λαµβάνει την τελική απόφαση. 130. Η BetaResearch αναλαµβάνει τη δέσµευση να ανοίξε",2026-06-05T15:39:48.796242,,,17,EL,DDOC,Art. 8(3) -  - mtf-dec-m-00993-020-2-19980527-0610-pub-el,,,2004-12-07,el,METADATA_DECISION_ATTACHMENT,,,,,,,,,,,,,,,Antitrust,BERTELSMANN / KIRCH / PREMIERE | BERTELSMANN / KIRCH,,1998-06-03,,"{""items"":[{""date"":""1997-12-22"",""name"":""Art. 9 request received on"",""type"":""MEvent12""}]}",1997-12-22,,1997-12-01,Merger,,1998-05-27,,,1997-12-01,M.993,993,,,,,,,Council Regulation 4064/89,,,"{""code"":""NaceSectorsJ_60_2"",""label"":""J.60.2 - Television programming and broadcasting activities""}",Normal procedure,false,,,BERTELSMANN / KIRCH / PREMIERE,,en,M.993,METADATA_CASE,1998-05-27,31999D0153,,39151,"{""items"":[{""reference"":""L53"",""publishedDate"":""1999-02-27"",""priorPublication"":""false""}]}",1999-02-27,false,,,"{""code"":""DecisionType610"",""label"":""Art. 8(3)""}",en,M.993-DEC39151,METADATA_DECISION
34,639,https://ec.europa.eu/competition/mergers/cases/decisions/m993_19980527_610_sv.pdf,M.993-DEC39151-ATT18,skiljeförfar* | skiljedom*,SV,"ngligt standardavtal. Om enighet om villkoren, framför allt om licensavgifterna, inte nås, skall en skiljedomstol fatta det slutliga beslutet om huruvida villkoren är skäliga. 130. BetaResearch åtar s",2026-06-05T15:39:51.816354,,,18,SV,DDOC,Art. 8(3) -  - mtf-dec-m-00993-020-2-19980527-0610-pub-sv,,,2004-12-07,sv,METADATA_DECISION_ATTACHMENT,,,,,,,,,,,,,,,Antitrust,BERTELSMANN / KIRCH / PREMIERE | BERTELSMANN / KIRCH,,1998-06-03,,"{""items"":[{""date"":""1997-12-22"",""name"":""Art. 9 request received on"",""type"":""MEvent12""}]}",1997-12-22,,1997-12-01,Merger,,1998-05-27,,,1997-12-01,M.993,993,,,,,,,Council Regulation 4064/89,,,"{""code"":""NaceSectorsJ_60_2"",""label"":""J.60.2 - Television programming and broadcasting activities""}",Normal procedure,false,,,BERTELSMANN / KIRCH / PREMIERE,,en,M.993,METADATA_CASE,1998-05-27,31999D0153,,39151,"{""items"":[{""reference"":""L53"",""publishedDate"":""1999-02-27"",""priorPublication"":""false""}]}",1999-02-27,false,,,"{""code"":""DecisionType610"",""label"":""Art. 8(3)""}",en,M.993-DEC39151,METADATA_DECISION
35,640,https://ec.europa.eu/competition/mergers/cases/decisions/m993_19980527_610_es.pdf,M.993-DEC39151-ATT19,arbitraj*,ES,"do sobre las condiciones -en particular, los derechos de licencia-, se recurrirá a una instancia de arbitraje, que adoptará una decisión definitiva sobre la proporcionalidad de las condiciones. 130. B",2026-06-05T15:39:54.541777,,,19,ES,DDOC,Art. 8(3) -  - mtf-dec-m-00993-020-2-19980527-0610-pub-es,,,2004-12-07,es,METADATA_DECISION_ATTACHMENT,,,,,,,,,,,,,,,Antitrust,BERTELSMANN / KIRCH / PREMIERE | BERTELSMANN / KIRCH,,1998-06-03,,"{""items"":[{""date"":""1997-12-22"",""name"":""Art. 9 request received on"",""type"":""MEvent12""}]}",1997-12-22,,1997-12-01,Merger,,1998-05-27,,,1997-12-01,M.993,993,,,,,,,Council Regulation 4064/89,,,"{""code"":""NaceSectorsJ_60_2"",""label"":""J.60.2 - Television programming and broadcasting activities""}",Normal procedure,false,,,BERTELSMANN / KIRCH / PREMIERE,,en,M.993,METADATA_CASE,1998-05-27,31999D0153,,39151,"{""items"":[{""reference"":""L53"",""publishedDate"":""1999-02-27"",""priorPublication"":""false""}]}",1999-02-27,false,,,"{""code"":""DecisionType610"",""label"":""Art. 8(3)""}",en,M.993-DEC39151,METADATA_DECISION
36,641,https://ec.europa.eu/competition/mergers/cases/decisions/m993_19980527_610_da.pdf,M.993-DEC39151-ATT22,voldgift*,DA,"andardkontrakt. Kan parterne ikke nå til enighed om vilkårene heri, navnlig licensafgifter, skal en voldgiftsinstans træffe afgørelse om, hvorvidt vilkårene er rimelige. 130. BetaResearch forpligter s",2026-06-05T15:39:57.431409,,,22,DA,DDOC,Art. 8(3) -  - mtf-dec-m-00993-020-2-19980527-0610-pub-da,,,2004-12-07,da,METADATA_DECISION_ATTACHMENT,,,,,,,,,,,,,,,Antitrust,BERTELSMANN / KIRCH / PREMIERE | BERTELSMANN / KIRCH,,1998-06-03,,"{""items"":[{""date"":""1997-12-22"",""name"":""Art. 9 request received on"",""type"":""MEvent12""}]}",1997-12-22,,1997-12-01,Merger,,1998-05-27,,,1997-12-01,M.993,993,,,,,,,Council Regulation 4064/89,,,"{""code"":""NaceSectorsJ_60_2"",""label"":""J.60.2 - Television programming and broadcasting activities""}",Normal procedure,false,,,BERTELSMANN / KIRCH / PREMIERE,,en,M.993,METADATA_CASE,1998-05-27,31999D0153,,39151,"{""items"":[{""reference"":""L53"",""publishedDate"":""1999-02-27"",""priorPublication"":""false""}]}",1999-02-27,false,,,"{""code"":""DecisionType610"",""label"":""Art. 8(3)""}",en,M.993-DEC39151,METADATA_DECISION
37,642,https://ec.europa.eu/competition/mergers/cases/decisions/m993_19980527_610_de.pdf,M.993-DEC39151-ATT23,Schiedsgericht* | Schieds*,DE,"die Lizenzgebühren, keine Einigung zustandekommt, wird über die Angemessenheit der Konditionen eine Schiedsinstanz abschließend entscheiden. 130. BetaResearch verpflichtet sich bis Ende 1998, die API-",2026-06-05T15:39:59.828606,,,23,DE,DDOC,Art. 8(3) -  - mtf-dec-m-00993-020-2-19980527-0610-pub-de,,,2004-12-07,de,METADATA_DECISION_ATTACHMENT,,,,,,,,,,,,,,,Antitrust,BERTELSMANN / KIRCH / PREMIERE | BERTELSMANN / KIRCH,,1998-06-03,,"{""items"":[{""date"":""1997-12-22"",""name"":""Art. 9 request received on"",""type"":""MEvent12""}]}",1997-12-22,,1997-12-01,Merger,,1998-05-27,,,1997-12-01,M.993,993,,,,,,,Council Regulation 4064/89,,,"{""code"":""NaceSectorsJ_60_2"",""label"":""J.60.2 - Television programming and broadcasting activities""}",Normal procedure,false,,,BERTELSMANN / KIRCH / PREMIERE,,en,M.993,METADATA_CASE,1998-05-27,31999D0153,,39151,"{""items"":[{""reference"":""L53"",""publishedDate"":""1999-02-27"",""priorPublication"":""false""}]}",1999-02-27,false,,,"{""code"":""DecisionType610"",""label"":""Art. 8(3)""}",en,M.993-DEC39151,METADATA_DECISION
38,643,https://ec.europa.eu/competition/mergers/cases/decisions/m993_19980527_610_en.pdf,M.993-DEC39151-ATT24,arbitrat*,EN,"standard contract. If no agreement is reached on the conditions, in particular the licence fees, an arbitration body will take a final decision as to their appropriateness. 130. BetaResearch undertake",2026-06-05T15:40:02.750997,,,24,EN,DDOC,Art. 8(3) -  - mtf-dec-m-00993-020-2-19980527-0610-pub-en,,,2004-12-07,en,METADATA_DECISION_ATTACHMENT,,,,,,,,,,,,,,,Antitrust,BERTELSMANN / KIRCH / PREMIERE | BERTELSMANN / KIRCH,,1998-06-03,,"{""items"":[{""date"":""1997-12-22"",""name"":""Art. 9 request received on"",""type"":""MEvent12""}]}",1997-12-22,,1997-12-01,Merger,,1998-05-27,,,1997-12-01,M.993,993,,,,,,,Council Regulation 4064/89,,,"{""code"":""NaceSectorsJ_60_2"",""label"":""J.60.2 - Television programming and broadcasting activities""}",Normal procedure,false,,,BERTELSMANN / KIRCH / PREMIERE,,en,M.993,METADATA_CASE,1998-05-27,31999D0153,,39151,"{""items"":[{""reference"":""L53"",""publishedDate"":""1999-02-27"",""priorPublication"":""false""}]}",1999-02-27,false,,,"{""code"":""DecisionType610"",""label"":""Art. 8(3)""}",en,M.993-DEC39151,METADATA_DECISION
39,644,https://ec.europa.eu/competition/mergers/cases/decisions/m993_19980527_610_fi.pdf,M.993-DEC39151-ATT25,välitysl* | välimies* | välimiesmenettel* | välityslautakunta*,FI,"rjestelmään (pakkolupa). Jos ehdoista, varsinkin käyttöluvan maksuista, ei päästä yksimielisyyteen, välityslautakunta tekee lopullisen päätöksen ehtojen kohtuullisuudesta. 130. BetaResearch sitoutuu a",2026-06-05T15:40:05.249271,,,25,FI,DDOC,Art. 8(3) -  - mtf-dec-m-00993-020-2-19980527-0610-pub-fi,,,2004-12-07,fi,METADATA_DECISION_ATTACHMENT,,,,,,,,,,,,,,,Antitrust,BERTELSMANN / KIRCH / PREMIERE | BERTELSMANN / KIRCH,,1998-06-03,,"{""items"":[{""date"":""1997-12-22"",""name"":""Art. 9 request received on"",""type"":""MEvent12""}]}",1997-12-22,,1997-12-01,Merger,,1998-05-27,,,1997-12-01,M.993,993,,,,,,,Council Regulation 4064/89,,,"{""code"":""NaceSectorsJ_60_2"",""label"":""J.60.2 - Television programming and broadcasting activities""}",Normal procedure,false,,,BERTELSMANN / KIRCH / PREMIERE,,en,M.993,METADATA_CASE,1998-05-27,31999D0153,,39151,"{""items"":[{""reference"":""L53"",""publishedDate"":""1999-02-27"",""priorPublication"":""false""}]}",1999-02-27,false,,,"{""code"":""DecisionType610"",""label"":""Art. 8(3)""}",en,M.993-DEC39151,METADATA_DECISION
40,645,https://ec.europa.eu/competition/mergers/cases/decisions/m993_19980527_610_fr.pdf,M.993-DEC39151-ATT26,arbitrag*,FR,"modalités, en particulier sur les redevances à verser en contrepartie des licences, une instance d'arbitrage apprécierait de manière définitive l'adéquation des conditions d'octroi des licences. 130.",2026-06-05T15:40:08.113566,,,26,FR,DDOC,Art. 8(3) -  - mtf-dec-m-00993-020-2-19980527-0610-pub-fr,,,2004-12-07,fr,METADATA_DECISION_ATTACHMENT,,,,,,,,,,,,,,,Antitrust,BERTELSMANN / KIRCH / PREMIERE | BERTELSMANN / KIRCH,,1998-06-03,,"{""items"":[{""date"":""1997-12-22"",""name"":""Art. 9 request received on"",""type"":""MEvent12""}]}",1997-12-22,,1997-12-01,Merger,,1998-05-27,,,1997-12-01,M.993,993,,,,,,,Council Regulation 4064/89,,,"{""code"":""NaceSectorsJ_60_2"",""label"":""J.60.2 - Television programming and broadcasting activities""}",Normal procedure,false,,,BERTELSMANN / KIRCH / PREMIERE,,en,M.993,METADATA_CASE,1998-05-27,31999D0153,,39151,"{""items"":[{""reference"":""L53"",""publishedDate"":""1999-02-27"",""priorPublication"":""false""}]}",1999-02-27,false,,,"{""code"":""DecisionType610"",""label"":""Art. 8(3)""}",en,M.993-DEC39151,METADATA_DECISION
41,646,https://ec.europa.eu/competition/mergers/cases/decisions/m993_19980527_610_it.pdf,M.993-DEC39151-ATT27,arbitral*,IT,"in particolare sui canoni di licenza, sulla loro congruità deciderebbe inappellabilmente un organo arbitrale. 130. BetaResearch si impegna a rendere pubblica, entro la fine del 1998, l’interfaccia AP",2026-06-05T15:40:11.058859,,,27,IT,DDOC,Art. 8(3) -  - mtf-dec-m-00993-020-2-19980527-0610-pub-it,,,2004-12-07,it,METADATA_DECISION_ATTACHMENT,,,,,,,,,,,,,,,Antitrust,BERTELSMANN / KIRCH / PREMIERE | BERTELSMANN / KIRCH,,1998-06-03,,"{""items"":[{""date"":""1997-12-22"",""name"":""Art. 9 request received on"",""type"":""MEvent12""}]}",1997-12-22,,1997-12-01,Merger,,1998-05-27,,,1997-12-01,M.993,993,,,,,,,Council Regulation 4064/89,,,"{""code"":""NaceSectorsJ_60_2"",""label"":""J.60.2 - Television programming and broadcasting activities""}",Normal procedure,false,,,BERTELSMANN / KIRCH / PREMIERE,,en,M.993,METADATA_CASE,1998-05-27,31999D0153,,39151,"{""items"":[{""reference"":""L53"",""publishedDate"":""1999-02-27"",""priorPublication"":""false""}]}",1999-02-27,false,,,"{""code"":""DecisionType610"",""label"":""Art. 8(3)""}",en,M.993-DEC39151,METADATA_DECISION
42,647,https://ec.europa.eu/competition/mergers/cases/decisions/m993_19980527_610_pt.pdf,M.993-DEC39151-ATT28,arbitrag*,PT,"dições do contrato, mais concretamente sobre as royalties a pagar, recorrer-se-á a uma instância de arbitragem que decidirá de forma definitiva sobre o carácter razoável das condições impostas. 130. A",2026-06-05T15:40:14.319729,,,28,PT,DDOC,Art. 8(3) -  - mtf-dec-m-00993-020-2-19980527-0610-pub-pt,,,2004-12-07,pt,METADATA_DECISION_ATTACHMENT,,,,,,,,,,,,,,,Antitrust,BERTELSMANN / KIRCH / PREMIERE | BERTELSMANN / KIRCH,,1998-06-03,,"{""items"":[{""date"":""1997-12-22"",""name"":""Art. 9 request received on"",""type"":""MEvent12""}]}",1997-12-22,,1997-12-01,Merger,,1998-05-27,,,1997-12-01,M.993,993,,,,,,,Council Regulation 4064/89,,,"{""code"":""NaceSectorsJ_60_2"",""label"":""J.60.2 - Television programming and broadcasting activities""}",Normal procedure,false,,,BERTELSMANN / KIRCH / PREMIERE,,en,M.993,METADATA_CASE,1998-05-27,31999D0153,,39151,"{""items"":[{""reference"":""L53"",""publishedDate"":""1999-02-27"",""priorPublication"":""false""}]}",1999-02-27,false,,,"{""code"":""DecisionType610"",""label"":""Art. 8(3)""}",en,M.993-DEC39151,METADATA_DECISION
43,798,https://ec.europa.eu/competition/mergers/cases/decisions/m2389_20011220_600_en.pdf,M.2389-DEC37865-ATT11,arbitrat*,EN,and construed in all respects in accordance with the material laws of the Netherlands. Article 16 - Arbitration 16.1 All disputes arising out or relating to this agreement that cannot be resolved betw,2026-06-05T15:42:29.669063,,,11,EN,DDOC,Art. 8(2) with conditions & obligations -  - m2389en-decision_with_annex-web,,,2006-07-07,en,METADATA_DECISION_ATTACHMENT,,,,,,,,,,,,,,,Antitrust,SHELL / DEA,,,,"{""items"":[{""date"":""2001-08-03"",""name"":""Art. 9 request received on"",""type"":""MEvent12""}]}",2001-08-03,,2001-07-10,Merger,,2001-12-20,,,2001-07-10,M.2389,2389,,,,,,,Council Regulation 4064/89,,,"{""code"":""NaceSectorsC_19"",""label"":""C.19 - Manufacture of coke and refined petroleum products""} | {""code"":""NaceSectorsC_20"",""label"":""C.20 - Manufacture of chemicals and chemical products""}",Normal procedure,false,,,SHELL / DEA,,en,M.2389,METADATA_CASE,2001-12-20,32003D0026,,37865,"{""items"":[{""reference"":""L15"",""publishedDate"":""2003-01-21"",""priorPublication"":""false""}]}",2003-01-21,false,"{""items"":[{""reference"":""IP/01/1893""}]}",,"{""code"":""DecisionType600"",""label"":""Art. 8(2) with conditions & obligations""}",en,M.2389-DEC37865,METADATA_DECISION
44,876,https://ec.europa.eu/competition/mergers/cases/decisions/m3255_20040707_1265_de.pdf,M.3255-DEC41757-ATT16,Schieds*,DE,"gungen verbundene „Tetra II-Genehmigungsentscheidung“). 5. Tetra verpflichtete sich daraufhin, unterschiedslos jedem Dritten auf dessen Verlangen hin eine Lizenz für sämtliche Patente zu gewähren, die",2026-06-05T15:43:45.719989,,,16,DE,DDOC,Art. 14 (AddProc) -  - m3255-14(1)-DE-web,,,2005-03-16,de,METADATA_DECISION_ATTACHMENT,,,,,,,,,,,,,,,Antitrust,TETRA LAVAL / SIDEL (Art. 14.1 proc.),,,,,,,2003-07-31,Merger,,2004-07-07,,,2003-07-31,M.3255,3255,,,,,,,Council Regulation 4064/89,,,,Normal procedure,false,,,TETRA LAVAL / SIDEL (Art. 14.1 proc.),,en,M.3255,METADATA_CASE,2004-07-07,,,41757,"{""items"":[{""reference"":""L98"",""publishedDate"":""2005-04-16"",""priorPublication"":""false""}]}",2005-04-16,false,"{""items"":[{""reference"":""IP/04/863""}]}",,"{""code"":""DecisionType1265"",""label"":""Art. 14""}",en,M.3255-DEC41757,METADATA_DECISION
45,917,https://ec.europa.eu/competition/mergers/cases/decisions/m1097_en.pdf,M.1097-DEC39294-ATT3,arbitrat*,EN,"ses of disagreement between the parties the casting votes can only be exercised after a three stage arbitration and reconciliation procedure, stretching over a ninety days period, has been complied 1",2026-06-05T15:44:02.322511,,,3,EN,DDOC,Art. 6(1)(b) -  - mtf-dec-m-01097-020-1-19980804-0310-pub-en,,,2004-12-07,en,METADATA_DECISION_ATTACHMENT,,,,,,,,,,,,,,,Antitrust,WACKER / AIR PRODUCTS,,1998-08-04,,,,,1998-07-02,Merger,,1998-08-04,,,1998-07-02,M.1097,1097,,,,,,,Council Regulation 4064/89,,,"{""code"":""NaceSectorsC_20"",""label"":""C.20 - Manufacture of chemicals and chemical products""}",Normal procedure,false,,,WACKER / AIR PRODUCTS,,en,M.1097,METADATA_CASE,1998-08-04,,,39294,"{""items"":[{""reference"":""C324"",""publishedDate"":""1998-10-22"",""priorPublication"":""false""}]}",1998-10-22,false,,,"{""code"":""DecisionType310"",""label"":""Art. 6(1)(b)""}",en,M.1097-DEC39294,METADATA_DECISION
46,939,https://ec.europa.eu/competition/mergers/cases/decisions/m358_en.pdf,M.358-DEC38360-ATT3,arbitrat*,EN,"der the sole control of Glaverbel. With regard to Ilved, SIV and Glaverbel are currently engaged in arbitration in Geneva as well as in court proceedings in Brussels and Vasto (Italy). Saint Gobain an",2026-06-05T15:44:12.740366,,,3,EN,DDOC,Art. 8(2) -  - m0358,,,2009-02-20,en,METADATA_DECISION_ATTACHMENT,,,,,,,,,,,,,,,Antitrust,PILKINGTON / SIV,,1994-01-14,,,,,1993-07-30,Merger,,1993-12-21,,,1993-07-30,M.358,358,,,,,,,Council Regulation 4064/89,,,"{""code"":""NaceSectorsC_23_1_1"",""label"":""C.23.11 - Manufacture of flat glass""}",Normal procedure,false,,,PILKINGTON / SIV,,en,M.358,METADATA_CASE,1993-12-21,,,38360,"{""items"":[{""reference"":""L158"",""publishedDate"":""1994-06-25"",""priorPublication"":""false""}]}",1994-06-25,false,,,"{""code"":""DecisionType590"",""label"":""Art. 8(2)""}",en,M.358-DEC38360,METADATA_DECISION
47,998,https://ec.europa.eu/competition/mergers/cases/decisions/m1940_8_2.pdf,M.1940-DEC40307-ATT8,arbitrag*,FR,l'offre (entre des installations de stockage sous eau et de stockage à sec) ou des considérations d'arbitrage (entre le segment des râteliers pour combustible épuisé pour le stockage immédiat et le se,2026-06-05T15:44:46.670851,,,8,FR,DDOC,Art. 8(2) -  - m1940-8(2)-OJ-FR,,,2009-07-30,fr,METADATA_DECISION_ATTACHMENT,,,,,,,,,,,,,,,Antitrust,FRAMATOME / SIEMENS / COGEMA / JV,,2000-12-19,,,,,2000-07-10,Merger,,2000-12-06,,,2000-07-10,M.1940,1940,,,,,,,Council Regulation 4064/89,,,"{""code"":""NaceSectorsF_41_2_0"",""label"":""F.41.20 - Construction of residential and non-residential buildings""}",Normal procedure,false,,,FRAMATOME / SIEMENS / COGEMA / JV,,en,M.1940,METADATA_CASE,2000-12-06,32001D0769,,40307,"{""items"":[{""reference"":""L289"",""publishedDate"":""2001-11-06"",""priorPublication"":""false""}]}",2001-11-06,false,"{""items"":[{""reference"":""IP/00/1414""}]}",,"{""code"":""DecisionType590"",""label"":""Art. 8(2)""}",en,M.1940-DEC40307,METADATA_DECISION
48,1017,https://ec.europa.eu/competition/mergers/cases1/202520/M_2803_10624384_57_6.pdf,M.2803-DEC41274-ATT57,arbitrat*,EN,"an interim solution, Telia commits to cause separate accounts to be kept and to be available to the arbitration panel, for the fixed and mobile network businesses. 24 (d) apply: a) a non-discriminatio",2026-06-05T15:44:56.091240,,,57,EN,DDOC,Art. 6(1)(b) with conditions & obligations -  - mtf-dec-m-02803-020-1-20020710-0440-pub-en,2025-05-13,,2004-12-07,en,METADATA_DECISION_ATTACHMENT,,,,,,,,,,,,,,,Antitrust,TELIA / SONERA,,,,,,,2002-05-28,Merger,,2010-08-02,,,2002-05-28,M.2803,2803,{},,{},,,,Council Regulation 4064/89,,,"{""code"":""NaceSectorsJ_61"",""label"":""J.61 - Telecommunications""}",Normal procedure,,,,TELIA / SONERA,,en,M.2803,METADATA_CASE,2002-07-10,,,41274,"{""items"":[{""reference"":""C201"",""publishedDate"":""2002-08-24"",""priorPublication"":""false""}]}",2002-08-24,false,"{""items"":[{""reference"":""IP/02/1032""}]}",,"{""code"":""DecisionType440"",""label"":""Art. 6(1)(b) with conditions & obligations""}",en,M.2803-DEC41274,METADATA_DECISION
49,1049,https://ec.europa.eu/competition/mergers/cases1/202406/M_1853_9890191_127_8.pdf,M.1853-DEC43609-ATT127,arbitrag*,FR,ataire a recensé des soumissionnaires qui utilisent cette règle à des fins inattendues. Ils font un arbitrage entre les produits CEV et ceux d'autres marchés de gros de l'électricité durant la procédu,2026-06-05T15:45:26.926549,,,127,FR,DDOC,Implementing decision -  - m1853-FR-modif._8(2),2024-02-05,,2007-02-05,fr,METADATA_DECISION_ATTACHMENT,,,,,,,,,,,,,,,Antitrust,EDF / EnBW | EDF / ENBW,,,,,,,2000-08-31,Merger,,2006-09-14,,,2000-08-31,M.1853,1853,{},,{},,,,Council Regulation 4064/89,,,"{""code"":""NaceSectorsD_35_1"",""label"":""D.35.1 - Electric power generation, transmission and distribution""}",Normal procedure,,,,EDF / EnBW,,en,M.1853,METADATA_CASE,2006-09-14,,,43609,,,false,,,"{""code"":""DecisionType2022201355"",""label"":""Modification of Art. 8(2) with conditions & obligations""}",en,M.1853-DEC43609,METADATA_DECISION
50,1067,https://ec.europa.eu/competition/mergers/cases/decisions/m1855_en.pdf,M.1855-DEC40207-ATT4,arbitrat*,EN,"jority of the members on the board, SIA has joint control of Virgin through its veto rights and the arbitration procedure which is provided for the case of disagreement in certain strategic business d",2026-06-05T15:46:25.983661,,,4,EN,DDOC,Art. 6(1)(b) -  - mtf-dec-m-01855-020-1-20000323-0310-pub-en,,,2004-12-07,en,METADATA_DECISION_ATTACHMENT,,,,,,,,,,,,,,,Antitrust,SINGAPORE AIRLINES / VIRGIN ATLANTIC,,2000-03-24,,,,,2000-02-23,Merger,,2000-03-23,,,2000-02-23,M.1855,1855,{},,{},,,,Council Regulation 4064/89,,,"{""code"":""NaceSectorsH_51_1_0"",""label"":""H.51.10 - Passenger air transport""}",Normal procedure,,,,SINGAPORE AIRLINES / VIRGIN ATLANTIC,,en,M.1855,METADATA_CASE,2000-03-23,,,40207,"{""items"":[{""reference"":""C110"",""publishedDate"":""2002-05-07"",""priorPublication"":""false""}]}",2002-05-07,false,,,"{""code"":""DecisionType310"",""label"":""Art. 6(1)(b)""}",en,M.1855-DEC40207,METADATA_DECISION
51,1183,https://ec.europa.eu/competition/mergers/cases/decisions/m1439_15_2.pdf,M.1439-DEC39690-ATT15,arbitrat*,EN,"or in writing specifying the decision challenged, brief reasons for the challenge and nominating an arbitrator. TelialTelenor shall within two weeks nominate its arbitrator and provide reasons for its",2026-06-05T15:48:02.855206,,,15,EN,DDOC,Art. 8(2) with conditions & obligations -  - m1439-8(2)-EN_with_commitments,,,2007-03-23,en,METADATA_DECISION_ATTACHMENT,,,,,,,,,,,,,,,Antitrust,TELIA / TELENOR,,,,,,,1999-04-28,Merger,,1999-10-13,,,1999-04-28,M.1439,1439,,,,,,,Council Regulation 4064/89,,,"{""code"":""NaceSectorsJ_60_2"",""label"":""J.60.2 - Television programming and broadcasting activities""} | {""code"":""NaceSectorsJ_61"",""label"":""J.61 - Telecommunications""}",Normal procedure,false,,,TELIA / TELENOR,,en,M.1439,METADATA_CASE,1999-10-13,32001D0098,,39690,"{""items"":[{""reference"":""L40"",""publishedDate"":""2001-02-09"",""priorPublication"":""false""}]}",2001-02-09,false,"{""items"":[{""reference"":""IP/99/746""}]}",,"{""code"":""DecisionType600"",""label"":""Art. 8(2) with conditions & obligations""}",en,M.1439-DEC39690,METADATA_DECISION
52,1186,https://ec.europa.eu/competition/mergers/cases/decisions/M1439_19991013_600_787649_FI.pdf,M.1439-DEC39690-ATT27,välitysl* | välitysm*,FI,"kaskunta on pienempi. Mitä vähemmän liityntäpisteitä uudella operaattorilla on, sitä suurempi puheluvälitysmaksu operaattorin on yleensä maksettava vakiintuneelle operaattorille. Vastaavasti mitä usea",2026-06-05T15:48:28.481464,,,27,FI,DDOC,Art. 8(2) with conditions & obligations - Public version - mtf-dec-m-01439-020-2-19991013-0600-pub-fi[1],2010-08-18,,2010-08-17,fi,METADATA_DECISION_ATTACHMENT,,,,,,,,,,,,,,,Antitrust,TELIA / TELENOR,,,,,,,1999-04-28,Merger,,1999-10-13,,,1999-04-28,M.1439,1439,,,,,,,Council Regulation 4064/89,,,"{""code"":""NaceSectorsJ_60_2"",""label"":""J.60.2 - Television programming and broadcasting activities""} | {""code"":""NaceSectorsJ_61"",""label"":""J.61 - Telecommunications""}",Normal procedure,false,,,TELIA / TELENOR,,en,M.1439,METADATA_CASE,1999-10-13,32001D0098,,39690,"{""items"":[{""reference"":""L40"",""publishedDate"":""2001-02-09"",""priorPublication"":""false""}]}",2001-02-09,false,"{""items"":[{""reference"":""IP/99/746""}]}",,"{""code"":""DecisionType600"",""label"":""Art. 8(2) with conditions & obligations""}",en,M.1439-DEC39690,METADATA_DECISION
53,1210,https://ec.europa.eu/competition/mergers/cases/decisions/m1455_en.pdf,M.1455-DEC39710-ATT3,arbitrat*,EN,"d for by the Partnership Agreement. In the case of deadlock recourse would be made to mediation and arbitration procedures. Should, however, the matter remain unresolved for more than […], the joint v",2026-06-05T15:49:34.471096,,,3,EN,DDOC,Art. 6(1)(b) -  - mtf-dec-m-01455-020-1-19990420-0310-pub-en,,,2004-12-07,en,METADATA_DECISION_ATTACHMENT,,,,,,,,,,,,,,,Antitrust,GRUNER + JAHR / FINANCIAL TIMES / JV,,1999-04-20,,,,,1999-03-12,Merger,,1999-04-20,,,1999-03-12,M.1455,1455,,,,,,,Council Regulation 4064/89,,,"{""code"":""NaceSectorsJ_58_1_3"",""label"":""J.58.13 - Publishing of newspapers""} | {""code"":""NaceSectorsS_96_0"",""label"":""S.96.0 - Other personal service activities""}",Normal procedure,false,,,GRUNER + JAHR / FINANCIAL TIMES / JV,,en,M.1455,METADATA_CASE,1999-04-20,,,39710,,,false,,,"{""code"":""DecisionType310"",""label"":""Art. 6(1)(b)""}",en,M.1455-DEC39710,METADATA_DECISION
54,1242,https://ec.europa.eu/competition/mergers/cases/decisions/m2314_20010711_590_de.pdf,M.2314-DEC40730-ATT15,Schieds*,DE,"en überschüssigen Kapazitäten als schwierig erweisen dürfte. Auch ist es angesichts eines Preisunterschieds von rund 50% im Jahr 2000 unwahrscheinlich, dass für den US-amerikanischen Markt bestimmte P",2026-06-05T15:49:51.308066,,,15,DE,DDOC,Art. 8(2) -  - mtf-dec-m-02314-020-2-20010711-0590-pub-de,,,2004-12-07,de,METADATA_DECISION_ATTACHMENT,,,,,,,,,,,,,,,Antitrust,BASF / PANTOCHIM / EURODIOL,,2001-08-09,,,,,2001-02-12,Merger,,2001-07-11,,,2001-02-12,M.2314,2314,,,,,,,Council Regulation 4064/89,,,"{""code"":""NaceSectorsC_20"",""label"":""C.20 - Manufacture of chemicals and chemical products""}",Normal procedure,false,,,BASF / PANTOCHIM / EURODIOL,,en,M.2314,METADATA_CASE,2001-07-11,32002DO365,,40730,"{""items"":[{""reference"":""L132"",""publishedDate"":""2002-05-17"",""priorPublication"":""false""}]}",2002-05-17,false,"{""items"":[{""reference"":""IP/01/984""}]}",,"{""code"":""DecisionType590"",""label"":""Art. 8(2)""}",en,M.2314-DEC40730,METADATA_DECISION
55,1354,https://ec.europa.eu/competition/mergers/cases/decisions/m866_en.pdf,M.866-DEC38977-ATT4,arbitrat*,EN,"n the point of the disagreement. However, such powers can only be exercised after several stages of arbitration and attempts at reconciliation 1 . 9. As a result, both parties are able to influence st",2026-06-05T15:51:43.074043,,,4,EN,DDOC,Art. 6(1)(b) -  - mtf-dec-m-00866-020-1-19970402-0310-pub-en,,,2004-12-07,en,METADATA_DECISION_ATTACHMENT,,,,,,,,,,,,,,,Antitrust,CEREOL / ÖSAT - ÖLMÜHLE,,1997-04-03,,,,,1997-02-27,Merger,,1997-04-02,,,1997-02-27,M.866,866,,,,,,,Council Regulation 4064/89,,,"{""code"":""NaceSectorsC_10_4_1"",""label"":""C.10.41 - Manufacture of oils and fats""}",Normal procedure,false,,,CEREOL / ÖSAT - ÖLMÜHLE,,en,M.866,METADATA_CASE,1997-04-02,,,38977,"{""items"":[{""reference"":""C146"",""publishedDate"":""1997-05-14"",""priorPublication"":""false""}]}",1997-05-14,false,,,"{""code"":""DecisionType310"",""label"":""Art. 6(1)(b)""}",en,M.866-DEC38977,METADATA_DECISION
56,1376,https://ec.europa.eu/competition/mergers/cases/decisions/m1027_19980527_610_es.pdf,M.1027-DEC39200-ATT16,arbitraj*,ES,"do sobre las condiciones –en particular, los derechos de licencia–, se recurrirá a una instancia de arbitraje, que adoptará una decisión definitiva sobre la proporcionalidad de las condiciones. 59. Be",2026-06-05T15:51:58.048223,,,16,ES,DDOC,Art. 8(3) -  - mtf-dec-m-01027-020-2-19980527-0610-pub-es,,,2004-12-07,es,METADATA_DECISION_ATTACHMENT,,,,,,,,,,,,,,,Antitrust,DEUTSCHE TELEKOM / BETARESEARCH,,1998-06-10,,"{""items"":[{""date"":""1997-12-22"",""name"":""Art. 9 request received on"",""type"":""MEvent12""}]}",1997-12-22,,1997-12-08,Merger,,1998-05-27,,,1997-12-08,M.1027,1027,,,,,,,Council Regulation 4064/89,,,"{""code"":""NaceSectorsJ_60_2"",""label"":""J.60.2 - Television programming and broadcasting activities""}",Normal procedure,false,,,DEUTSCHE TELEKOM / BETARESEARCH,,en,M.1027,METADATA_CASE,1998-05-27,31999D0154,,39200,"{""items"":[{""reference"":""L53"",""publishedDate"":""1999-02-27"",""priorPublication"":""false""}]}",1999-02-27,false,,,"{""code"":""DecisionType610"",""label"":""Art. 8(3)""}",en,M.1027-DEC39200,METADATA_DECISION
57,1377,https://ec.europa.eu/competition/mergers/cases/decisions/m1027_19980527_610_fi.pdf,M.1027-DEC39200-ATT17,välitysl* | välitysm* | välimies* | välimiesmenettel* | välityslautakunta*,FI,"suhteen samoin kuin se jo on toiminut analogisen maksutelevision suhteen eli se on valinnut avoimen välitysmallin. Tämä tarkoittaa sitä, että Telekom on luopunut mahdollisuudesta markkinoida Premieren",2026-06-05T15:51:59.391037,,,17,FI,DDOC,Art. 8(3) -  - mtf-dec-m-01027-020-2-19980527-0610-pub-fi,,,2004-12-07,fi,METADATA_DECISION_ATTACHMENT,,,,,,,,,,,,,,,Antitrust,DEUTSCHE TELEKOM / BETARESEARCH,,1998-06-10,,"{""items"":[{""date"":""1997-12-22"",""name"":""Art. 9 request received on"",""type"":""MEvent12""}]}",1997-12-22,,1997-12-08,Merger,,1998-05-27,,,1997-12-08,M.1027,1027,,,,,,,Council Regulation 4064/89,,,"{""code"":""NaceSectorsJ_60_2"",""label"":""J.60.2 - Television programming and broadcasting activities""}",Normal procedure,false,,,DEUTSCHE TELEKOM / BETARESEARCH,,en,M.1027,METADATA_CASE,1998-05-27,31999D0154,,39200,"{""items"":[{""reference"":""L53"",""publishedDate"":""1999-02-27"",""priorPublication"":""false""}]}",1999-02-27,false,,,"{""code"":""DecisionType610"",""label"":""Art. 8(3)""}",en,M.1027-DEC39200,METADATA_DECISION
58,1378,https://ec.europa.eu/competition/mergers/cases/decisions/m1027_19980527_610_el.pdf,M.1027-DEC39200-ATT19,διαιτη*,EL,"ης. Όσον αφορά τους όρους και ιδίως τα τέλη αδείας εάν δεν επιτευχθεί συµφωνία, γίνεται προσφυγή σε διαιτησία η οποία λαµβάνει την τελική απόφαση. (59) Η BetaResearch αναλαµβάνει τη δέσµευση να ανοίξε",2026-06-05T15:52:02.577578,,,19,EL,DDOC,Art. 8(3) -  - mtf-dec-m-01027-020-2-19980527-0610-pub-el,,,2004-12-07,el,METADATA_DECISION_ATTACHMENT,,,,,,,,,,,,,,,Antitrust,DEUTSCHE TELEKOM / BETARESEARCH,,1998-06-10,,"{""items"":[{""date"":""1997-12-22"",""name"":""Art. 9 request received on"",""type"":""MEvent12""}]}",1997-12-22,,1997-12-08,Merger,,1998-05-27,,,1997-12-08,M.1027,1027,,,,,,,Council Regulation 4064/89,,,"{""code"":""NaceSectorsJ_60_2"",""label"":""J.60.2 - Television programming and broadcasting activities""}",Normal procedure,false,,,DEUTSCHE TELEKOM / BETARESEARCH,,en,M.1027,METADATA_CASE,1998-05-27,31999D0154,,39200,"{""items"":[{""reference"":""L53"",""publishedDate"":""1999-02-27"",""priorPublication"":""false""}]}",1999-02-27,false,,,"{""code"":""DecisionType610"",""label"":""Art. 8(3)""}",en,M.1027-DEC39200,METADATA_DECISION
59,1379,https://ec.europa.eu/competition/mergers/cases/decisions/m1027_19980527_610_de.pdf,M.1027-DEC39200-ATT20,Schiedsgericht* | Schieds*,DE,"r die Lizenzgebühren, keine Einigung zustande, so wird über die Angemessenheit der Konditionen eine Schiedsinstanz abschließend entscheiden. 59. BetaResearch verpflichtet sich bis Ende 1998, die API-S",2026-06-05T15:52:04.123618,,,20,DE,DDOC,Art. 8(3) -  - mtf-dec-m-01027-020-2-19980527-0610-pub-de,,,2004-12-07,de,METADATA_DECISION_ATTACHMENT,,,,,,,,,,,,,,,Antitrust,DEUTSCHE TELEKOM / BETARESEARCH,,1998-06-10,,"{""items"":[{""date"":""1997-12-22"",""name"":""Art. 9 request received on"",""type"":""MEvent12""}]}",1997-12-22,,1997-12-08,Merger,,1998-05-27,,,1997-12-08,M.1027,1027,,,,,,,Council Regulation 4064/89,,,"{""code"":""NaceSectorsJ_60_2"",""label"":""J.60.2 - Television programming and broadcasting activities""}",Normal procedure,false,,,DEUTSCHE TELEKOM / BETARESEARCH,,en,M.1027,METADATA_CASE,1998-05-27,31999D0154,,39200,"{""items"":[{""reference"":""L53"",""publishedDate"":""1999-02-27"",""priorPublication"":""false""}]}",1999-02-27,false,,,"{""code"":""DecisionType610"",""label"":""Art. 8(3)""}",en,M.1027-DEC39200,METADATA_DECISION
60,1380,https://ec.europa.eu/competition/mergers/cases/decisions/m1027_19980527_610_fr.pdf,M.1027-DEC39200-ATT21,arbitrag*,FR,"es conditions d’octroi de ces licences, notamment sur les droits de licence, c'est à une instance d’arbitrage qu’il appartiendra de statuer sur la recevabilité des conditions. 59. BetaResearch s’engag",2026-06-05T15:52:06.413430,,,21,FR,DDOC,Art. 8(3) -  - mtf-dec-m-01027-020-2-19980527-0610-pub-fr,,,2004-12-07,fr,METADATA_DECISION_ATTACHMENT,,,,,,,,,,,,,,,Antitrust,DEUTSCHE TELEKOM / BETARESEARCH,,1998-06-10,,"{""items"":[{""date"":""1997-12-22"",""name"":""Art. 9 request received on"",""type"":""MEvent12""}]}",1997-12-22,,1997-12-08,Merger,,1998-05-27,,,1997-12-08,M.1027,1027,,,,,,,Council Regulation 4064/89,,,"{""code"":""NaceSectorsJ_60_2"",""label"":""J.60.2 - Television programming and broadcasting activities""}",Normal procedure,false,,,DEUTSCHE TELEKOM / BETARESEARCH,,en,M.1027,METADATA_CASE,1998-05-27,31999D0154,,39200,"{""items"":[{""reference"":""L53"",""publishedDate"":""1999-02-27"",""priorPublication"":""false""}]}",1999-02-27,false,,,"{""code"":""DecisionType610"",""label"":""Art. 8(3)""}",en,M.1027-DEC39200,METADATA_DECISION
61,1381,https://ec.europa.eu/competition/mergers/cases/decisions/m1027_19980527_610_da.pdf,M.1027-DEC39200-ATT23,voldgift*,DA,"ig standardkontrakt. Kan parterne ikke nå til enighed om vilkårene, navnlig licensafgifter, skal en voldgiftsinstans træffe afgørelse om, hvorvidt vilkårene er rimelige. 59. BetaResearch forpligter si",2026-06-05T15:52:08.309696,,,23,DA,DDOC,Art. 8(3) -  - mtf-dec-m-01027-020-2-19980527-0610-pub-da,,,2004-12-07,da,METADATA_DECISION_ATTACHMENT,,,,,,,,,,,,,,,Antitrust,DEUTSCHE TELEKOM / BETARESEARCH,,1998-06-10,,"{""items"":[{""date"":""1997-12-22"",""name"":""Art. 9 request received on"",""type"":""MEvent12""}]}",1997-12-22,,1997-12-08,Merger,,1998-05-27,,,1997-12-08,M.1027,1027,,,,,,,Council Regulation 4064/89,,,"{""code"":""NaceSectorsJ_60_2"",""label"":""J.60.2 - Television programming and broadcasting activities""}",Normal procedure,false,,,DEUTSCHE TELEKOM / BETARESEARCH,,en,M.1027,METADATA_CASE,1998-05-27,31999D0154,,39200,"{""items"":[{""reference"":""L53"",""publishedDate"":""1999-02-27"",""priorPublication"":""false""}]}",1999-02-27,false,,,"{""code"":""DecisionType610"",""label"":""Art. 8(3)""}",en,M.1027-DEC39200,METADATA_DECISION
62,1382,https://ec.europa.eu/competition/mergers/cases/decisions/m1027_19980527_610_en.pdf,M.1027-DEC39200-ATT24,arbitrat*,EN,"standard contract. If no agreement is reached on the conditions, in particular the licence fees, an arbitration body will take a final decision as to their appropriateness. 59. BetaResearch undertakes",2026-06-05T15:52:09.764341,,,24,EN,DDOC,Art. 8(3) -  - mtf-dec-m-01027-020-2-19980527-0610-pub-en,,,2004-12-07,en,METADATA_DECISION_ATTACHMENT,,,,,,,,,,,,,,,Antitrust,DEUTSCHE TELEKOM / BETARESEARCH,,1998-06-10,,"{""items"":[{""date"":""1997-12-22"",""name"":""Art. 9 request received on"",""type"":""MEvent12""}]}",1997-12-22,,1997-12-08,Merger,,1998-05-27,,,1997-12-08,M.1027,1027,,,,,,,Council Regulation 4064/89,,,"{""code"":""NaceSectorsJ_60_2"",""label"":""J.60.2 - Television programming and broadcasting activities""}",Normal procedure,false,,,DEUTSCHE TELEKOM / BETARESEARCH,,en,M.1027,METADATA_CASE,1998-05-27,31999D0154,,39200,"{""items"":[{""reference"":""L53"",""publishedDate"":""1999-02-27"",""priorPublication"":""false""}]}",1999-02-27,false,,,"{""code"":""DecisionType610"",""label"":""Art. 8(3)""}",en,M.1027-DEC39200,METADATA_DECISION
63,1383,https://ec.europa.eu/competition/mergers/cases/decisions/m1027_19980527_610_it.pdf,M.1027-DEC39200-ATT25,arbitral*,IT,"particolare 15 sui diritti di licenza, sulla loro congruità deciderebbe inappellabilmente un organo arbitrale. 59. BetaResearch si impegna a pubblicare, entro la fine del 1998, l’interfaccia API (""App",2026-06-05T15:52:11.754221,,,25,IT,DDOC,Art. 8(3) -  - mtf-dec-m-01027-020-2-19980527-0610-pub-it,,,2004-12-07,it,METADATA_DECISION_ATTACHMENT,,,,,,,,,,,,,,,Antitrust,DEUTSCHE TELEKOM / BETARESEARCH,,1998-06-10,,"{""items"":[{""date"":""1997-12-22"",""name"":""Art. 9 request received on"",""type"":""MEvent12""}]}",1997-12-22,,1997-12-08,Merger,,1998-05-27,,,1997-12-08,M.1027,1027,,,,,,,Council Regulation 4064/89,,,"{""code"":""NaceSectorsJ_60_2"",""label"":""J.60.2 - Television programming and broadcasting activities""}",Normal procedure,false,,,DEUTSCHE TELEKOM / BETARESEARCH,,en,M.1027,METADATA_CASE,1998-05-27,31999D0154,,39200,"{""items"":[{""reference"":""L53"",""publishedDate"":""1999-02-27"",""priorPublication"":""false""}]}",1999-02-27,false,,,"{""code"":""DecisionType610"",""label"":""Art. 8(3)""}",en,M.1027-DEC39200,METADATA_DECISION
64,1384,https://ec.europa.eu/competition/mergers/cases/decisions/m1027_19980527_610_pt.pdf,M.1027-DEC39200-ATT26,arbitrag*,PT,"dições do contrato, mais concretamente sobre as royalties a pagar, recorrer-se-á a uma instância de arbitragem que decidirá de forma definitiva sobre o carácter razoável das condições impostas. 59. A",2026-06-05T15:52:14.010238,,,26,PT,DDOC,Art. 8(3) -  - mtf-dec-m-01027-020-2-19980527-0610-pub-pt,,,2004-12-07,pt,METADATA_DECISION_ATTACHMENT,,,,,,,,,,,,,,,Antitrust,DEUTSCHE TELEKOM / BETARESEARCH,,1998-06-10,,"{""items"":[{""date"":""1997-12-22"",""name"":""Art. 9 request received on"",""type"":""MEvent12""}]}",1997-12-22,,1997-12-08,Merger,,1998-05-27,,,1997-12-08,M.1027,1027,,,,,,,Council Regulation 4064/89,,,"{""code"":""NaceSectorsJ_60_2"",""label"":""J.60.2 - Television programming and broadcasting activities""}",Normal procedure,false,,,DEUTSCHE TELEKOM / BETARESEARCH,,en,M.1027,METADATA_CASE,1998-05-27,31999D0154,,39200,"{""items"":[{""reference"":""L53"",""publishedDate"":""1999-02-27"",""priorPublication"":""false""}]}",1999-02-27,false,,,"{""code"":""DecisionType610"",""label"":""Art. 8(3)""}",en,M.1027-DEC39200,METADATA_DECISION
65,1385,https://ec.europa.eu/competition/mergers/cases/decisions/m1027_19980527_610_sv.pdf,M.1027-DEC39200-ATT27,skiljeförfar* | skiljedom*,SV,"ngligt standardavtal. Om enighet om villkoren, framför allt om licensavgifterna, inte nås, skall en skiljedomstol fatta det slutliga beslutet om huruvida villkoren är skäliga. 59. BetaResearch åtar si",2026-06-05T15:52:15.414945,,,27,SV,DDOC,Art. 8(3) -  - mtf-dec-m-01027-020-2-19980527-0610-pub-sv,,,2004-12-07,sv,METADATA_DECISION_ATTACHMENT,,,,,,,,,,,,,,,Antitrust,DEUTSCHE TELEKOM / BETARESEARCH,,1998-06-10,,"{""items"":[{""date"":""1997-12-22"",""name"":""Art. 9 request received on"",""type"":""MEvent12""}]}",1997-12-22,,1997-12-08,Merger,,1998-05-27,,,1997-12-08,M.1027,1027,,,,,,,Council Regulation 4064/89,,,"{""code"":""NaceSectorsJ_60_2"",""label"":""J.60.2 - Television programming and broadcasting activities""}",Normal procedure,false,,,DEUTSCHE TELEKOM / BETARESEARCH,,en,M.1027,METADATA_CASE,1998-05-27,31999D0154,,39200,"{""items"":[{""reference"":""L53"",""publishedDate"":""1999-02-27"",""priorPublication"":""false""}]}",1999-02-27,false,,,"{""code"":""DecisionType610"",""label"":""Art. 8(3)""}",en,M.1027-DEC39200,METADATA_DECISION
66,1397,https://ec.europa.eu/competition/mergers/cases/decisions/m877_19970730_600_de.pdf,M.877-DEC38992-ATT12,Schieds*,DE,"zeuge verwendet werden könnte, oder ob es sich um ein Sperrpatent handelt, so wird ein unabhängiger Schiedsrichter nach von Boeing und dem anderen Hersteller gemeinsam vereinbarten Bedingungen und Ver",2026-06-05T15:52:26.215798,,,12,DE,DDOC,Art. 8(2) with conditions & obligations -  - mtf-dec-m-00877-020-2-19970730-0600-pub-de,,,2004-12-07,de,METADATA_DECISION_ATTACHMENT,,,,,,,,,,,,,,,Antitrust,BOEING / McDONNELL DOUGLAS,,,,,,,1997-02-18,Merger,,1997-07-30,,,1997-02-18,M.877,877,,,,,,,Council Regulation 4064/89,,,"{""code"":""NaceSectorsC_30_3"",""label"":""C.30.3 - Manufacture of air and spacecraft and related machinery""}",Normal procedure,false,,,BOEING / McDONNELL DOUGLAS,,en,M.877,METADATA_CASE,1997-07-30,31997D0816,,38992,"{""items"":[{""reference"":""L336"",""publishedDate"":""1997-12-08"",""priorPublication"":""false""}]}",1997-12-08,false,,,"{""code"":""DecisionType600"",""label"":""Art. 8(2) with conditions & obligations""}",en,M.877-DEC38992,METADATA_DECISION
68,1399,https://ec.europa.eu/competition/mergers/cases/decisions/m877_19970730_600_fr.pdf,M.877-DEC38992-ATT15,arbitrag*,FR,"ction commerciaux, ou s’il s’agit d’un brevet de blocage, ce désaccord sera soumis à une instance d’arbitrage indépendante selon des modalités dont Boeing et l’autre avionneur conviendront d’un commun",2026-06-05T15:52:32.490228,,,15,FR,DDOC,Art. 8(2) with conditions & obligations -  - mtf-dec-m-00877-020-2-19970730-0600-pub-fr,,,2004-12-07,fr,METADATA_DECISION_ATTACHMENT,,,,,,,,,,,,,,,Antitrust,BOEING / McDONNELL DOUGLAS,,,,,,,1997-02-18,Merger,,1997-07-30,,,1997-02-18,M.877,877,,,,,,,Council Regulation 4064/89,,,"{""code"":""NaceSectorsC_30_3"",""label"":""C.30.3 - Manufacture of air and spacecraft and related machinery""}",Normal procedure,false,,,BOEING / McDONNELL DOUGLAS,,en,M.877,METADATA_CASE,1997-07-30,31997D0816,,38992,"{""items"":[{""reference"":""L336"",""publishedDate"":""1997-12-08"",""priorPublication"":""false""}]}",1997-12-08,false,,,"{""code"":""DecisionType600"",""label"":""Art. 8(2) with conditions & obligations""}",en,M.877-DEC38992,METADATA_DECISION
67,1398,https://ec.europa.eu/competition/mergers/cases/decisions/m877_19970730_600_en.pdf,M.877-DEC38992-ATT13,arbitrat*,EN,"jet aircraft or whether the patent is blocking, such disagreement shall be submitted to independent arbitration under terms and procedures to be mutually agreed between Boeing and the other manufactur",2026-06-05T15:52:38.770514,,,13,EN,DDOC,Art. 8(2) with conditions & obligations -  - mtf-dec-m-00877-020-2-19970730-0600-pub-en,,,2004-12-07,en,METADATA_DECISION_ATTACHMENT,,,,,,,,,,,,,,,Antitrust,BOEING / McDONNELL DOUGLAS,,,,,,,1997-02-18,Merger,,1997-07-30,,,1997-02-18,M.877,877,,,,,,,Council Regulation 4064/89,,,"{""code"":""NaceSectorsC_30_3"",""label"":""C.30.3 - Manufacture of air and spacecraft and related machinery""}",Normal procedure,false,,,BOEING / McDONNELL DOUGLAS,,en,M.877,METADATA_CASE,1997-07-30,31997D0816,,38992,"{""items"":[{""reference"":""L336"",""publishedDate"":""1997-12-08"",""priorPublication"":""false""}]}",1997-12-08,false,,,"{""code"":""DecisionType600"",""label"":""Art. 8(2) with conditions & obligations""}",en,M.877-DEC38992,METADATA_DECISION
69,1417,https://ec.europa.eu/competition/mergers/cases/decisions/m3216_20041026_590_fr.pdf,M.3216-DEC41715-ATT8,arbitrag*,FR,identifier clairement à quel groupe chaque client appartient; ii) les échanges entre clients et les arbitrages par des tiers (intégrateurs de systèmes et consultants) ne doivent pas être possibles; et,2026-06-05T15:52:57.570516,,,8,FR,DDOC,Art. 8(2) -  - m3216-8(2)-FR,,,2005-06-10,fr,METADATA_DECISION_ATTACHMENT,,,,,,,,,,,,,,,Antitrust,ORACLE / PEOPLESOFT | ORACLE / PEOPLESOFT (4064),,2004-11-09,,,,,2003-10-14,Merger,,2004-10-26,,,2003-10-14,M.3216,3216,{},,{},,,,Council Regulation 4064/89,,,"{""code"":""NaceSectorsJ_62_0_9"",""label"":""J.62.09 - Other information technology and computer service activities""}",Normal procedure,,,,ORACLE / PEOPLESOFT (4064),,en,M.3216,METADATA_CASE,2004-10-26,32005D0621,,41715,"{""items"":[{""reference"":""L218"",""publishedDate"":""2005-08-23"",""priorPublication"":""false""}]}",2005-08-23,false,"{""items"":[{""reference"":""IP/04/1312""}]}",,"{""code"":""DecisionType590"",""label"":""Art. 8(2)""}",en,M.3216-DEC41715,METADATA_DECISION
70,1431,https://ec.europa.eu/competition/mergers/cases/decisions/m1035_19971222_310_en.pdf,M.1035-DEC39211-ATT5,arbitrat*,EN,h shareholders in all important business decisions (including initial and annual business plan). An arbitration mechanism has been agreed in cases of deadlock. Therefore FGD is jointly controlled by A,2026-06-05T15:53:04.376144,,,5,EN,DDOC,Art. 6(1)(b) -  - mtf-dec-m-01035-020-1-19971222-0310-pub-en,,,2004-12-07,en,METADATA_DECISION_ATTACHMENT,,,,,,,,,,,,,,,Antitrust,HOCHTIEF / AER RIANTA / DÜSSELDORF AIRPORT,,1997-12-22,,,,,1997-11-20,Merger,,1997-12-22,,,1997-11-20,M.1035,1035,,,,,,,Council Regulation 4064/89,,,"{""code"":""NaceSectorsH_51"",""label"":""H.51 - Air transport""}",Normal procedure,false,,,HOCHTIEF / AER RIANTA / DÜSSELDORF AIRPORT,,en,M.1035,METADATA_CASE,1997-12-22,,,39211,"{""items"":[{""reference"":""C61"",""publishedDate"":""1998-02-26"",""priorPublication"":""false""}]}",1998-02-26,false,,,"{""code"":""DecisionType310"",""label"":""Art. 6(1)(b)""}",en,M.1035-DEC39211,METADATA_DECISION
71,1443,https://ec.europa.eu/competition/mergers/cases/decisions/m1042_19980115_310_en.pdf,M.1042-DEC39221-ATT3,arbitrat*,EN,striction for all major policy and strategic decisions. Any deadlock will ultimately be resolved by arbitration. Full function joint venture 7. The joint venture will have sufficient financial and oth,2026-06-05T15:53:15.311162,,,3,EN,DDOC,Art. 6(1)(b) -  - mtf-dec-m-01042-020-1-19980115-0310-pub-en,,,2004-12-07,en,METADATA_DECISION_ATTACHMENT,,,,,,,,,,,,,,,Antitrust,EASTMAN KODAK / SUN CHEMICAL | KODAK / POLYCHROME,,1998-01-15,,,,,1997-12-01,Merger,,1998-01-15,,,1997-12-01,M.1042,1042,,,,,,,Council Regulation 4064/89,,,"{""code"":""NaceSectorsC_20_5_9"",""label"":""C.20.59 - Manufacture of other chemical products n.e.c.""}",Normal procedure,false,,,EASTMAN KODAK / SUN CHEMICAL,,en,M.1042,METADATA_CASE,1998-01-15,,,39221,"{""items"":[{""reference"":""C32"",""publishedDate"":""1998-01-30"",""priorPublication"":""false""}]}",1998-01-30,false,,,"{""code"":""DecisionType310"",""label"":""Art. 6(1)(b)""}",en,M.1042-DEC39221,METADATA_DECISION
72,1457,https://ec.europa.eu/competition/mergers/cases/decisions/m3225_en.pdf,M.3225-DEC37925-ATT24,arbitrat*,EN,"ions have changed since […] so as to make Alcan’s obligations under paragraph 2 unnecessary. 1.3.3. Arbitration 6. If, within a period of […] of the making of a request by a third party seeking a Lice",2026-06-05T15:53:45.074085,,,24,EN,DDOC,Art. 6(1)(b) with conditions & obligations -  - mtf-dec-m-03225-020-1-20030929-0440-pub-en,,,2003-12-04,en,METADATA_DECISION_ATTACHMENT,,,,,,,,,,,,,,,Antitrust,ALCAN / PECHINEY (II),,,,,,,2003-08-14,Merger,,2003-09-29,,M.1715,2003-08-14,M.3225,3225,{},,{},,,,Council Regulation 4064/89,,,"{""code"":""NaceSectorsC_33_2_0"",""label"":""C.33.20 - Installation of industrial machinery and equipment""} | {""code"":""NaceSectorsB_7_1"",""label"":""B.07.1 - Mining of iron ores""}",Normal procedure,,,,ALCAN / PECHINEY (II),,en,M.3225,METADATA_CASE,2003-09-29,,,37925,"{""items"":[{""reference"":""C299"",""publishedDate"":""2003-12-10"",""priorPublication"":""false""}]}",2003-12-10,false,"{""items"":[{""reference"":""IP/03/1309""}]}",,"{""code"":""DecisionType440"",""label"":""Art. 6(1)(b) with conditions & obligations""}",en,M.3225-DEC37925,METADATA_DECISION
73,1468,https://ec.europa.eu/competition/mergers/cases/decisions/m856_19970514_600_de.pdf,M.856-DEC38965-ATT18,Schieds*,DE,"s zuleiten, internalisieren und die ihnen zustehenden Übertragungskapazitäten aufgrund des Zeitunterschieds zwischen den USA und dem Vereinigten Königreich effizienter nutzen. 59. Die Möglichkeit der",2026-06-05T15:54:05.813305,,,18,DE,DDOC,Art. 8(2) with conditions & obligations -  - mtf-dec-m-00856-020-2-19970514-0600-pub-de,,,2004-12-07,de,METADATA_DECISION_ATTACHMENT,,,,,,,,,,,,,,,Antitrust,BRITISH TELECOM / MCI  (II),,,,,,,1996-12-18,Merger,,1997-05-14,,,1996-12-18,M.856,856,,,,,,,Council Regulation 4064/89,,,"{""code"":""NaceSectorsJ_61"",""label"":""J.61 - Telecommunications""}",Normal procedure,false,,,BRITISH TELECOM / MCI  (II),,en,M.856,METADATA_CASE,1997-05-14,31997D0815,,38965,"{""items"":[{""reference"":""L336"",""publishedDate"":""1997-12-08"",""priorPublication"":""false""}]}",1997-12-08,false,,,"{""code"":""DecisionType600"",""label"":""Art. 8(2) with conditions & obligations""}",en,M.856-DEC38965,METADATA_DECISION
74,1497,https://ec.europa.eu/competition/mergers/cases/decisions/m2268_en.pdf,M.2268-DEC40669-ATT3,arbitrat*,EN,"case of Seagram Venture Assets other than “Bourbon Four Roses”, the matter has not been referred to arbitration) by the end date, the parties undertake to appoint a Divestment Trustee to sell them wit",2026-06-05T15:54:33.638970,,,3,EN,DDOC,Art. 6(1)(b) with conditions & obligations -  - mtf-dec-m-02268-020-1-20010508-0440-pub-en,,,2004-12-07,en,METADATA_DECISION_ATTACHMENT,Trustee details,,9,EN,https://ec.europa.eu/competition/mergers/cases/additional_data/m2268_9_2.pdf,DOCS,Publication of Trustee details - M2268 Trustee_publication of details,2017-06-29,,2017-06-28,en,M.2268-ATT9,METADATA_CASE_ATTACHMENT,,Antitrust,PERNOD RICARD / DIAGEO / SEAGRAM SPIRITS,,,,,,,2001-03-20,Merger,,2001-05-08,,,2001-03-20,M.2268,2268,,,,,,,Council Regulation 4064/89,,,"{""code"":""NaceSectorsC_11_0_1"",""label"":""C.11.01 - Distilling, rectifying and blending of spirits""}",Normal procedure,false,,,PERNOD RICARD / DIAGEO / SEAGRAM SPIRITS,,en,M.2268,METADATA_CASE,2001-05-08,,,40669,"{""items"":[{""reference"":""C16"",""publishedDate"":""2002-01-19"",""priorPublication"":""false""}]}",2002-01-19,false,"{""items"":[{""reference"":""IP/01/669""}]}",,"{""code"":""DecisionType440"",""label"":""Art. 6(1)(b) with conditions & obligations""}",en,M.2268-DEC40669,METADATA_DECISION
75,1525,https://ec.europa.eu/competition/mergers/cases/decisions/m2283_20011010_610_pt.pdf,M.2283-DEC40689-ATT30,arbitrag*,PT,"onários e nos quadros terminais ilustra a dificuldade que deve existir, para a procura, em efectuar arbitragens entre os Estados-Membros. A aparente dificuldade das arbitragens entre os preços dos Est",2026-06-05T15:55:10.552586,,,30,PT,DDOC,Art. 8(3) -  - mtf-dec-m-02283-020-2-20011010-0610-pub-pt,,,2004-03-08,pt,METADATA_DECISION_ATTACHMENT,,,,,,,,,,,,,,,Antitrust,SCHNEIDER / LEGRAND,,,,,,,2001-02-19,Merger,,2002-12-04,,,2001-02-19,M.2283,2283,{},,{},,,,Council Regulation 4064/89,,,"{""code"":""NaceSectorsC_27_1_2"",""label"":""C.27.12 - Manufacture of electricity distribution and control apparatus""}",Normal procedure,,,,SCHNEIDER / LEGRAND,,en,M.2283,METADATA_CASE,2001-10-10,32004D0275,,40689,"{""items"":[{""reference"":""L101"",""publishedDate"":""2004-04-06"",""priorPublication"":""false""}]}",2004-04-06,false,"{""items"":[{""reference"":""IP/01/1393""}]}",,"{""code"":""DecisionType610"",""label"":""Art. 8(3)""}",en,M.2283-DEC40689,METADATA_DECISION
76,1528,https://ec.europa.eu/competition/mergers/cases/decisions/m2283_20011010_610_el.pdf,M.2283-DEC40689-ATT39,διαιτη*,EL,"ής διανοµής που εξηγούν ότι η οργάνωση του εφοδιασµού τους σε εθνικό επίπεδο δεν ενδείκνυται για επιδιαιτησίες τιµών. Επιπλέον, η ανάγκη του να είναι πάντοτε σε θέση να εφοδιάζουν τους ηλεκτρολόγους ε",2026-06-05T15:56:10.275083,,,39,EL,DDOC,Art. 8(3) -  - mtf-dec-m-02283-020-2-20011010-0610-pub-el,,,2004-03-08,el,METADATA_DECISION_ATTACHMENT,,,,,,,,,,,,,,,Antitrust,SCHNEIDER / LEGRAND,,,,,,,2001-02-19,Merger,,2002-12-04,,,2001-02-19,M.2283,2283,{},,{},,,,Council Regulation 4064/89,,,"{""code"":""NaceSectorsC_27_1_2"",""label"":""C.27.12 - Manufacture of electricity distribution and control apparatus""}",Normal procedure,,,,SCHNEIDER / LEGRAND,,en,M.2283,METADATA_CASE,2001-10-10,32004D0275,,40689,"{""items"":[{""reference"":""L101"",""publishedDate"":""2004-04-06"",""priorPublication"":""false""}]}",2004-04-06,false,"{""items"":[{""reference"":""IP/01/1393""}]}",,"{""code"":""DecisionType610"",""label"":""Art. 8(3)""}",en,M.2283-DEC40689,METADATA_DECISION
77,1530,https://ec.europa.eu/competition/mergers/cases/decisions/m2283_20011010_610_nl.pdf,M.2283-DEC40689-ATT42,arbitrag*,NL,"koopgedrag kunnen vertonen, waardoor er voor afnemers slechts zeer beperkte mogelijkheden zijn voor arbitrage tussen de verschillende door de fabrikanten gehanteerde prijzen. De aspecten die de concur",2026-06-05T15:56:43.002218,,,42,NL,DDOC,Art. 8(3) -  - mtf-dec-m-02283-020-2-20011010-0610-pub-nl,,,2004-03-08,nl,METADATA_DECISION_ATTACHMENT,,,,,,,,,,,,,,,Antitrust,SCHNEIDER / LEGRAND,,,,,,,2001-02-19,Merger,,2002-12-04,,,2001-02-19,M.2283,2283,{},,{},,,,Council Regulation 4064/89,,,"{""code"":""NaceSectorsC_27_1_2"",""label"":""C.27.12 - Manufacture of electricity distribution and control apparatus""}",Normal procedure,,,,SCHNEIDER / LEGRAND,,en,M.2283,METADATA_CASE,2001-10-10,32004D0275,,40689,"{""items"":[{""reference"":""L101"",""publishedDate"":""2004-04-06"",""priorPublication"":""false""}]}",2004-04-06,false,"{""items"":[{""reference"":""IP/01/1393""}]}",,"{""code"":""DecisionType610"",""label"":""Art. 8(3)""}",en,M.2283-DEC40689,METADATA_DECISION
78,1532,https://ec.europa.eu/competition/mergers/cases/decisions/m2283_20011010_610_fr.pdf,M.2283-DEC40689-ATT44,arbitrag*,FR,e chaque pays aient un comportement d’achat spécifique qui rendent très limitées les possibilités d'arbitrage de la demande face aux différences des prix pratiqués par les fabricants. Les éléments dét,2026-06-05T15:57:13.581174,,,44,FR,DDOC,Art. 8(3) -  - mtf-dec-m-02283-020-2-20011010-0610-pub-fr,,,2004-03-04,fr,METADATA_DECISION_ATTACHMENT,,,,,,,,,,,,,,,Antitrust,SCHNEIDER / LEGRAND,,,,,,,2001-02-19,Merger,,2002-12-04,,,2001-02-19,M.2283,2283,{},,{},,,,Council Regulation 4064/89,,,"{""code"":""NaceSectorsC_27_1_2"",""label"":""C.27.12 - Manufacture of electricity distribution and control apparatus""}",Normal procedure,,,,SCHNEIDER / LEGRAND,,en,M.2283,METADATA_CASE,2001-10-10,32004D0275,,40689,"{""items"":[{""reference"":""L101"",""publishedDate"":""2004-04-06"",""priorPublication"":""false""}]}",2004-04-06,false,"{""items"":[{""reference"":""IP/01/1393""}]}",,"{""code"":""DecisionType610"",""label"":""Art. 8(3)""}",en,M.2283-DEC40689,METADATA_DECISION
79,1534,https://ec.europa.eu/competition/mergers/cases/decisions/m2283_20011010_610_es.pdf,M.2283-DEC40689-ATT50,arbitraj*,ES,es de cada país tengan un comportamiento de compra específico que limita mucho las posibilidades de arbitraje de la demanda ante las diferencias de precios practicados por los fabricantes. Los element,2026-06-05T15:57:42.202840,,,50,ES,DDOC,Art. 8(3) -  - mtf-dec-m-02283-020-2-20011010-0610-pub-es,,,2004-03-08,es,METADATA_DECISION_ATTACHMENT,,,,,,,,,,,,,,,Antitrust,SCHNEIDER / LEGRAND,,,,,,,2001-02-19,Merger,,2002-12-04,,,2001-02-19,M.2283,2283,{},,{},,,,Council Regulation 4064/89,,,"{""code"":""NaceSectorsC_27_1_2"",""label"":""C.27.12 - Manufacture of electricity distribution and control apparatus""}",Normal procedure,,,,SCHNEIDER / LEGRAND,,en,M.2283,METADATA_CASE,2001-10-10,32004D0275,,40689,"{""items"":[{""reference"":""L101"",""publishedDate"":""2004-04-06"",""priorPublication"":""false""}]}",2004-04-06,false,"{""items"":[{""reference"":""IP/01/1393""}]}",,"{""code"":""DecisionType610"",""label"":""Art. 8(3)""}",en,M.2283-DEC40689,METADATA_DECISION
80,1536,https://ec.europa.eu/competition/mergers/cases/decisions/m2283_20020130_1240_fr.pdf,M.2283-DEC40694-ATT29,arbitrag*,FR,"rincipal concurrent. Or, dans sa réponse, Schneider n'a nullement montré en quoi le résultat de cet arbitrage le conduirait à privilégier le produit financier immédiat de sa vente de Legrand face à un",2026-06-05T15:57:47.439252,,,29,FR,DDOC,Art. 8(4) -  - mtf-dec-m-02283-100-0-20020130-0800-pub-fr,,,2004-02-25,fr,METADATA_DECISION_ATTACHMENT,,,,,,,,,,,,,,,Antitrust,SCHNEIDER / LEGRAND,,,,,,,2001-02-19,Merger,,2002-12-04,,,2001-02-19,M.2283,2283,{},,{},,,,Council Regulation 4064/89,,,"{""code"":""NaceSectorsC_27_1_2"",""label"":""C.27.12 - Manufacture of electricity distribution and control apparatus""}",Normal procedure,,,,SCHNEIDER / LEGRAND,,en,M.2283,METADATA_CASE,2002-01-30,32004D0276,,40694,"{""items"":[{""reference"":""L101"",""publishedDate"":""2004-04-06"",""priorPublication"":""false""}]}",2004-04-06,false,"{""items"":[{""reference"":""IP/02/173""}]}",,"{""code"":""DecisionType1240"",""label"":""Art. 8(4)""}",en,M.2283-DEC40694,METADATA_DECISION
81,1541,https://ec.europa.eu/competition/mergers/cases/decisions/m2283_20020130_1240_es.pdf,M.2283-DEC40694-ATT36,arbitraj*,ES,"ien, en su respuesta, Schneider no mostró de ninguna manera cómo le conduciría el resultado de este arbitraje a preferir el producto financiero inmediato de su venta de Legrand a una ventaja competiti",2026-06-05T15:58:00.261459,,,36,ES,DDOC,Art. 8(4) -  - mtf-dec-m-02283-100-0-20020130-0800-pub-es,,,2004-02-25,es,METADATA_DECISION_ATTACHMENT,,,,,,,,,,,,,,,Antitrust,SCHNEIDER / LEGRAND,,,,,,,2001-02-19,Merger,,2002-12-04,,,2001-02-19,M.2283,2283,{},,{},,,,Council Regulation 4064/89,,,"{""code"":""NaceSectorsC_27_1_2"",""label"":""C.27.12 - Manufacture of electricity distribution and control apparatus""}",Normal procedure,,,,SCHNEIDER / LEGRAND,,en,M.2283,METADATA_CASE,2002-01-30,32004D0276,,40694,"{""items"":[{""reference"":""L101"",""publishedDate"":""2004-04-06"",""priorPublication"":""false""}]}",2004-04-06,false,"{""items"":[{""reference"":""IP/02/173""}]}",,"{""code"":""DecisionType1240"",""label"":""Art. 8(4)""}",en,M.2283-DEC40694,METADATA_DECISION
82,1605,https://ec.europa.eu/competition/mergers/cases/decisions/m235_en.pdf,M.235-DEC38217-ATT2,arbitrat*,EN,ies from Minol's depots on commercially acceptable terms based on local conditions (cost + margin). Arbitration by mutually agreed independent experts will be provided in case of disputes relating to,2026-06-05T15:58:53.294120,,,2,EN,DDOC,Art. 6(1)(b) with conditions & obligations -  - mtf-dec-m-00235-020-1-19920904-0440-pub-en,,,2004-12-07,en,METADATA_DECISION_ATTACHMENT,,,,,,,,,,,,,,,Antitrust,ELF AQUITAINE THYSSEN / MINOL AG,,,,,,,1992-08-03,Merger,,1992-09-04,,,1992-08-03,M.235,235,{},,{},,,,Council Regulation 4064/89,,,"{""code"":""NaceSectorsC_20"",""label"":""C.20 - Manufacture of chemicals and chemical products""} | {""code"":""NaceSectorsC_19_2_0"",""label"":""C.19.20 - Manufacture of refined petroleum products""}",Normal procedure,,,,ELF AQUITAINE THYSSEN / MINOL AG,,en,M.235,METADATA_CASE,1992-09-04,,,38217,"{""items"":[{""reference"":""C232"",""publishedDate"":""1992-09-10"",""priorPublication"":""false""}]}",1992-09-10,false,,,"{""code"":""DecisionType440"",""label"":""Art. 6(1)(b) with conditions & obligations""}",en,M.235-DEC38217,METADATA_DECISION
83,1642,https://ec.europa.eu/competition/mergers/cases/decisions/m214_en.pdf,M.214-DEC38193-ATT2,arbitrat*,EN,"hird party arising out of the implementation of these undertakings will be submitted to independent arbitration to be mutually agreed between Du Pont and such third party."" These undertakings have bee",2026-06-05T15:59:25.372860,,,2,EN,DDOC,Art. 8(2) with conditions & obligations -  - mtf-dec-m-00214-020-2-19920930-0600-pub-en,,,2004-12-07,en,METADATA_DECISION_ATTACHMENT,,,,,,,,,,,,,,,Antitrust,DU PONT / ICI,,,,,,,1992-04-30,Merger,,1992-09-30,,,1992-04-30,M.214,214,,,,,,,Council Regulation 4064/89,,,"{""code"":""NaceSectorsC_20_6_0"",""label"":""C.20.60 - Manufacture of man-made fibres""}",Normal procedure,false,,,DU PONT / ICI,,en,M.214,METADATA_CASE,1992-09-30,,,38193,"{""items"":[{""reference"":""L7"",""publishedDate"":""1993-01-13"",""priorPublication"":""false""}]}",1993-01-13,false,,,"{""code"":""DecisionType600"",""label"":""Art. 8(2) with conditions & obligations""}",en,M.214-DEC38193,METADATA_DECISION
84,1669,https://ec.europa.eu/competition/mergers/cases/decisions/m259_en.pdf,M.259-DEC38244-ATT2,arbitrat*,EN,"ted. Should it be impossible to reach agreement, then the issue shall be resolved by an independent arbitrator, whose appointment will be agreed by the parties concerned. In the event that o agreement",2026-06-05T15:59:40.936443,,,2,EN,DDOC,Art. 6(1)(b) with conditions & obligations -  - mtf-dec-m-00259-020-1-19921127-0440-pub-en,,,2004-12-07,en,METADATA_DECISION_ATTACHMENT,,,,,,,,,,,,,,,Antitrust,BRITISH AIRWAYS / TAT,,,,,,,1992-10-23,Merger,,1992-11-27,,,1992-10-23,M.259,259,{},,{},,,,Council Regulation 4064/89,,,"{""code"":""NaceSectorsH_51"",""label"":""H.51 - Air transport""}",Normal procedure,,,,BRITISH AIRWAYS / TAT,,en,M.259,METADATA_CASE,1992-11-27,,,38244,"{""items"":[{""reference"":""C326"",""publishedDate"":""1992-12-11"",""priorPublication"":""false""}]}",1992-12-11,false,,,"{""code"":""DecisionType440"",""label"":""Art. 6(1)(b) with conditions & obligations""}",en,M.259-DEC38244,METADATA_DECISION
85,1672,https://ec.europa.eu/competition/mergers/cases/decisions/M1806_20000726_600_788410_DE.pdf,M.1806-DEC40141-ATT28,Schieds*,DE,"amen, für die Preise angegeben werden, Amistar und Quadris. Bei Amistar war lag Verhältnis des Unterschieds höchster/niedrigster Preis in 1999 bei [>1]*, für Quadris bei [>1]*. Für den Wirkstoff Hexac",2026-06-05T16:00:06.530863,,,28,DE,DDOC,Art. 8(2) with conditions & obligations - Public version - mtf-dec-m-01806-020-2-20000726-0600-pub-de[1],2010-08-19,,2010-08-18,de,METADATA_DECISION_ATTACHMENT,,,,,,,,,,,,,,,Antitrust,ASTRA ZENECA / NOVARTIS | ASTRA ZENECA / NOVARTIS°,,,,,,,2000-02-18,Merger,,2000-07-26,,,2000-02-18,M.1806,1806,{},,{},,,,Council Regulation 4064/89,,,"{""code"":""NaceSectorsC_20_2_0"",""label"":""C.20.20 - Manufacture of pesticides and other agrochemical products""}",Normal procedure,,,,ASTRA ZENECA / NOVARTIS,,en,M.1806,METADATA_CASE,2000-07-26,32004D0310,,40141,"{""items"":[{""reference"":""L110"",""publishedDate"":""2004-04-16"",""priorPublication"":""false""}]}",2004-04-16,false,"{""items"":[{""reference"":""IP/00/844""}]}",,"{""code"":""DecisionType600"",""label"":""Art. 8(2) with conditions & obligations""}",en,M.1806-DEC40141,METADATA_DECISION
86,1684,https://ec.europa.eu/competition/mergers/cases/decisions/m1802_4_2.pdf,M.1802-DEC40134-ATT4,arbitrag*,FR,"nséquent, compte tenu des caractéristiques marquées des canaux décrits ci-dessus, il n’existe aucun arbitrage possible entre ces deux réseaux de distribution. 20. Dans le cadre de la concentration env",2026-06-05T16:01:21.547755,,,4,FR,DDOC,Art. 6(1)(b) with conditions & obligations -  - m1802-6(2)-FR,,,2006-12-15,fr,METADATA_DECISION_ATTACHMENT,,,,,,,,,,,,,,,Antitrust,UNILEVER / AMORA-MAILLE,,,,,,,2000-01-25,Merger,,2000-03-08,,,2000-01-25,M.1802,1802,,,,,,,Council Regulation 4064/89,,,"{""code"":""NaceSectorsC_10"",""label"":""C.10 - Manufacture of food products""}",Normal procedure,false,,,UNILEVER / AMORA-MAILLE,,en,M.1802,METADATA_CASE,2000-03-08,,,40134,"{""items"":[{""reference"":""C240"",""publishedDate"":""2001-08-28"",""priorPublication"":""false""}]}",2001-08-28,false,"{""items"":[{""reference"":""IP/00/241""}]}",,"{""code"":""DecisionType440"",""label"":""Art. 6(1)(b) with conditions & obligations""}",en,M.1802-DEC40134,METADATA_DECISION
87,1692,https://ec.europa.eu/competition/mergers/cases/decisions/m1813_en.pdf,M.1813-DEC40152-ATT22,arbitrat*,EN,e shall be granted on reasonable commercial terms which in case of disagreement shall be decided in arbitration between Neste and the new owner of the Kitee Business. 4. A Suitable Purchaser shall be,2026-06-05T16:01:27.081965,,,22,EN,DDOC,Art. 8(2) with conditions & obligations -  - mtf-dec-m-01813-020-2-20000712-0600-pub-en,,,2004-12-07,en,METADATA_DECISION_ATTACHMENT,,,,,,,,,,,,,,,Antitrust,INDUSTRI KAPITAL (NORDKEM) / DYNO | INDUSTRI KAPITAL (NORDKEM) / DYNO°,,,,,,,2000-01-24,Merger,,2000-07-12,,,2000-01-24,M.1813,1813,,,,,,,Council Regulation 4064/89,,,"{""code"":""NaceSectorsC_20"",""label"":""C.20 - Manufacture of chemicals and chemical products""}",Normal procedure,false,,,INDUSTRI KAPITAL (NORDKEM) / DYNO,,en,M.1813,METADATA_CASE,2000-07-12,32001D0432,,40152,"{""items"":[{""reference"":""L154"",""publishedDate"":""2001-06-09"",""priorPublication"":""false""}]}",2001-06-09,false,"{""items"":[{""reference"":""IP/00/753""}]}",,"{""code"":""DecisionType600"",""label"":""Art. 8(2) with conditions & obligations""}",en,M.1813-DEC40152,METADATA_DECISION
88,1694,https://ec.europa.eu/competition/mergers/cases/decisions/M1813_20000712_600_788488_PT.pdf,M.1813-DEC40152-ATT28,arbitrag*,PT,"ença será concedida em condições comerciais razoáveis, que em caso de desacordo serão decididas por arbitragem entre a Neste e o novo adquirente da unidade de Kitee. 4. Considera-se como adquirente ad",2026-06-05T16:01:31.732783,,,28,PT,DDOC,Art. 8(2) with conditions & obligations - Public version - mtf-dec-m-01813-020-2-20000712-0600-pub-pt[1],2010-08-19,,2010-08-18,pt,METADATA_DECISION_ATTACHMENT,,,,,,,,,,,,,,,Antitrust,INDUSTRI KAPITAL (NORDKEM) / DYNO | INDUSTRI KAPITAL (NORDKEM) / DYNO°,,,,,,,2000-01-24,Merger,,2000-07-12,,,2000-01-24,M.1813,1813,,,,,,,Council Regulation 4064/89,,,"{""code"":""NaceSectorsC_20"",""label"":""C.20 - Manufacture of chemicals and chemical products""}",Normal procedure,false,,,INDUSTRI KAPITAL (NORDKEM) / DYNO,,en,M.1813,METADATA_CASE,2000-07-12,32001D0432,,40152,"{""items"":[{""reference"":""L154"",""publishedDate"":""2001-06-09"",""priorPublication"":""false""}]}",2001-06-09,false,"{""items"":[{""reference"":""IP/00/753""}]}",,"{""code"":""DecisionType600"",""label"":""Art. 8(2) with conditions & obligations""}",en,M.1813-DEC40152,METADATA_DECISION
89,1695,https://ec.europa.eu/competition/mergers/cases/decisions/M1813_20000712_600_788490_SV.pdf,M.1813-DEC40152-ATT29,skiljeförfar*,SV,ns skall beviljas på rimliga marknadsmässiga villkor som i händelse av oenighet skall avgöras genom skiljeförfarande mellan Neste och den nya ägaren av verksamheten i Kitee. 4. Med lämplig köpare avse,2026-06-05T16:01:33.880775,,,29,SV,DDOC,Art. 8(2) with conditions & obligations - Public version - mtf-dec-m-01813-020-2-20000712-0600-pub-sv[1],2010-08-19,,2010-08-18,sv,METADATA_DECISION_ATTACHMENT,,,,,,,,,,,,,,,Antitrust,INDUSTRI KAPITAL (NORDKEM) / DYNO | INDUSTRI KAPITAL (NORDKEM) / DYNO°,,,,,,,2000-01-24,Merger,,2000-07-12,,,2000-01-24,M.1813,1813,,,,,,,Council Regulation 4064/89,,,"{""code"":""NaceSectorsC_20"",""label"":""C.20 - Manufacture of chemicals and chemical products""}",Normal procedure,false,,,INDUSTRI KAPITAL (NORDKEM) / DYNO,,en,M.1813,METADATA_CASE,2000-07-12,32001D0432,,40152,"{""items"":[{""reference"":""L154"",""publishedDate"":""2001-06-09"",""priorPublication"":""false""}]}",2001-06-09,false,"{""items"":[{""reference"":""IP/00/753""}]}",,"{""code"":""DecisionType600"",""label"":""Art. 8(2) with conditions & obligations""}",en,M.1813-DEC40152,METADATA_DECISION
90,1697,https://ec.europa.eu/competition/mergers/cases/decisions/M1813_20000712_600_788453_DE.pdf,M.1813-DEC40152-ATT31,Schieds*,DE,Konditionen; bei Meinungsverschiedenheiten zwischen Neste und dem neuen Eigentümer entscheidet eine Schiedsstelle. 4. Unter einem geeigneten Käufer ist ein wirtschaftlich gesunder vorhandener oder kün,2026-06-05T16:01:38.373646,,,31,DE,DDOC,Art. 8(2) with conditions & obligations - Public version - mtf-dec-m-01813-020-2-20000712-0600-pub-de[1],2010-08-19,,2010-08-18,de,METADATA_DECISION_ATTACHMENT,,,,,,,,,,,,,,,Antitrust,INDUSTRI KAPITAL (NORDKEM) / DYNO | INDUSTRI KAPITAL (NORDKEM) / DYNO°,,,,,,,2000-01-24,Merger,,2000-07-12,,,2000-01-24,M.1813,1813,,,,,,,Council Regulation 4064/89,,,"{""code"":""NaceSectorsC_20"",""label"":""C.20 - Manufacture of chemicals and chemical products""}",Normal procedure,false,,,INDUSTRI KAPITAL (NORDKEM) / DYNO,,en,M.1813,METADATA_CASE,2000-07-12,32001D0432,,40152,"{""items"":[{""reference"":""L154"",""publishedDate"":""2001-06-09"",""priorPublication"":""false""}]}",2001-06-09,false,"{""items"":[{""reference"":""IP/00/753""}]}",,"{""code"":""DecisionType600"",""label"":""Art. 8(2) with conditions & obligations""}",en,M.1813-DEC40152,METADATA_DECISION
91,1698,https://ec.europa.eu/competition/mergers/cases/decisions/m1813_32_2.pdf,M.1813-DEC40152-ATT32,διαιτη*,EL,"δεια αυτή θα χορηγηθεί υπό λογικούς εµπορικούς όρους, που σε περίπτωση διαφωνίας θα αποφασιστούν µε διαιτησία µεταξύ της Neste και του νέου ιδιοκτήτη της επιχείρησης Kitee. 4. Ως κατάλληλος αγοραστής",2026-06-05T16:01:42.124338,,,32,EL,DDOC,Art. 8(2) with conditions & obligations - Public version - mtf-dec-m-01813-020-2-20000712-0600-pub-el[1],2010-08-19,,2010-08-18,el,METADATA_DECISION_ATTACHMENT,,,,,,,,,,,,,,,Antitrust,INDUSTRI KAPITAL (NORDKEM) / DYNO | INDUSTRI KAPITAL (NORDKEM) / DYNO°,,,,,,,2000-01-24,Merger,,2000-07-12,,,2000-01-24,M.1813,1813,,,,,,,Council Regulation 4064/89,,,"{""code"":""NaceSectorsC_20"",""label"":""C.20 - Manufacture of chemicals and chemical products""}",Normal procedure,false,,,INDUSTRI KAPITAL (NORDKEM) / DYNO,,en,M.1813,METADATA_CASE,2000-07-12,32001D0432,,40152,"{""items"":[{""reference"":""L154"",""publishedDate"":""2001-06-09"",""priorPublication"":""false""}]}",2001-06-09,false,"{""items"":[{""reference"":""IP/00/753""}]}",,"{""code"":""DecisionType600"",""label"":""Art. 8(2) with conditions & obligations""}",en,M.1813-DEC40152,METADATA_DECISION
92,1699,https://ec.europa.eu/competition/mergers/cases/decisions/m1813_33_2.pdf,M.1813-DEC40152-ATT33,arbitraj*,ES,"a se concederá en condiciones comerciales razonables que, en caso de desacuerdo, serán objeto de un arbitraje entre Neste y el nuevo propietario de la actividad de Kitee. 4. Se entiende por ""comprador",2026-06-05T16:01:44.850912,,,33,ES,DDOC,Art. 8(2) with conditions & obligations - Public version - mtf-dec-m-01813-020-2-20000712-0600-pub-es[1],2010-08-19,,2010-08-18,es,METADATA_DECISION_ATTACHMENT,,,,,,,,,,,,,,,Antitrust,INDUSTRI KAPITAL (NORDKEM) / DYNO | INDUSTRI KAPITAL (NORDKEM) / DYNO°,,,,,,,2000-01-24,Merger,,2000-07-12,,,2000-01-24,M.1813,1813,,,,,,,Council Regulation 4064/89,,,"{""code"":""NaceSectorsC_20"",""label"":""C.20 - Manufacture of chemicals and chemical products""}",Normal procedure,false,,,INDUSTRI KAPITAL (NORDKEM) / DYNO,,en,M.1813,METADATA_CASE,2000-07-12,32001D0432,,40152,"{""items"":[{""reference"":""L154"",""publishedDate"":""2001-06-09"",""priorPublication"":""false""}]}",2001-06-09,false,"{""items"":[{""reference"":""IP/00/753""}]}",,"{""code"":""DecisionType600"",""label"":""Art. 8(2) with conditions & obligations""}",en,M.1813-DEC40152,METADATA_DECISION
93,1700,https://ec.europa.eu/competition/mergers/cases/decisions/M1813_20000712_600_788481_FI.pdf,M.1813-DEC40152-ATT34,välimies* | välimiesmenettel*,FI,joista erimielisyystapauksissa päätetään Nesteen ja Kiteen liiketoiminnan uuden omistajan välisessä välimiesmenettelyssä. 4. Sopivan ostajan on oltava kannattava nykyinen tai potentiaalinen kilpailija,2026-06-05T16:01:46.888770,,,34,FI,DDOC,Art. 8(2) with conditions & obligations - Public version - mtf-dec-m-01813-020-2-20000712-0600-pub-fi[1],2010-08-19,,2010-08-18,fi,METADATA_DECISION_ATTACHMENT,,,,,,,,,,,,,,,Antitrust,INDUSTRI KAPITAL (NORDKEM) / DYNO | INDUSTRI KAPITAL (NORDKEM) / DYNO°,,,,,,,2000-01-24,Merger,,2000-07-12,,,2000-01-24,M.1813,1813,,,,,,,Council Regulation 4064/89,,,"{""code"":""NaceSectorsC_20"",""label"":""C.20 - Manufacture of chemicals and chemical products""}",Normal procedure,false,,,INDUSTRI KAPITAL (NORDKEM) / DYNO,,en,M.1813,METADATA_CASE,2000-07-12,32001D0432,,40152,"{""items"":[{""reference"":""L154"",""publishedDate"":""2001-06-09"",""priorPublication"":""false""}]}",2001-06-09,false,"{""items"":[{""reference"":""IP/00/753""}]}",,"{""code"":""DecisionType600"",""label"":""Art. 8(2) with conditions & obligations""}",en,M.1813-DEC40152,METADATA_DECISION
94,1701,https://ec.europa.eu/competition/mergers/cases/decisions/M1813_20000712_600_788482_FR.pdf,M.1813-DEC40152-ATT35,arbitrag*,FR,"est accordée à des conditions commerciales raisonnables qui, en cas de désaccord, font l'objet d'un arbitrage entre Neste et le nouveau propriétaire de l'activité de Kitee. 4. On entend par ""acheteur",2026-06-05T16:01:49.758583,,,35,FR,DDOC,Art. 8(2) with conditions & obligations - Public version - mtf-dec-m-01813-020-2-20000712-0600-pub-fr[1],2010-08-19,,2010-08-18,fr,METADATA_DECISION_ATTACHMENT,,,,,,,,,,,,,,,Antitrust,INDUSTRI KAPITAL (NORDKEM) / DYNO | INDUSTRI KAPITAL (NORDKEM) / DYNO°,,,,,,,2000-01-24,Merger,,2000-07-12,,,2000-01-24,M.1813,1813,,,,,,,Council Regulation 4064/89,,,"{""code"":""NaceSectorsC_20"",""label"":""C.20 - Manufacture of chemicals and chemical products""}",Normal procedure,false,,,INDUSTRI KAPITAL (NORDKEM) / DYNO,,en,M.1813,METADATA_CASE,2000-07-12,32001D0432,,40152,"{""items"":[{""reference"":""L154"",""publishedDate"":""2001-06-09"",""priorPublication"":""false""}]}",2001-06-09,false,"{""items"":[{""reference"":""IP/00/753""}]}",,"{""code"":""DecisionType600"",""label"":""Art. 8(2) with conditions & obligations""}",en,M.1813-DEC40152,METADATA_DECISION
95,1728,https://ec.europa.eu/competition/mergers/cases/decisions/m1846_en.pdf,M.1846-DEC40194-ATT3,arbitrat*,EN,igraine. 64 Any dispute arising under or in connection with this undertaking shall be determined by arbitration in London pursuant to the rules of the London Court of International Arbitration by a si,2026-06-05T16:02:05.592163,,,3,EN,DDOC,Art. 6(1)(b) with conditions & obligations -  - mtf-dec-m-01846-020-1-20000508-0440-pub-en,,,2004-12-07,en,METADATA_DECISION_ATTACHMENT,,,,,,,,,,,,,,,Antitrust,GLAXO WELLCOME / SMITHKLINE BEECHAM,,,,,,,2000-03-20,Merger,,2000-05-08,,,2000-03-20,M.1846,1846,,,,,,,Council Regulation 4064/89,,,"{""code"":""NaceSectorsC_21_2_0"",""label"":""C.21.20 - Manufacture of pharmaceutical preparations""}",Normal procedure,false,,,GLAXO WELLCOME / SMITHKLINE BEECHAM,,en,M.1846,METADATA_CASE,2000-05-08,,,40194,,,false,"{""items"":[{""reference"":""IP/00/452""}]}",,"{""code"":""DecisionType440"",""label"":""Art. 6(1)(b) with conditions & obligations""}",en,M.1846-DEC40194,METADATA_DECISION
96,1742,https://ec.europa.eu/competition/mergers/cases/decisions/m1741_20000628_610_de.pdf,M.1741-DEC40068-ATT21,Schieds*,DE,"arktposition zu verlieren. Kurzum - es ist höchst unwahrscheinlich, dass die Parteien zu einer unterschiedslosen Preisanhebung oder Verschlechterung der Netzanbindung greifen werden, um den Markt in S",2026-06-05T16:02:40.653491,,,21,DE,DDOC,Art. 8(3) -  - mtf-dec-m-01741-020-2-20000628-0610-pub-de,,,2003-10-13,de,METADATA_DECISION_ATTACHMENT,,,,,,,,,,,,,,,Antitrust,MCI WORLDCOM / SPRINT° | MCI WORLDCOM / SPRINT,,,,,,,2000-01-11,Merger,,2000-06-28,,,2000-01-11,M.1741,1741,{},,{},,,,Council Regulation 4064/89,,,"{""code"":""NaceSectorsJ_61"",""label"":""J.61 - Telecommunications""}",Normal procedure,,,,MCI WORLDCOM / SPRINT°,,en,M.1741,METADATA_CASE,2000-06-28,32003D0790,,40068,"{""items"":[{""reference"":""L300"",""publishedDate"":""2003-11-18"",""priorPublication"":""false""}]}",2003-11-18,false,"{""items"":[{""reference"":""IP/00/668""}]}",,"{""code"":""DecisionType610"",""label"":""Art. 8(3)""}",en,M.1741-DEC40068,METADATA_DECISION
97,1760,https://ec.europa.eu/competition/mergers/cases/decisions/m1751_en.pdf,M.1751-DEC40080-ATT4,arbitrat*,EN,"on the consideration for a License or Non-Assert, such disagreement will be resolved by « pendulum arbitration ». Pursuant to such arbitration each party will submit a single proposal for the conside",2026-06-05T16:03:34.079361,,,4,EN,DDOC,Art. 6(1)(b) with conditions & obligations -  - m1751-6(2),,,2006-04-25,en,METADATA_DECISION_ATTACHMENT,,,,,,,,,,,,,,,Antitrust,SHELL / BASF / JV - PROJECT NICOLE,,,,,,,2000-02-15,Merger,,2000-03-29,,,2000-02-15,M.1751,1751,,,,,,,Council Regulation 4064/89,,,"{""code"":""NaceSectorsC_20_1"",""label"":""C.20.1 - Manufacture of basic chemicals, fertilisers and nitrogen compounds, plastics and synthetic rubber in primary forms""}",Normal procedure,false,,,SHELL / BASF / JV - PROJECT NICOLE,,en,M.1751,METADATA_CASE,2000-03-29,,,40080,"{""items"":[{""reference"":""C142"",""publishedDate"":""2000-05-20"",""priorPublication"":""false""}]}",2000-05-20,false,"{""items"":[{""reference"":""IP/00/313""}]}",,"{""code"":""DecisionType440"",""label"":""Art. 6(1)(b) with conditions & obligations""}",en,M.1751-DEC40080,METADATA_DECISION
98,1780,https://ec.europa.eu/competition/mergers/cases/decisions/m2621_62_fr.pdf,M.2621-DEC37893-ATT47,arbitrag* | tribunal arbitral*,FR,"gagements), notamment ceux concernant la nomination et les missions du mandataire et la procédure d'arbitrage, constituent des charges car elles portent sur étapes de mise en œuvre des remèdes qui son",2026-06-05T16:03:44.062873,,,47,FR,DDOC,Art. 6(1)(b) with conditions & obligations -  - m2621-6(2)-FR,,,2005-10-27,fr,METADATA_DECISION_ATTACHMENT,,,,,,,,,,,,,,,Antitrust,SEB / MOULINEX,,,,"{""items"":[{""date"":""2001-12-07"",""name"":""Art. 9 request received on"",""type"":""MEvent12""}]}",2001-12-07,,2001-11-13,Merger,,2003-11-11,,,2001-11-13,M.2621,2621,{},,{},,,,Council Regulation 4064/89,,,"{""code"":""NaceSectorsC_33_2_0"",""label"":""C.33.20 - Installation of industrial machinery and equipment""}",Normal procedure,,,,SEB / MOULINEX,,en,M.2621,METADATA_CASE,2002-01-08,,,37893,"{""items"":[{""reference"":""C49"",""publishedDate"":""2002-02-22"",""priorPublication"":""false""}]}",2002-02-22,false,"{""items"":[{""reference"":""IP/02/22""}]}",,"{""code"":""DecisionType440"",""label"":""Art. 6(1)(b) with conditions & obligations""}",en,M.2621-DEC37893,METADATA_DECISION
99,1814,https://ec.europa.eu/competition/mergers/cases/decisions/m1309_fr.pdf,M.1309-DEC39533-ATT4,arbitrag* | clause compromissoire*,FR,"parentes et non discriminatoires. A cet effet, les parties se proposent de créer, sur la base de la clause compromissoire prévue par le Nouveau Code de Procédure Civile français, une instance d’arbitr",2026-06-05T16:04:18.119988,,,4,FR,DDOC,Art. 6(1)(b) -  - mtf-dec-m-01309-020-1-19990428-0310-pub-fr,,,2004-12-07,fr,METADATA_DECISION_ATTACHMENT,,,,,,,,,,,,,,,Antitrust,MATRA / AEROSPATIALE,,1999-04-28,,,,,1999-03-11,Merger,,1999-04-28,,,1999-03-11,M.1309,1309,,,,,,,Council Regulation 4064/89,,,"{""code"":""NaceSectorsO_84_2_2"",""label"":""O.84.22 - Defence activities""} | {""code"":""NaceSectorsC_30_3"",""label"":""C.30.3 - Manufacture of air and spacecraft and related machinery""}",Normal procedure,false,,,MATRA / AEROSPATIALE,,en,M.1309,METADATA_CASE,1999-04-28,,,39533,"{""items"":[{""reference"":""C133"",""publishedDate"":""1999-05-13"",""priorPublication"":""false""}]}",1999-05-13,false,,,"{""code"":""DecisionType310"",""label"":""Art. 6(1)(b)""}",en,M.1309-DEC39533,METADATA_DECISION
100,1829,https://ec.europa.eu/competition/mergers/cases/decisions/m1313_en.pdf,M.1313-DEC39538-ATT32,arbitrat*,EN,"rs in common, the member who has put forward the proposal shall be entitled to submit the matter to arbitration. 213. If the parties have not within 14 days after the last of the two votes agreed on t",2026-06-05T16:04:29.779571,,,32,EN,DDOC,Art. 8(2) with conditions & obligations -  - mtf-dec-m-01313-020-2-19990309-0600-pub-en,,,2004-12-07,en,METADATA_DECISION_ATTACHMENT,,,,,,,,,,,,,,,Antitrust,DANISH CROWN / VESTJYSKE SLAGTERIER,,,,,,,1998-10-05,Merger,,1999-03-09,,,1998-10-05,M.1313,1313,,,,,,,Council Regulation 4064/89,,,"{""code"":""NaceSectorsA_1_6"",""label"":""A.01.6 - Support activities to agriculture and post-harvest crop activities""}",Normal procedure,false,,,DANISH CROWN / VESTJYSKE SLAGTERIER,,en,M.1313,METADATA_CASE,1999-03-09,32000D0042,,39538,"{""items"":[{""reference"":""L20"",""publishedDate"":""2000-01-25"",""priorPublication"":""false""}]}",2000-01-25,false,"{""items"":[{""reference"":""IP/99/165""}]}",,"{""code"":""DecisionType600"",""label"":""Art. 8(2) with conditions & obligations""}",en,M.1313-DEC39538,METADATA_DECISION
101,1830,https://ec.europa.eu/competition/mergers/cases/decisions/M1313_19990309_600_787537_DA.pdf,M.1313-DEC39538-ATT40,voldgift*,DA,"åneder nedstemmer forslag på nedenstående områder, har forslagsstilleren ret til at sende sagen til voldgift: beslutninger om (a) forhøjelse eller nedsættelse af medlemsbidrag med over 1% på grund af",2026-06-05T16:04:33.592105,,,40,DA,DDOC,Art. 8(2) with conditions & obligations - Public version - mtf-dec-m-01313-020-2-19990309-0600-pub-da[1],2010-08-18,,2010-08-17,da,METADATA_DECISION_ATTACHMENT,,,,,,,,,,,,,,,Antitrust,DANISH CROWN / VESTJYSKE SLAGTERIER,,,,,,,1998-10-05,Merger,,1999-03-09,,,1998-10-05,M.1313,1313,,,,,,,Council Regulation 4064/89,,,"{""code"":""NaceSectorsA_1_6"",""label"":""A.01.6 - Support activities to agriculture and post-harvest crop activities""}",Normal procedure,false,,,DANISH CROWN / VESTJYSKE SLAGTERIER,,en,M.1313,METADATA_CASE,1999-03-09,32000D0042,,39538,"{""items"":[{""reference"":""L20"",""publishedDate"":""2000-01-25"",""priorPublication"":""false""}]}",2000-01-25,false,"{""items"":[{""reference"":""IP/99/165""}]}",,"{""code"":""DecisionType600"",""label"":""Art. 8(2) with conditions & obligations""}",en,M.1313-DEC39538,METADATA_DECISION
102,1831,https://ec.europa.eu/competition/mergers/cases/decisions/M1313_19990309_600_787541_DE.pdf,M.1313-DEC39538-ATT41,Schiedsgericht* | Schiedsverfahren* | Schieds*,DE,die Veterinär- kontrollen in den einzelnen Mitgliedstaaten auf Gemeinschaftsrecht beruhen und unterschiedslos gehandhabt werden und daß schließlich Schweinefleisch nach Dänemark eingeführt und an die,2026-06-05T16:04:37.722866,,,41,DE,DDOC,Art. 8(2) with conditions & obligations - Public version - mtf-dec-m-01313-020-2-19990309-0600-pub-de[1],2010-08-18,,2010-08-17,de,METADATA_DECISION_ATTACHMENT,,,,,,,,,,,,,,,Antitrust,DANISH CROWN / VESTJYSKE SLAGTERIER,,,,,,,1998-10-05,Merger,,1999-03-09,,,1998-10-05,M.1313,1313,,,,,,,Council Regulation 4064/89,,,"{""code"":""NaceSectorsA_1_6"",""label"":""A.01.6 - Support activities to agriculture and post-harvest crop activities""}",Normal procedure,false,,,DANISH CROWN / VESTJYSKE SLAGTERIER,,en,M.1313,METADATA_CASE,1999-03-09,32000D0042,,39538,"{""items"":[{""reference"":""L20"",""publishedDate"":""2000-01-25"",""priorPublication"":""false""}]}",2000-01-25,false,"{""items"":[{""reference"":""IP/99/165""}]}",,"{""code"":""DecisionType600"",""label"":""Art. 8(2) with conditions & obligations""}",en,M.1313-DEC39538,METADATA_DECISION
103,1832,https://ec.europa.eu/competition/mergers/cases/decisions/M1313_19990309_600_787544_EL.pdf,M.1313-DEC39538-ATT42,διαιτη*,EL,"το τµήµα 3.1.1., το µέλος που έχει εισηγηθεί την πρόταση έχει το δικαίωµα να παραπέµψει το θέµα σε διαιτησία. 213. Εάν εντός 14 ηµερών µετά την τελευταία από τις δύο ψηφοφορίες τα µέρη δεν έχουν συµφ",2026-06-05T16:04:45.200825,,,42,EL,DDOC,Art. 8(2) with conditions & obligations - Public version - mtf-dec-m-01313-020-2-19990309-0600-pub-el[1],2010-08-18,,2010-08-17,el,METADATA_DECISION_ATTACHMENT,,,,,,,,,,,,,,,Antitrust,DANISH CROWN / VESTJYSKE SLAGTERIER,,,,,,,1998-10-05,Merger,,1999-03-09,,,1998-10-05,M.1313,1313,,,,,,,Council Regulation 4064/89,,,"{""code"":""NaceSectorsA_1_6"",""label"":""A.01.6 - Support activities to agriculture and post-harvest crop activities""}",Normal procedure,false,,,DANISH CROWN / VESTJYSKE SLAGTERIER,,en,M.1313,METADATA_CASE,1999-03-09,32000D0042,,39538,"{""items"":[{""reference"":""L20"",""publishedDate"":""2000-01-25"",""priorPublication"":""false""}]}",2000-01-25,false,"{""items"":[{""reference"":""IP/99/165""}]}",,"{""code"":""DecisionType600"",""label"":""Art. 8(2) with conditions & obligations""}",en,M.1313-DEC39538,METADATA_DECISION
105,1835,https://ec.europa.eu/competition/mergers/cases/decisions/m1313_45_2.pdf,M.1313-DEC39538-ATT45,arbitrag*,FR,"ormateurs que pour la consommation de viande fraîche. Il existe par 8 conséquent des possibilités d'arbitrage théoriques limitées entre ces deux canaux. Toutefois, pour que cet arbitrage puisse être u",2026-06-05T16:04:58.544397,,,45,FR,DDOC,Art. 8(2) with conditions & obligations - Public version - mtf-dec-m-01313-020-2-19990309-0600-pub-fr[1],2010-08-18,,2010-08-17,fr,METADATA_DECISION_ATTACHMENT,,,,,,,,,,,,,,,Antitrust,DANISH CROWN / VESTJYSKE SLAGTERIER,,,,,,,1998-10-05,Merger,,1999-03-09,,,1998-10-05,M.1313,1313,,,,,,,Council Regulation 4064/89,,,"{""code"":""NaceSectorsA_1_6"",""label"":""A.01.6 - Support activities to agriculture and post-harvest crop activities""}",Normal procedure,false,,,DANISH CROWN / VESTJYSKE SLAGTERIER,,en,M.1313,METADATA_CASE,1999-03-09,32000D0042,,39538,"{""items"":[{""reference"":""L20"",""publishedDate"":""2000-01-25"",""priorPublication"":""false""}]}",2000-01-25,false,"{""items"":[{""reference"":""IP/99/165""}]}",,"{""code"":""DecisionType600"",""label"":""Art. 8(2) with conditions & obligations""}",en,M.1313-DEC39538,METADATA_DECISION
104,1833,https://ec.europa.eu/competition/mergers/cases/decisions/M1313_19990309_600_787545_ES.pdf,M.1313-DEC39538-ATT43,arbitraj*,ES,", una vez que el matadero ha procedido al despiece de la carne, se elimina cualquier posibilidad de arbitraje con las piezas obtenidas. Las partes han descrito las piezas vendidas a las empresas de tr",2026-06-05T16:04:59.918499,,,43,ES,DDOC,Art. 8(2) with conditions & obligations - Public version - mtf-dec-m-01313-020-2-19990309-0600-pub-es[1],2010-08-18,,2010-08-17,es,METADATA_DECISION_ATTACHMENT,,,,,,,,,,,,,,,Antitrust,DANISH CROWN / VESTJYSKE SLAGTERIER,,,,,,,1998-10-05,Merger,,1999-03-09,,,1998-10-05,M.1313,1313,,,,,,,Council Regulation 4064/89,,,"{""code"":""NaceSectorsA_1_6"",""label"":""A.01.6 - Support activities to agriculture and post-harvest crop activities""}",Normal procedure,false,,,DANISH CROWN / VESTJYSKE SLAGTERIER,,en,M.1313,METADATA_CASE,1999-03-09,32000D0042,,39538,"{""items"":[{""reference"":""L20"",""publishedDate"":""2000-01-25"",""priorPublication"":""false""}]}",2000-01-25,false,"{""items"":[{""reference"":""IP/99/165""}]}",,"{""code"":""DecisionType600"",""label"":""Art. 8(2) with conditions & obligations""}",en,M.1313-DEC39538,METADATA_DECISION
106,1836,https://ec.europa.eu/competition/mergers/cases/decisions/M1313_19990309_600_787548_IT.pdf,M.1313-DEC39538-ATT46,arbitral*,IT,"one 3.1.1, il socio che ha avanzato la proposta ha il diritto di sottoporre la questione a giudizio arbitrale. 213. Se, entro 14 giorni dalla seconda votazione, le parti non si sono accordate sulla sc",2026-06-05T16:05:02.974502,,,46,IT,DDOC,Art. 8(2) with conditions & obligations - Public version - mtf-dec-m-01313-020-2-19990309-0600-pub-it[1],2010-08-18,,2010-08-17,it,METADATA_DECISION_ATTACHMENT,,,,,,,,,,,,,,,Antitrust,DANISH CROWN / VESTJYSKE SLAGTERIER,,,,,,,1998-10-05,Merger,,1999-03-09,,,1998-10-05,M.1313,1313,,,,,,,Council Regulation 4064/89,,,"{""code"":""NaceSectorsA_1_6"",""label"":""A.01.6 - Support activities to agriculture and post-harvest crop activities""}",Normal procedure,false,,,DANISH CROWN / VESTJYSKE SLAGTERIER,,en,M.1313,METADATA_CASE,1999-03-09,32000D0042,,39538,"{""items"":[{""reference"":""L20"",""publishedDate"":""2000-01-25"",""priorPublication"":""false""}]}",2000-01-25,false,"{""items"":[{""reference"":""IP/99/165""}]}",,"{""code"":""DecisionType600"",""label"":""Art. 8(2) with conditions & obligations""}",en,M.1313-DEC39538,METADATA_DECISION
107,1837,https://ec.europa.eu/competition/mergers/cases/decisions/M1313_19990309_600_787550_PT.pdf,M.1313-DEC39538-ATT47,arbitrag*,PT,"entanto, após o esquartejamento da carne pelo matadouro, deixa de existir qualquer possibilidade de arbitragem em relação a estes cortes. As partes identificaram um número limitado de cortes que são v",2026-06-05T16:05:07.687600,,,47,PT,DDOC,Art. 8(2) with conditions & obligations - Public version - mtf-dec-m-01313-020-2-19990309-0600-pub-pt[1],2010-08-18,,2010-08-17,pt,METADATA_DECISION_ATTACHMENT,,,,,,,,,,,,,,,Antitrust,DANISH CROWN / VESTJYSKE SLAGTERIER,,,,,,,1998-10-05,Merger,,1999-03-09,,,1998-10-05,M.1313,1313,,,,,,,Council Regulation 4064/89,,,"{""code"":""NaceSectorsA_1_6"",""label"":""A.01.6 - Support activities to agriculture and post-harvest crop activities""}",Normal procedure,false,,,DANISH CROWN / VESTJYSKE SLAGTERIER,,en,M.1313,METADATA_CASE,1999-03-09,32000D0042,,39538,"{""items"":[{""reference"":""L20"",""publishedDate"":""2000-01-25"",""priorPublication"":""false""}]}",2000-01-25,false,"{""items"":[{""reference"":""IP/99/165""}]}",,"{""code"":""DecisionType600"",""label"":""Art. 8(2) with conditions & obligations""}",en,M.1313-DEC39538,METADATA_DECISION
108,1838,https://ec.europa.eu/competition/mergers/cases/decisions/M1313_19990309_600_787552_SV.pdf,M.1313-DEC39538-ATT48,skiljedom*,SV,m förslaget ha rätt att begära medling i frågan. 213. I det fall att parterna inte fattat beslut om skiljedomare inom 14 dagar efter den sista av de två omröstningarna skall ordföranden i Sø- og Hande,2026-06-05T16:05:11.940544,,,48,SV,DDOC,Art. 8(2) with conditions & obligations - Public version - mtf-dec-m-01313-020-2-19990309-0600-pub-sv[1],2010-08-18,,2010-08-17,sv,METADATA_DECISION_ATTACHMENT,,,,,,,,,,,,,,,Antitrust,DANISH CROWN / VESTJYSKE SLAGTERIER,,,,,,,1998-10-05,Merger,,1999-03-09,,,1998-10-05,M.1313,1313,,,,,,,Council Regulation 4064/89,,,"{""code"":""NaceSectorsA_1_6"",""label"":""A.01.6 - Support activities to agriculture and post-harvest crop activities""}",Normal procedure,false,,,DANISH CROWN / VESTJYSKE SLAGTERIER,,en,M.1313,METADATA_CASE,1999-03-09,32000D0042,,39538,"{""items"":[{""reference"":""L20"",""publishedDate"":""2000-01-25"",""priorPublication"":""false""}]}",2000-01-25,false,"{""items"":[{""reference"":""IP/99/165""}]}",,"{""code"":""DecisionType600"",""label"":""Art. 8(2) with conditions & obligations""}",en,M.1313-DEC39538,METADATA_DECISION
109,1850,https://ec.europa.eu/competition/mergers/cases/decisions/m1795_en.pdf,M.1795-DEC40126-ATT5,arbitrat*,EN,iples set out in Annex 4 to this Undertaking which shall be provided on a confidential basis to the arbitration tribunal referred to in Clause 25 for the purposes of any Fast Track Procedure under tha,2026-06-05T16:05:19.504446,,,5,EN,DDOC,Art. 6(1)(b) with conditions & obligations -  - mtf-dec-m-01795-020-1-20000412-0440-pub-en,,,2004-12-07,en,METADATA_DECISION_ATTACHMENT,,,,,,,,,,,,,,,Antitrust,VODAFONE AIRTOUCH / MANNESMANN,,,,,,,2000-02-29,Merger,,2002-07-26,,,2000-02-29,M.1795,1795,,,,,,,Council Regulation 4064/89,,,"{""code"":""NaceSectorsJ_61"",""label"":""J.61 - Telecommunications""}",Normal procedure,false,,,VODAFONE AIRTOUCH / MANNESMANN,,en,M.1795,METADATA_CASE,2000-04-12,,,40126,"{""items"":[{""reference"":""C141"",""publishedDate"":""2000-05-19"",""priorPublication"":""false""}]}",2000-05-19,false,"{""items"":[{""reference"":""IP/00/373""}]}",,"{""code"":""DecisionType440"",""label"":""Art. 6(1)(b) with conditions & obligations""}",en,M.1795-DEC40126,METADATA_DECISION
110,1962,https://ec.europa.eu/competition/mergers/cases/decisions/m1368_en.pdf,M.1368-DEC39607-ATT4,arbitrat*,EN,"two thirds will be required but should the deadlock persist recourse would be made to mediation and arbitration procedures. Therefore, the joint venture will be jointly controlled by the parents as no",2026-06-05T16:06:34.303547,,,4,EN,DDOC,Art. 6(1)(b) -  - mtf-dec-m-01368-020-1-19981221-0310-pub-en,,,2004-12-07,en,METADATA_DECISION_ATTACHMENT,,,,,,,,,,,,,,,Antitrust,FORD / ZF,,1998-12-23,,,,,1998-11-20,Merger,,1998-12-21,,,1998-11-20,M.1368,1368,,,,,,,Council Regulation 4064/89,,,"{""code"":""NaceSectorsC_29_3_2"",""label"":""C.29.32 - Manufacture of other parts and accessories for motor vehicles""}",Normal procedure,false,,,FORD / ZF,,en,M.1368,METADATA_CASE,1998-12-21,,,39607,"{""items"":[{""reference"":""C32"",""publishedDate"":""1999-02-06"",""priorPublication"":""false""}]}",1999-02-06,false,,,"{""code"":""DecisionType310"",""label"":""Art. 6(1)(b)""}",en,M.1368-DEC39607,METADATA_DECISION
111,1979,https://ec.europa.eu/competition/mergers/cases/decisions/m2220_20010703_610_en.pdf,M.2220-DEC40619-ATT29,arbitrat*,EN,"in writing. In order to ensure compliance with those undertakings, the parties propose to set up an arbitration scheme, whereby any affected interested third party may initiate arbitration. The partie",2026-06-05T16:06:50.086546,,,29,EN,DDOC,Art. 8(3) -  - m2220-8(3)-en-web-corrected,,,2005-10-27,en,METADATA_DECISION_ATTACHMENT,,,,,,,,,,,,,,,Antitrust,GENERAL ELECTRIC / HONEYWELL,,2001-07-12,,,,,2001-02-05,Merger,,2001-07-03,,,2001-02-05,M.2220,2220,,,,,,,Council Regulation 4064/89,,,"{""code"":""NaceSectorsC_26_5_1"",""label"":""C.26.51 - Manufacture of instruments and appliances for measuring, testing and navigation""} | {""code"":""NaceSectorsC_20_1_6"",""label"":""C.20.16 - Manufacture of plastics in primary forms""} | {""code"":""NaceSectorsC_28_1_1"",""label"":""C.28.11 - Manufacture of engines and turbines, except aircraft, vehicle and cycle engines""}",Normal procedure,false,,,GENERAL ELECTRIC / HONEYWELL,,en,M.2220,METADATA_CASE,2001-07-03,32004D0134,,40619,"{""items"":[{""reference"":""L48"",""publishedDate"":""2004-02-18"",""priorPublication"":""false""}]}",2004-02-18,false,"{""items"":[{""reference"":""IP/01/939""}]}",,"{""code"":""DecisionType610"",""label"":""Art. 8(3)""}",en,M.2220-DEC40619,METADATA_DECISION
112,1980,https://ec.europa.eu/competition/mergers/cases/decisions/m2220_20010703_610_nl.pdf,M.2220-DEC40619-ATT30,arbitrag*,NL,"nbod heeft verzocht. Om naleving van deze verbintenissen te garanderen stellen de partijen voor een arbitragesysteem in te stellen, waarbij elke betrokken derde partij om arbitrage kan verzoeken. De p",2026-06-05T16:07:01.869416,,,30,NL,DDOC,Art. 8(3) -  - m2220-8(3)-nl-web-corrected,,,2005-10-27,nl,METADATA_DECISION_ATTACHMENT,,,,,,,,,,,,,,,Antitrust,GENERAL ELECTRIC / HONEYWELL,,2001-07-12,,,,,2001-02-05,Merger,,2001-07-03,,,2001-02-05,M.2220,2220,,,,,,,Council Regulation 4064/89,,,"{""code"":""NaceSectorsC_26_5_1"",""label"":""C.26.51 - Manufacture of instruments and appliances for measuring, testing and navigation""} | {""code"":""NaceSectorsC_20_1_6"",""label"":""C.20.16 - Manufacture of plastics in primary forms""} | {""code"":""NaceSectorsC_28_1_1"",""label"":""C.28.11 - Manufacture of engines and turbines, except aircraft, vehicle and cycle engines""}",Normal procedure,false,,,GENERAL ELECTRIC / HONEYWELL,,en,M.2220,METADATA_CASE,2001-07-03,32004D0134,,40619,"{""items"":[{""reference"":""L48"",""publishedDate"":""2004-02-18"",""priorPublication"":""false""}]}",2004-02-18,false,"{""items"":[{""reference"":""IP/01/939""}]}",,"{""code"":""DecisionType610"",""label"":""Art. 8(3)""}",en,M.2220-DEC40619,METADATA_DECISION
113,1981,https://ec.europa.eu/competition/mergers/cases/decisions/m2220_20010703_610_es.pdf,M.2220-DEC40619-ATT31,arbitraj*,ES,"combinados. Para garantizar el cumplimiento de este compromiso, las partes proponen un mecanismo de arbitraje por el que pueda solicitar el arbitraje cualquier persona que se considere afectada por un",2026-06-05T16:07:11.995608,,,31,ES,DDOC,Art. 8(3) -  - m2220-8(3)-es-web-corrected,,,2005-10-27,es,METADATA_DECISION_ATTACHMENT,,,,,,,,,,,,,,,Antitrust,GENERAL ELECTRIC / HONEYWELL,,2001-07-12,,,,,2001-02-05,Merger,,2001-07-03,,,2001-02-05,M.2220,2220,,,,,,,Council Regulation 4064/89,,,"{""code"":""NaceSectorsC_26_5_1"",""label"":""C.26.51 - Manufacture of instruments and appliances for measuring, testing and navigation""} | {""code"":""NaceSectorsC_20_1_6"",""label"":""C.20.16 - Manufacture of plastics in primary forms""} | {""code"":""NaceSectorsC_28_1_1"",""label"":""C.28.11 - Manufacture of engines and turbines, except aircraft, vehicle and cycle engines""}",Normal procedure,false,,,GENERAL ELECTRIC / HONEYWELL,,en,M.2220,METADATA_CASE,2001-07-03,32004D0134,,40619,"{""items"":[{""reference"":""L48"",""publishedDate"":""2004-02-18"",""priorPublication"":""false""}]}",2004-02-18,false,"{""items"":[{""reference"":""IP/01/939""}]}",,"{""code"":""DecisionType610"",""label"":""Art. 8(3)""}",en,M.2220-DEC40619,METADATA_DECISION
114,1982,https://ec.europa.eu/competition/mergers/cases/decisions/m2220_20010703_610_da.pdf,M.2220-DEC40619-ATT36,voldgift*,DA,"akketilbud. For at sikre, at disse tilsagn overholdes, har parterne foreslået, at der fastlægges en voldgiftsordning, hvorved en eventuelt berørt tredjemand kan lade sagen afgøre ved voldgift. Partern",2026-06-05T16:07:21.066374,,,36,DA,DDOC,Art. 8(3) -  - m2220-8(3)-da-web-corrected,,,2005-10-27,da,METADATA_DECISION_ATTACHMENT,,,,,,,,,,,,,,,Antitrust,GENERAL ELECTRIC / HONEYWELL,,2001-07-12,,,,,2001-02-05,Merger,,2001-07-03,,,2001-02-05,M.2220,2220,,,,,,,Council Regulation 4064/89,,,"{""code"":""NaceSectorsC_26_5_1"",""label"":""C.26.51 - Manufacture of instruments and appliances for measuring, testing and navigation""} | {""code"":""NaceSectorsC_20_1_6"",""label"":""C.20.16 - Manufacture of plastics in primary forms""} | {""code"":""NaceSectorsC_28_1_1"",""label"":""C.28.11 - Manufacture of engines and turbines, except aircraft, vehicle and cycle engines""}",Normal procedure,false,,,GENERAL ELECTRIC / HONEYWELL,,en,M.2220,METADATA_CASE,2001-07-03,32004D0134,,40619,"{""items"":[{""reference"":""L48"",""publishedDate"":""2004-02-18"",""priorPublication"":""false""}]}",2004-02-18,false,"{""items"":[{""reference"":""IP/01/939""}]}",,"{""code"":""DecisionType610"",""label"":""Art. 8(3)""}",en,M.2220-DEC40619,METADATA_DECISION
115,1983,https://ec.europa.eu/competition/mergers/cases/decisions/m2220_20010703_610_de.pdf,M.2220-DEC40619-ATT37,Schiedsverfahren* | Schieds*,DE,"Um die Einhaltung dieser Verpflichtungen sicherzustellen, schlagen die Parteien die Schaffung einer Schiedsordnung vor, nach der jeder betroffene Beteiligte ein Schiedsverfahren veranlassen kann. Die",2026-06-05T16:07:31.189311,,,37,DE,DDOC,Art. 8(3) -  - m2220-8(3)-de-web-corrected,,,2005-10-27,de,METADATA_DECISION_ATTACHMENT,,,,,,,,,,,,,,,Antitrust,GENERAL ELECTRIC / HONEYWELL,,2001-07-12,,,,,2001-02-05,Merger,,2001-07-03,,,2001-02-05,M.2220,2220,,,,,,,Council Regulation 4064/89,,,"{""code"":""NaceSectorsC_26_5_1"",""label"":""C.26.51 - Manufacture of instruments and appliances for measuring, testing and navigation""} | {""code"":""NaceSectorsC_20_1_6"",""label"":""C.20.16 - Manufacture of plastics in primary forms""} | {""code"":""NaceSectorsC_28_1_1"",""label"":""C.28.11 - Manufacture of engines and turbines, except aircraft, vehicle and cycle engines""}",Normal procedure,false,,,GENERAL ELECTRIC / HONEYWELL,,en,M.2220,METADATA_CASE,2001-07-03,32004D0134,,40619,"{""items"":[{""reference"":""L48"",""publishedDate"":""2004-02-18"",""priorPublication"":""false""}]}",2004-02-18,false,"{""items"":[{""reference"":""IP/01/939""}]}",,"{""code"":""DecisionType610"",""label"":""Art. 8(3)""}",en,M.2220-DEC40619,METADATA_DECISION
116,1985,https://ec.europa.eu/competition/mergers/cases/decisions/m2220_20010703_610_fr.pdf,M.2220-DEC40619-ATT39,arbitrag*,FR,"Afin d'assurer le respect de ces engagements, les parties proposent de mettre en place un système d'arbitrage auquel toute partie tierce affectée pourra décider de recourir. Les parties s'engagent à s",2026-06-05T16:07:50.653753,,,39,FR,DDOC,Art. 8(3) -  - m2220-8(3)-fr-web-corrected,,,2005-10-27,fr,METADATA_DECISION_ATTACHMENT,,,,,,,,,,,,,,,Antitrust,GENERAL ELECTRIC / HONEYWELL,,2001-07-12,,,,,2001-02-05,Merger,,2001-07-03,,,2001-02-05,M.2220,2220,,,,,,,Council Regulation 4064/89,,,"{""code"":""NaceSectorsC_26_5_1"",""label"":""C.26.51 - Manufacture of instruments and appliances for measuring, testing and navigation""} | {""code"":""NaceSectorsC_20_1_6"",""label"":""C.20.16 - Manufacture of plastics in primary forms""} | {""code"":""NaceSectorsC_28_1_1"",""label"":""C.28.11 - Manufacture of engines and turbines, except aircraft, vehicle and cycle engines""}",Normal procedure,false,,,GENERAL ELECTRIC / HONEYWELL,,en,M.2220,METADATA_CASE,2001-07-03,32004D0134,,40619,"{""items"":[{""reference"":""L48"",""publishedDate"":""2004-02-18"",""priorPublication"":""false""}]}",2004-02-18,false,"{""items"":[{""reference"":""IP/01/939""}]}",,"{""code"":""DecisionType610"",""label"":""Art. 8(3)""}",en,M.2220-DEC40619,METADATA_DECISION
117,1986,https://ec.europa.eu/competition/mergers/cases/decisions/m2220_20010703_610_pt.pdf,M.2220-DEC40619-ATT40,arbitrag*,PT,"assegurar o cumprimento dos compromissos referidos, as partes propuseram a criação de um sistema de arbitragem, mediante o qual qualquer terceiro lesado pudesse iniciar um processo de arbitragem. As p",2026-06-05T16:08:00.507290,,,40,PT,DDOC,Art. 8(3) -  - m2220-8(3)-pt-web-corrected,,,2005-10-27,pt,METADATA_DECISION_ATTACHMENT,,,,,,,,,,,,,,,Antitrust,GENERAL ELECTRIC / HONEYWELL,,2001-07-12,,,,,2001-02-05,Merger,,2001-07-03,,,2001-02-05,M.2220,2220,,,,,,,Council Regulation 4064/89,,,"{""code"":""NaceSectorsC_26_5_1"",""label"":""C.26.51 - Manufacture of instruments and appliances for measuring, testing and navigation""} | {""code"":""NaceSectorsC_20_1_6"",""label"":""C.20.16 - Manufacture of plastics in primary forms""} | {""code"":""NaceSectorsC_28_1_1"",""label"":""C.28.11 - Manufacture of engines and turbines, except aircraft, vehicle and cycle engines""}",Normal procedure,false,,,GENERAL ELECTRIC / HONEYWELL,,en,M.2220,METADATA_CASE,2001-07-03,32004D0134,,40619,"{""items"":[{""reference"":""L48"",""publishedDate"":""2004-02-18"",""priorPublication"":""false""}]}",2004-02-18,false,"{""items"":[{""reference"":""IP/01/939""}]}",,"{""code"":""DecisionType610"",""label"":""Art. 8(3)""}",en,M.2220-DEC40619,METADATA_DECISION
118,1987,https://ec.europa.eu/competition/mergers/cases/decisions/m2220_20010703_610_it.pdf,M.2220-DEC40619-ATT50,arbitral*,IT,i interessati possono avviare una procedura d’arbitrato. Le parti s’impegnano a conformarsi al lodo arbitrale entro [...]*. 131 Il presente testo ha carattere esclusivamente informativo e non costitui,2026-06-05T16:08:10.255973,,,50,IT,DDOC,Art. 8(3) -  - m2220-8(3)-it-web-corrected,,,2005-10-27,it,METADATA_DECISION_ATTACHMENT,,,,,,,,,,,,,,,Antitrust,GENERAL ELECTRIC / HONEYWELL,,2001-07-12,,,,,2001-02-05,Merger,,2001-07-03,,,2001-02-05,M.2220,2220,,,,,,,Council Regulation 4064/89,,,"{""code"":""NaceSectorsC_26_5_1"",""label"":""C.26.51 - Manufacture of instruments and appliances for measuring, testing and navigation""} | {""code"":""NaceSectorsC_20_1_6"",""label"":""C.20.16 - Manufacture of plastics in primary forms""} | {""code"":""NaceSectorsC_28_1_1"",""label"":""C.28.11 - Manufacture of engines and turbines, except aircraft, vehicle and cycle engines""}",Normal procedure,false,,,GENERAL ELECTRIC / HONEYWELL,,en,M.2220,METADATA_CASE,2001-07-03,32004D0134,,40619,"{""items"":[{""reference"":""L48"",""publishedDate"":""2004-02-18"",""priorPublication"":""false""}]}",2004-02-18,false,"{""items"":[{""reference"":""IP/01/939""}]}",,"{""code"":""DecisionType610"",""label"":""Art. 8(3)""}",en,M.2220-DEC40619,METADATA_DECISION
119,1989,https://ec.europa.eu/competition/mergers/cases/decisions/m2220_20010703_610_el.pdf,M.2220-DEC40619-ATT53,διαιτη*,EL,"η GE. Για να εξασφαλιστεί η τήρηση αυτών των δεσµεύσεων, τα µέρη προτείνουν να θεσπιστεί διαδικασία διαιτησίας, την οποία οποιοσδήποτε θιγόµενος ενδιαφερόµενος τρίτος δύναται να κινήσει. Τα µέρη δεσµε",2026-06-05T16:08:38.692102,,,53,EL,DDOC,Art. 8(3) -  - m2220-8(3)-el-web-corrected,,,2005-10-27,el,METADATA_DECISION_ATTACHMENT,,,,,,,,,,,,,,,Antitrust,GENERAL ELECTRIC / HONEYWELL,,2001-07-12,,,,,2001-02-05,Merger,,2001-07-03,,,2001-02-05,M.2220,2220,,,,,,,Council Regulation 4064/89,,,"{""code"":""NaceSectorsC_26_5_1"",""label"":""C.26.51 - Manufacture of instruments and appliances for measuring, testing and navigation""} | {""code"":""NaceSectorsC_20_1_6"",""label"":""C.20.16 - Manufacture of plastics in primary forms""} | {""code"":""NaceSectorsC_28_1_1"",""label"":""C.28.11 - Manufacture of engines and turbines, except aircraft, vehicle and cycle engines""}",Normal procedure,false,,,GENERAL ELECTRIC / HONEYWELL,,en,M.2220,METADATA_CASE,2001-07-03,32004D0134,,40619,"{""items"":[{""reference"":""L48"",""publishedDate"":""2004-02-18"",""priorPublication"":""false""}]}",2004-02-18,false,"{""items"":[{""reference"":""IP/01/939""}]}",,"{""code"":""DecisionType610"",""label"":""Art. 8(3)""}",en,M.2220-DEC40619,METADATA_DECISION
120,2014,https://ec.europa.eu/competition/mergers/cases/decisions/m1383_19990929_600_de.pdf,M.1383-DEC{0751CC4C-A125-405A-B845-0DAD87DCDD6E}-ATT72,Schieds*,DE,"trielle Schmierstoffe (ohne spezielle Einsatzgebiete wie Druckfarbe oder Gummi) wegen des Preisunterschieds und der technischen Merkmale nicht wettbewerbsfähig ist. Dasselbe gilt für Raffinerien, die",2026-06-05T16:09:33.135367,"{""code"":""DocumentCategory0587"",""label"":""Decision - web publication""}",2004-03-08,72,DE,,,,,2004-03-08,de,METADATA_DECISION_ATTACHMENT,,,,,,,,,,,,,,,,,,,Competition DG,,,"{""items"":[{}]}",1998-12-01,Merger,,1999-09-28,,,1999-05-03,M.1383,1383,"{""items"":[{""reference"":""C:1999:127:2"",""webDescription"":"""",""pageNumber"":""2"",""referenceNumber"":""127"",""referenceYear"":""1999"",""referenceSeries"":""C"",""publishedDate"":""1999-05-07""}]}",1999-05-07,"{""items"":[{}]}",,,,Council Regulation 4064/89,,,"{""code"":""NaceSectorsC_19_2_0"",""label"":""C.19.20 - Manufacture of refined petroleum products""} | {""code"":""NaceSectorsB_6"",""label"":""B.06 - Extraction of crude petroleum and natural gas""} | {""code"":""NaceSectorsC_20"",""label"":""C.20 - Manufacture of chemicals and chemical products""}",Normal,,"{""items"":[{""date"":""1999-06-02"",""description"":""Changed deadline - Art. 9 request received on 02.06.1999"",""type"":""MEvent30"",""label"":""Changed deadline - Art. 9 request received on DATE_PLACEHOLDER"",""url"":""""}]}",1999-06-02,EXXON / MOBIL,"{""code"":""MergerCaseType1"",""label"":""Merger""}",en,M.1383,METADATA_CASE,1999-09-29,,"{""items"":[{}]}",{0751CC4C-A125-405A-B845-0DAD87DCDD6E},"{""items"":[{""reference"":""L:2004:103:"",""webDescription"":"""",""pageNumber"":"""",""referenceNumber"":""103"",""referenceYear"":""2004"",""referenceSeries"":""L"",""publishedDate"":""2004-04-07""}]}",2004-04-07,,"{""items"":[{}]}",,"{""code"":""DecisionType600"",""label"":""Art. 8(2) with conditions & obligations""}",en,M.1383-DEC{0751CC4C-A125-405A-B845-0DAD87DCDD6E},METADATA_DECISION
121,2017,https://ec.europa.eu/competition/mergers/cases/decisions/m1383_19990929_600_fr.pdf,M.1383-DEC{0751CC4C-A125-405A-B845-0DAD87DCDD6E}-ATT75,arbitrag*,FR,"aux prix actuels de l'EEE. Il équivaut approximativement aux frais de transport et montre qu'aucun arbitrage n'est possible entre l'EEE et les autres régions du monde, sauf dans des circonstances 30",2026-06-05T16:10:24.834148,"{""code"":""DocumentCategory0587"",""label"":""Decision - web publication""}",2004-03-08,75,FR,,,,,2004-03-08,fr,METADATA_DECISION_ATTACHMENT,,,,,,,,,,,,,,,,,,,Competition DG,,,"{""items"":[{}]}",1998-12-01,Merger,,1999-09-28,,,1999-05-03,M.1383,1383,"{""items"":[{""reference"":""C:1999:127:2"",""webDescription"":"""",""pageNumber"":""2"",""referenceNumber"":""127"",""referenceYear"":""1999"",""referenceSeries"":""C"",""publishedDate"":""1999-05-07""}]}",1999-05-07,"{""items"":[{}]}",,,,Council Regulation 4064/89,,,"{""code"":""NaceSectorsC_19_2_0"",""label"":""C.19.20 - Manufacture of refined petroleum products""} | {""code"":""NaceSectorsB_6"",""label"":""B.06 - Extraction of crude petroleum and natural gas""} | {""code"":""NaceSectorsC_20"",""label"":""C.20 - Manufacture of chemicals and chemical products""}",Normal,,"{""items"":[{""date"":""1999-06-02"",""description"":""Changed deadline - Art. 9 request received on 02.06.1999"",""type"":""MEvent30"",""label"":""Changed deadline - Art. 9 request received on DATE_PLACEHOLDER"",""url"":""""}]}",1999-06-02,EXXON / MOBIL,"{""code"":""MergerCaseType1"",""label"":""Merger""}",en,M.1383,METADATA_CASE,1999-09-29,,"{""items"":[{}]}",{0751CC4C-A125-405A-B845-0DAD87DCDD6E},"{""items"":[{""reference"":""L:2004:103:"",""webDescription"":"""",""pageNumber"":"""",""referenceNumber"":""103"",""referenceYear"":""2004"",""referenceSeries"":""L"",""publishedDate"":""2004-04-07""}]}",2004-04-07,,"{""items"":[{}]}",,"{""code"":""DecisionType600"",""label"":""Art. 8(2) with conditions & obligations""}",en,M.1383-DEC{0751CC4C-A125-405A-B845-0DAD87DCDD6E},METADATA_DECISION
122,2018,https://ec.europa.eu/competition/mergers/cases/decisions/m1383_19990929_600_es.pdf,M.1383-DEC{0751CC4C-A125-405A-B845-0DAD87DCDD6E}-ATT77,arbitraj*,ES,"ste porcentaje equivale aproximadamente a los costes de transporte y demuestra que no hay margen de arbitraje entre el EEE y otras áreas del mundo, a menos que concurran circunstancias excepcionales c",2026-06-05T16:10:38.973645,"{""code"":""DocumentCategory0587"",""label"":""Decision - web publication""}",2004-03-08,77,ES,,,,,2004-03-08,es,METADATA_DECISION_ATTACHMENT,,,,,,,,,,,,,,,,,,,Competition DG,,,"{""items"":[{}]}",1998-12-01,Merger,,1999-09-28,,,1999-05-03,M.1383,1383,"{""items"":[{""reference"":""C:1999:127:2"",""webDescription"":"""",""pageNumber"":""2"",""referenceNumber"":""127"",""referenceYear"":""1999"",""referenceSeries"":""C"",""publishedDate"":""1999-05-07""}]}",1999-05-07,"{""items"":[{}]}",,,,Council Regulation 4064/89,,,"{""code"":""NaceSectorsC_19_2_0"",""label"":""C.19.20 - Manufacture of refined petroleum products""} | {""code"":""NaceSectorsB_6"",""label"":""B.06 - Extraction of crude petroleum and natural gas""} | {""code"":""NaceSectorsC_20"",""label"":""C.20 - Manufacture of chemicals and chemical products""}",Normal,,"{""items"":[{""date"":""1999-06-02"",""description"":""Changed deadline - Art. 9 request received on 02.06.1999"",""type"":""MEvent30"",""label"":""Changed deadline - Art. 9 request received on DATE_PLACEHOLDER"",""url"":""""}]}",1999-06-02,EXXON / MOBIL,"{""code"":""MergerCaseType1"",""label"":""Merger""}",en,M.1383,METADATA_CASE,1999-09-29,,"{""items"":[{}]}",{0751CC4C-A125-405A-B845-0DAD87DCDD6E},"{""items"":[{""reference"":""L:2004:103:"",""webDescription"":"""",""pageNumber"":"""",""referenceNumber"":""103"",""referenceYear"":""2004"",""referenceSeries"":""L"",""publishedDate"":""2004-04-07""}]}",2004-04-07,,"{""items"":[{}]}",,"{""code"":""DecisionType600"",""label"":""Art. 8(2) with conditions & obligations""}",en,M.1383-DEC{0751CC4C-A125-405A-B845-0DAD87DCDD6E},METADATA_DECISION
123,2020,https://ec.europa.eu/competition/mergers/cases/decisions/m1383_19990929_600_nl.pdf,M.1383-DEC{0751CC4C-A125-405A-B845-0DAD87DCDD6E}-ATT79,arbitrag*,NL,"nder de huidige EER-prijzen. Dit komt ongeveer overeen met de vrachtkosten en toont aan dat er geen arbitrage mogelijk is tussen de EER en andere regio’s in de wereld, tenzij in uitzonderlijke omstand",2026-06-05T16:11:09.724046,"{""code"":""DocumentCategory0587"",""label"":""Decision - web publication""}",2004-03-08,79,NL,,,,,2004-03-08,nl,METADATA_DECISION_ATTACHMENT,,,,,,,,,,,,,,,,,,,Competition DG,,,"{""items"":[{}]}",1998-12-01,Merger,,1999-09-28,,,1999-05-03,M.1383,1383,"{""items"":[{""reference"":""C:1999:127:2"",""webDescription"":"""",""pageNumber"":""2"",""referenceNumber"":""127"",""referenceYear"":""1999"",""referenceSeries"":""C"",""publishedDate"":""1999-05-07""}]}",1999-05-07,"{""items"":[{}]}",,,,Council Regulation 4064/89,,,"{""code"":""NaceSectorsC_19_2_0"",""label"":""C.19.20 - Manufacture of refined petroleum products""} | {""code"":""NaceSectorsB_6"",""label"":""B.06 - Extraction of crude petroleum and natural gas""} | {""code"":""NaceSectorsC_20"",""label"":""C.20 - Manufacture of chemicals and chemical products""}",Normal,,"{""items"":[{""date"":""1999-06-02"",""description"":""Changed deadline - Art. 9 request received on 02.06.1999"",""type"":""MEvent30"",""label"":""Changed deadline - Art. 9 request received on DATE_PLACEHOLDER"",""url"":""""}]}",1999-06-02,EXXON / MOBIL,"{""code"":""MergerCaseType1"",""label"":""Merger""}",en,M.1383,METADATA_CASE,1999-09-29,,"{""items"":[{}]}",{0751CC4C-A125-405A-B845-0DAD87DCDD6E},"{""items"":[{""reference"":""L:2004:103:"",""webDescription"":"""",""pageNumber"":"""",""referenceNumber"":""103"",""referenceYear"":""2004"",""referenceSeries"":""L"",""publishedDate"":""2004-04-07""}]}",2004-04-07,,"{""items"":[{}]}",,"{""code"":""DecisionType600"",""label"":""Art. 8(2) with conditions & obligations""}",en,M.1383-DEC{0751CC4C-A125-405A-B845-0DAD87DCDD6E},METADATA_DECISION
124,2021,https://ec.europa.eu/competition/mergers/cases/decisions/m1383_19990929_600_pt.pdf,M.1383-DEC{0751CC4C-A125-405A-B845-0DAD87DCDD6E}-ATT80,arbitrag*,PT,"os EEE. Isto é aproximadamente equivalente aos custos de frete e revela que não é possível qualquer arbitragem entre o EEE e outras regiões do mundo a não ser que existam circunstâncias excepcionais,",2026-06-05T16:11:24.864687,"{""code"":""DocumentCategory0587"",""label"":""Decision - web publication""}",2004-03-08,80,PT,,,,,2004-03-08,pt,METADATA_DECISION_ATTACHMENT,,,,,,,,,,,,,,,,,,,Competition DG,,,"{""items"":[{}]}",1998-12-01,Merger,,1999-09-28,,,1999-05-03,M.1383,1383,"{""items"":[{""reference"":""C:1999:127:2"",""webDescription"":"""",""pageNumber"":""2"",""referenceNumber"":""127"",""referenceYear"":""1999"",""referenceSeries"":""C"",""publishedDate"":""1999-05-07""}]}",1999-05-07,"{""items"":[{}]}",,,,Council Regulation 4064/89,,,"{""code"":""NaceSectorsC_19_2_0"",""label"":""C.19.20 - Manufacture of refined petroleum products""} | {""code"":""NaceSectorsB_6"",""label"":""B.06 - Extraction of crude petroleum and natural gas""} | {""code"":""NaceSectorsC_20"",""label"":""C.20 - Manufacture of chemicals and chemical products""}",Normal,,"{""items"":[{""date"":""1999-06-02"",""description"":""Changed deadline - Art. 9 request received on 02.06.1999"",""type"":""MEvent30"",""label"":""Changed deadline - Art. 9 request received on DATE_PLACEHOLDER"",""url"":""""}]}",1999-06-02,EXXON / MOBIL,"{""code"":""MergerCaseType1"",""label"":""Merger""}",en,M.1383,METADATA_CASE,1999-09-29,,"{""items"":[{}]}",{0751CC4C-A125-405A-B845-0DAD87DCDD6E},"{""items"":[{""reference"":""L:2004:103:"",""webDescription"":"""",""pageNumber"":"""",""referenceNumber"":""103"",""referenceYear"":""2004"",""referenceSeries"":""L"",""publishedDate"":""2004-04-07""}]}",2004-04-07,,"{""items"":[{}]}",,"{""code"":""DecisionType600"",""label"":""Art. 8(2) with conditions & obligations""}",en,M.1383-DEC{0751CC4C-A125-405A-B845-0DAD87DCDD6E},METADATA_DECISION
125,2302,https://ec.europa.eu/competition/mergers/cases/decisions/m3083_en.pdf,M.3083-DEC{DD5DD86D-FCB1-4847-B3B4-91C8E30D36A7}-ATT243,arbitrat*,EN,"knowledge of the relevant industry. In addition, third parties would have recourse to a fast track arbitration dispute resolution procedure (as set out in the Annex to the Interface Commitment) which",2026-06-05T16:15:32.745328,"{""code"":""DocumentCategory0587"",""label"":""Decision - web publication""}",2003-12-16,243,EN,,,,,2003-12-16,en,METADATA_DECISION_ATTACHMENT,,,,,,,,,,,,,,,,,,,Competition DG,,,"{""items"":[{}]}",2003-01-06,Merger,,2003-09-02,,,2003-02-28,M.3083,3083,"{""items"":[{}]}",,"{""items"":[{}]}",,,,Council Regulation 4064/89,,,"{""code"":""NaceSectorsC_33_2_0"",""label"":""C.33.20 - Installation of industrial machinery and equipment""} | {""code"":""NaceSectorsC_32_5"",""label"":""C.32.5 - Manufacture of medical and dental instruments and supplies""}",Normal,,"{""items"":[{}]}",,GE / INSTRUMENTARIUM,"{""code"":""MergerCaseType1"",""label"":""Merger""}",en,M.3083,METADATA_CASE,2003-09-02,,"{""items"":[{}]}",{DD5DD86D-FCB1-4847-B3B4-91C8E30D36A7},"{""items"":[{""reference"":""L:2004:109:"",""webDescription"":"""",""pageNumber"":"""",""referenceNumber"":""109"",""referenceYear"":""2004"",""referenceSeries"":""L"",""publishedDate"":""2004-04-16""}]}",2004-04-16,,"{""items"":[{""reference"":""IP_03_1193"",""webDescription"":"""",""publicationDate"":""2004-04-16""}]}",2004-04-16,"{""code"":""DecisionType600"",""label"":""Art. 8(2) with conditions & obligations""}",en,M.3083-DEC{DD5DD86D-FCB1-4847-B3B4-91C8E30D36A7},METADATA_DECISION
126,2314,https://ec.europa.eu/competition/mergers/cases/decisions/m3099_20041006_600_fr.pdf,M.3099-DEC{CE878936-7F61-455E-9B24-30EC8CB1A9F4}-ATT20,arbitrag*,FR,Les évolutions des prix relatifs provoquées par les fluctuations monétaires semblent indiquer que l'arbitrage n'est pas courant dans ce secteur.43 91. Les parties présentent également une analyse de r,2026-06-05T16:15:45.063102,"{""code"":""DocumentCategory0587"",""label"":""Decision - web publication""}",2005-12-08,20,FR,,,,,2005-12-08,fr,METADATA_DECISION_ATTACHMENT,,,,,,,,,,,,,,,,,,,Competition DG,,,"{""items"":[{}]}",2003-01-27,Merger,,2004-10-06,,,2004-05-14,M.3099,3099,"{""items"":[{""reference"":""C:2004:141:"",""webDescription"":"""",""pageNumber"":"""",""referenceNumber"":""141"",""referenceYear"":""2004"",""referenceSeries"":""C"",""publishedDate"":""2004-05-25""}]}",2004-05-25,"{""items"":[{}]}",,,,Council Regulation 4064/89,,,"{""code"":""NaceSectorsC_19"",""label"":""C.19 - Manufacture of coke and refined petroleum products""}",Normal,,"{""items"":[{}]}",,AREVA / URENCO / ETC JV (4064),"{""code"":""MergerCaseType1"",""label"":""Merger""}",en,M.3099,METADATA_CASE,2004-10-06,,"{""items"":[{}]}",{CE878936-7F61-455E-9B24-30EC8CB1A9F4},"{""items"":[{""reference"":""L:2006:061:"",""webDescription"":"""",""pageNumber"":"""",""referenceNumber"":""61"",""referenceYear"":""2006"",""referenceSeries"":""L"",""publishedDate"":""2006-03-02""}]}",2006-03-02,,"{""items"":[{""reference"":""IP_04_1189"",""webDescription"":"""",""publicationDate"":""2006-03-02""}]}",2006-03-02,"{""code"":""DecisionType600"",""label"":""Art. 8(2) with conditions & obligations""}",en,M.3099-DEC{CE878936-7F61-455E-9B24-30EC8CB1A9F4},METADATA_DECISION
127,2315,https://ec.europa.eu/competition/mergers/cases/decisions/m3099_20041006_600_de.pdf,M.3099-DEC{CE878936-7F61-455E-9B24-30EC8CB1A9F4}-ATT23,Schieds*,DE,t beruhen alle Anreicherungsprozesse direkt oder indirekt auf der Nutzung dieses kleinen Massenunterschieds. 22. Manche Reaktoren wie z.B. der in Kanada entwickelte Reaktortyp Candu und die britischen,2026-06-05T16:15:50.029886,"{""code"":""DocumentCategory0587"",""label"":""Decision - web publication""}",2005-12-08,23,DE,,,,,2005-12-08,de,METADATA_DECISION_ATTACHMENT,,,,,,,,,,,,,,,,,,,Competition DG,,,"{""items"":[{}]}",2003-01-27,Merger,,2004-10-06,,,2004-05-14,M.3099,3099,"{""items"":[{""reference"":""C:2004:141:"",""webDescription"":"""",""pageNumber"":"""",""referenceNumber"":""141"",""referenceYear"":""2004"",""referenceSeries"":""C"",""publishedDate"":""2004-05-25""}]}",2004-05-25,"{""items"":[{}]}",,,,Council Regulation 4064/89,,,"{""code"":""NaceSectorsC_19"",""label"":""C.19 - Manufacture of coke and refined petroleum products""}",Normal,,"{""items"":[{}]}",,AREVA / URENCO / ETC JV (4064),"{""code"":""MergerCaseType1"",""label"":""Merger""}",en,M.3099,METADATA_CASE,2004-10-06,,"{""items"":[{}]}",{CE878936-7F61-455E-9B24-30EC8CB1A9F4},"{""items"":[{""reference"":""L:2006:061:"",""webDescription"":"""",""pageNumber"":"""",""referenceNumber"":""61"",""referenceYear"":""2006"",""referenceSeries"":""L"",""publishedDate"":""2006-03-02""}]}",2006-03-02,,"{""items"":[{""reference"":""IP_04_1189"",""webDescription"":"""",""publicationDate"":""2006-03-02""}]}",2006-03-02,"{""code"":""DecisionType600"",""label"":""Art. 8(2) with conditions & obligations""}",en,M.3099-DEC{CE878936-7F61-455E-9B24-30EC8CB1A9F4},METADATA_DECISION
128,2316,https://ec.europa.eu/competition/mergers/cases/decisions/m3099_20041006_600_en.pdf,M.3099-DEC{CE878936-7F61-455E-9B24-30EC8CB1A9F4}-ATT24,arbitrat*,EN,out of or in connection with this letter agreement shall be referred to and finally be resolved by arbitration in accordance with the terms of the Shareholders Agreement. Please confirm your agreemen,2026-06-05T16:15:55.448966,"{""code"":""DocumentCategory0587"",""label"":""Decision - web publication""}",2005-12-08,24,EN,,,,,2005-12-08,en,METADATA_DECISION_ATTACHMENT,,,,,,,,,,,,,,,,,,,Competition DG,,,"{""items"":[{}]}",2003-01-27,Merger,,2004-10-06,,,2004-05-14,M.3099,3099,"{""items"":[{""reference"":""C:2004:141:"",""webDescription"":"""",""pageNumber"":"""",""referenceNumber"":""141"",""referenceYear"":""2004"",""referenceSeries"":""C"",""publishedDate"":""2004-05-25""}]}",2004-05-25,"{""items"":[{}]}",,,,Council Regulation 4064/89,,,"{""code"":""NaceSectorsC_19"",""label"":""C.19 - Manufacture of coke and refined petroleum products""}",Normal,,"{""items"":[{}]}",,AREVA / URENCO / ETC JV (4064),"{""code"":""MergerCaseType1"",""label"":""Merger""}",en,M.3099,METADATA_CASE,2004-10-06,,"{""items"":[{}]}",{CE878936-7F61-455E-9B24-30EC8CB1A9F4},"{""items"":[{""reference"":""L:2006:061:"",""webDescription"":"""",""pageNumber"":"""",""referenceNumber"":""61"",""referenceYear"":""2006"",""referenceSeries"":""L"",""publishedDate"":""2006-03-02""}]}",2006-03-02,,"{""items"":[{""reference"":""IP_04_1189"",""webDescription"":"""",""publicationDate"":""2006-03-02""}]}",2006-03-02,"{""code"":""DecisionType600"",""label"":""Art. 8(2) with conditions & obligations""}",en,M.3099-DEC{CE878936-7F61-455E-9B24-30EC8CB1A9F4},METADATA_DECISION
129,2370,https://ec.europa.eu/competition/mergers/cases/decisions/m1724_19990720_1290_pt.pdf,M.1724-DEC40047-ATT6,arbitrag*,PT,"de acordo com as disposições estabelecidas pelo Acordo Parassocial, poderão exigir o recurso a uma arbitragem e, em consequência, gerar alguma incerteza por um período de tempo demasiado longo. 45. N",2026-06-05T16:16:25.235392,,,6,PT,DDOC,Art. 21(3) (AddProc) -  - Decision_21_pt_pub,,,2005-02-09,pt,METADATA_DECISION_ATTACHMENT,,,,,,,,,,,,,,,Antitrust,BSCH / CHAMPALIMAUD (Art.21 and Art.22 proc.) (see M.1616  and M.1680),,,,,,,1999-06-30,Merger,,1999-10-20,,M.1616,1999-06-30,M.1724,1724,,,,,,,Council Regulation 4064/89,,,,Normal procedure,false,,,BSCH / CHAMPALIMAUD (Art.21 and Art.22 proc.) (see M.1616  and M.1680),,en,M.1724,METADATA_CASE,1999-07-20,,,40047,,,false,,,"{""code"":""DecisionType1290"",""label"":""Art. 21(3)""}",en,M.1724-DEC40047,METADATA_DECISION
130,2371,https://ec.europa.eu/competition/mergers/cases/decisions/m1724_19991020_1290_pt.pdf,M.1724-DEC40048-ATT5,arbitrag*,PT,"mos do Acordo Parassocial, a resolução de conflitos pode requerer, em alguns casos, o recurso a uma arbitragem e, em consequência, gerar alguma incerteza por um período de tempo demasiado longo. O des",2026-06-05T16:16:26.030102,,,5,PT,DDOC,Art. 21(3) (AddProc) -  - DECISION ART. 21 PUB FIN-pt,,,2005-02-09,pt,METADATA_DECISION_ATTACHMENT,,,,,,,,,,,,,,,Antitrust,BSCH / CHAMPALIMAUD (Art.21 and Art.22 proc.) (see M.1616  and M.1680),,,,,,,1999-06-30,Merger,,1999-10-20,,M.1616,1999-06-30,M.1724,1724,,,,,,,Council Regulation 4064/89,,,,Normal procedure,false,,,BSCH / CHAMPALIMAUD (Art.21 and Art.22 proc.) (see M.1616  and M.1680),,en,M.1724,METADATA_CASE,1999-10-20,,,40048,,,false,,,"{""code"":""DecisionType1290"",""label"":""Art. 21(3)""}",en,M.1724-DEC40048,METADATA_DECISION
131,2384,https://ec.europa.eu/competition/mergers/cases/decisions/m2947_20030611_600_es.pdf,M.2947-DEC37908-ATT13,arbitraj*,ES,"s, que —a excepción de la CBT— también repercuten sobre el comprador, elevan los posibles costes de arbitraje de un nuevo operador que desea vender electricidad comercial a usuarios finales en Austria",2026-06-05T16:16:36.499281,,,13,ES,DDOC,Art. 8(2) with conditions & obligations -  - mtf-dec-m-02947-020-2-20030611-0600-pub-es,,,2004-02-09,es,METADATA_DECISION_ATTACHMENT,,,,,,,,,,,,,,,Antitrust,VERBUND / ENERGIE ALLIANZ,,,,,,,2002-12-20,Merger,,2003-06-11,,,2002-12-20,M.2947,2947,,,,,,,Council Regulation 4064/89,,,"{""code"":""NaceSectorsD_35_1"",""label"":""D.35.1 - Electric power generation, transmission and distribution""}",Normal procedure,false,,,VERBUND / ENERGIE ALLIANZ,,en,M.2947,METADATA_CASE,2003-06-11,32004D0271,,37908,"{""items"":[{""reference"":""L92"",""publishedDate"":""2004-03-30"",""priorPublication"":""false""}]}",2004-03-30,false,"{""items"":[{""reference"":""IP/03/825""}]}",,"{""code"":""DecisionType600"",""label"":""Art. 8(2) with conditions & obligations""}",en,M.2947-DEC37908,METADATA_DECISION
132,2385,https://ec.europa.eu/competition/mergers/cases/decisions/m2947_20030611_600_fr.pdf,M.2947-DEC37908-ATT14,arbitrag*,FR,"ue l'acheteur doit lui aussi acquitter, exception faite des tarifs de transit, majorent les coûts d'arbitrage d'un nouvel arrivant désireux de vendre de l'électricité à des clients finals en Autriche.",2026-06-05T16:16:40.468782,,,14,FR,DDOC,Art. 8(2) with conditions & obligations -  - mtf-dec-m-02947-020-2-20030611-0600-pub-fr,,,2004-02-09,fr,METADATA_DECISION_ATTACHMENT,,,,,,,,,,,,,,,Antitrust,VERBUND / ENERGIE ALLIANZ,,,,,,,2002-12-20,Merger,,2003-06-11,,,2002-12-20,M.2947,2947,,,,,,,Council Regulation 4064/89,,,"{""code"":""NaceSectorsD_35_1"",""label"":""D.35.1 - Electric power generation, transmission and distribution""}",Normal procedure,false,,,VERBUND / ENERGIE ALLIANZ,,en,M.2947,METADATA_CASE,2003-06-11,32004D0271,,37908,"{""items"":[{""reference"":""L92"",""publishedDate"":""2004-03-30"",""priorPublication"":""false""}]}",2004-03-30,false,"{""items"":[{""reference"":""IP/03/825""}]}",,"{""code"":""DecisionType600"",""label"":""Art. 8(2) with conditions & obligations""}",en,M.2947-DEC37908,METADATA_DECISION
133,2390,https://ec.europa.eu/competition/mergers/cases/decisions/m2947_20030611_600_nl.pdf,M.2947-DEC37908-ATT21,arbitrag*,NL,"gen deze kosten, die immers met uitzondering van het CBT-tarief ook voor de koper gelden, eventuele arbitragekosten voor een nieuwe toetreder die handelsstroom in Oostenrijk aan eindverbruikers wil ve",2026-06-05T16:16:57.476023,,,21,NL,DDOC,Art. 8(2) with conditions & obligations -  - mtf-dec-m-02947-020-2-20030611-0600-pub-nl,,,2004-02-09,nl,METADATA_DECISION_ATTACHMENT,,,,,,,,,,,,,,,Antitrust,VERBUND / ENERGIE ALLIANZ,,,,,,,2002-12-20,Merger,,2003-06-11,,,2002-12-20,M.2947,2947,,,,,,,Council Regulation 4064/89,,,"{""code"":""NaceSectorsD_35_1"",""label"":""D.35.1 - Electric power generation, transmission and distribution""}",Normal procedure,false,,,VERBUND / ENERGIE ALLIANZ,,en,M.2947,METADATA_CASE,2003-06-11,32004D0271,,37908,"{""items"":[{""reference"":""L92"",""publishedDate"":""2004-03-30"",""priorPublication"":""false""}]}",2004-03-30,false,"{""items"":[{""reference"":""IP/03/825""}]}",,"{""code"":""DecisionType600"",""label"":""Art. 8(2) with conditions & obligations""}",en,M.2947-DEC37908,METADATA_DECISION
134,2391,https://ec.europa.eu/competition/mergers/cases/decisions/m2947_20030611_600_pt.pdf,M.2947-DEC37908-ATT22,arbitrag*,PT,"s custos que, com excepção da taxa CBT, também afectam o comprador, aumentam os eventuais custos de arbitragem de um novo operador que queira vender electricidade a clientes finais na Áustria. 30 Assi",2026-06-05T16:17:00.800399,,,22,PT,DDOC,Art. 8(2) with conditions & obligations -  - mtf-dec-m-02947-020-2-20030611-0600-pub-pt,,,2004-02-09,pt,METADATA_DECISION_ATTACHMENT,,,,,,,,,,,,,,,Antitrust,VERBUND / ENERGIE ALLIANZ,,,,,,,2002-12-20,Merger,,2003-06-11,,,2002-12-20,M.2947,2947,,,,,,,Council Regulation 4064/89,,,"{""code"":""NaceSectorsD_35_1"",""label"":""D.35.1 - Electric power generation, transmission and distribution""}",Normal procedure,false,,,VERBUND / ENERGIE ALLIANZ,,en,M.2947,METADATA_CASE,2003-06-11,32004D0271,,37908,"{""items"":[{""reference"":""L92"",""publishedDate"":""2004-03-30"",""priorPublication"":""false""}]}",2004-03-30,false,"{""items"":[{""reference"":""IP/03/825""}]}",,"{""code"":""DecisionType600"",""label"":""Art. 8(2) with conditions & obligations""}",en,M.2947-DEC37908,METADATA_DECISION
135,2403,https://ec.europa.eu/competition/mergers/cases/decisions/m1628_20000209_600_de.pdf,M.1628-DEC39908-ATT20,Schieds*,DE,"als sie es in einem reinen Wettbewerbsumfeld wären. TotalFina bringt zur Erklärung dieses Preisunterschieds nur vor, dass die Kosten der Autobahntankstellen im Vergleich zu denen der Tankstellen absei",2026-06-05T16:17:26.312276,,,20,DE,DDOC,Art. 8(2) with conditions & obligations -  - mtf-dec-m-01628-020-2-20000209-0600-pub-de,,,2004-12-07,de,METADATA_DECISION_ATTACHMENT,,,,,,,,,,,,,,,Antitrust,TOTALFINA / ELF AQUITAINE° | TOTALFINA / ELF AQUITAINE | TOTAL / ELF AQUITAINE,,,,"{""items"":[{""date"":""1999-09-17"",""name"":""Art. 9 request received on"",""type"":""MEvent12""}]}",1999-09-17,,1999-08-24,Merger,,2000-02-09,,,1999-08-24,M.1628,1628,,,,,,,Council Regulation 4064/89,,,"{""code"":""NaceSectorsB_6"",""label"":""B.06 - Extraction of crude petroleum and natural gas""} | {""code"":""NaceSectorsC_19_2_0"",""label"":""C.19.20 - Manufacture of refined petroleum products""} | {""code"":""NaceSectorsC_19"",""label"":""C.19 - Manufacture of coke and refined petroleum products""}",Normal procedure,false,,,TOTALFINA / ELF AQUITAINE°,,en,M.1628,METADATA_CASE,2000-02-09,32001D0402,,39908,"{""items"":[{""reference"":""L143"",""publishedDate"":""2001-05-29"",""priorPublication"":""false""}]}",2001-05-29,false,,,"{""code"":""DecisionType600"",""label"":""Art. 8(2) with conditions & obligations""}",en,M.1628-DEC39908,METADATA_DECISION
136,2405,https://ec.europa.eu/competition/mergers/cases/decisions/m1628_20000209_600_el.pdf,M.1628-DEC39908-ATT22,διαιτη*,EL,"µολογούνται στους πελάτες λιανικής πώλησης ή τους µεταπωλητές, οι τελευταίοι θα επωφελούνταν από τη διαιτησία για να µεταπωλήσουν στους µεγάλους τελικούς πελάτες. Εποµένως η διαφορά της τιµής δεν θα ή",2026-06-05T16:17:47.548674,,,22,EL,DDOC,Art. 8(2) with conditions & obligations -  - mtf-dec-m-01628-020-2-20000209-0600-pub-el,,,2004-12-07,el,METADATA_DECISION_ATTACHMENT,,,,,,,,,,,,,,,Antitrust,TOTALFINA / ELF AQUITAINE° | TOTALFINA / ELF AQUITAINE | TOTAL / ELF AQUITAINE,,,,"{""items"":[{""date"":""1999-09-17"",""name"":""Art. 9 request received on"",""type"":""MEvent12""}]}",1999-09-17,,1999-08-24,Merger,,2000-02-09,,,1999-08-24,M.1628,1628,,,,,,,Council Regulation 4064/89,,,"{""code"":""NaceSectorsB_6"",""label"":""B.06 - Extraction of crude petroleum and natural gas""} | {""code"":""NaceSectorsC_19_2_0"",""label"":""C.19.20 - Manufacture of refined petroleum products""} | {""code"":""NaceSectorsC_19"",""label"":""C.19 - Manufacture of coke and refined petroleum products""}",Normal procedure,false,,,TOTALFINA / ELF AQUITAINE°,,en,M.1628,METADATA_CASE,2000-02-09,32001D0402,,39908,"{""items"":[{""reference"":""L143"",""publishedDate"":""2001-05-29"",""priorPublication"":""false""}]}",2001-05-29,false,,,"{""code"":""DecisionType600"",""label"":""Art. 8(2) with conditions & obligations""}",en,M.1628-DEC39908,METADATA_DECISION
137,2406,https://ec.europa.eu/competition/mergers/cases/decisions/m1628_20000209_600_es.pdf,M.1628-DEC39908-ATT25,arbitraj*,ES,"grandes clientes finales y los facturados a los clientes minoristas, estos últimos aprovecharían el arbitraje para revender a los grandes clientes finales. La diferencia de precios no sería entonces v",2026-06-05T16:18:06.197701,,,25,ES,DDOC,Art. 8(2) with conditions & obligations -  - mtf-dec-m-01628-020-2-20000209-0600-pub-es,,,2004-12-07,es,METADATA_DECISION_ATTACHMENT,,,,,,,,,,,,,,,Antitrust,TOTALFINA / ELF AQUITAINE° | TOTALFINA / ELF AQUITAINE | TOTAL / ELF AQUITAINE,,,,"{""items"":[{""date"":""1999-09-17"",""name"":""Art. 9 request received on"",""type"":""MEvent12""}]}",1999-09-17,,1999-08-24,Merger,,2000-02-09,,,1999-08-24,M.1628,1628,,,,,,,Council Regulation 4064/89,,,"{""code"":""NaceSectorsB_6"",""label"":""B.06 - Extraction of crude petroleum and natural gas""} | {""code"":""NaceSectorsC_19_2_0"",""label"":""C.19.20 - Manufacture of refined petroleum products""} | {""code"":""NaceSectorsC_19"",""label"":""C.19 - Manufacture of coke and refined petroleum products""}",Normal procedure,false,,,TOTALFINA / ELF AQUITAINE°,,en,M.1628,METADATA_CASE,2000-02-09,32001D0402,,39908,"{""items"":[{""reference"":""L143"",""publishedDate"":""2001-05-29"",""priorPublication"":""false""}]}",2001-05-29,false,,,"{""code"":""DecisionType600"",""label"":""Art. 8(2) with conditions & obligations""}",en,M.1628-DEC39908,METADATA_DECISION
138,2408,https://ec.europa.eu/competition/mergers/cases/decisions/m1628_20000209_600_en.pdf,M.1628-DEC39908-ATT29,arbitrat*,EN,"differences in price (per calorific unit) between LPG and electricity, and that they would perform arbitration consequently. The same goes for the choice of appliances. According to the documents sub",2026-06-05T16:18:13.096824,,,29,EN,DDOC,Art. 8(2) with conditions & obligations -  - mtf-dec-m-01628-020-2-20000209-0600-pub-en,,,2004-12-07,en,METADATA_DECISION_ATTACHMENT,,,,,,,,,,,,,,,Antitrust,TOTALFINA / ELF AQUITAINE° | TOTALFINA / ELF AQUITAINE | TOTAL / ELF AQUITAINE,,,,"{""items"":[{""date"":""1999-09-17"",""name"":""Art. 9 request received on"",""type"":""MEvent12""}]}",1999-09-17,,1999-08-24,Merger,,2000-02-09,,,1999-08-24,M.1628,1628,,,,,,,Council Regulation 4064/89,,,"{""code"":""NaceSectorsB_6"",""label"":""B.06 - Extraction of crude petroleum and natural gas""} | {""code"":""NaceSectorsC_19_2_0"",""label"":""C.19.20 - Manufacture of refined petroleum products""} | {""code"":""NaceSectorsC_19"",""label"":""C.19 - Manufacture of coke and refined petroleum products""}",Normal procedure,false,,,TOTALFINA / ELF AQUITAINE°,,en,M.1628,METADATA_CASE,2000-02-09,32001D0402,,39908,"{""items"":[{""reference"":""L143"",""publishedDate"":""2001-05-29"",""priorPublication"":""false""}]}",2001-05-29,false,,,"{""code"":""DecisionType600"",""label"":""Art. 8(2) with conditions & obligations""}",en,M.1628-DEC39908,METADATA_DECISION
140,2410,https://ec.europa.eu/competition/mergers/cases/decisions/m1628_20000209_600_pt.pdf,M.1628-DEC39908-ATT32,arbitrag*,PT,"ais e os preços facturados aos clientes retalhistas ou revendedores, estes últimos beneficiariam da arbitragem para revender aos grandes clientes finais. A diferença de preço não seria nessa altura re",2026-06-05T16:18:30.011695,,,32,PT,DDOC,Art. 8(2) with conditions & obligations -  - mtf-dec-m-01628-020-2-20000209-0600-pub-pt,,,2004-12-07,pt,METADATA_DECISION_ATTACHMENT,,,,,,,,,,,,,,,Antitrust,TOTALFINA / ELF AQUITAINE° | TOTALFINA / ELF AQUITAINE | TOTAL / ELF AQUITAINE,,,,"{""items"":[{""date"":""1999-09-17"",""name"":""Art. 9 request received on"",""type"":""MEvent12""}]}",1999-09-17,,1999-08-24,Merger,,2000-02-09,,,1999-08-24,M.1628,1628,,,,,,,Council Regulation 4064/89,,,"{""code"":""NaceSectorsB_6"",""label"":""B.06 - Extraction of crude petroleum and natural gas""} | {""code"":""NaceSectorsC_19_2_0"",""label"":""C.19.20 - Manufacture of refined petroleum products""} | {""code"":""NaceSectorsC_19"",""label"":""C.19 - Manufacture of coke and refined petroleum products""}",Normal procedure,false,,,TOTALFINA / ELF AQUITAINE°,,en,M.1628,METADATA_CASE,2000-02-09,32001D0402,,39908,"{""items"":[{""reference"":""L143"",""publishedDate"":""2001-05-29"",""priorPublication"":""false""}]}",2001-05-29,false,,,"{""code"":""DecisionType600"",""label"":""Art. 8(2) with conditions & obligations""}",en,M.1628-DEC39908,METADATA_DECISION
139,2409,https://ec.europa.eu/competition/mergers/cases/decisions/m1628_20000209_600_fr.pdf,M.1628-DEC39908-ATT31,arbitrag*,FR,"ents finaux et ceux facturés aux clients détaillants ou revendeurs, ces derniers profiteraient de l'arbitrage pour revendre aux gros clients finaux. La différence de prix ne serait alors pas profitabl",2026-06-05T16:18:31.199906,,,31,FR,DDOC,Art. 8(2) with conditions & obligations -  - mtf-dec-m-01628-020-2-20000209-0600-pub-fr,,,2004-12-07,fr,METADATA_DECISION_ATTACHMENT,,,,,,,,,,,,,,,Antitrust,TOTALFINA / ELF AQUITAINE° | TOTALFINA / ELF AQUITAINE | TOTAL / ELF AQUITAINE,,,,"{""items"":[{""date"":""1999-09-17"",""name"":""Art. 9 request received on"",""type"":""MEvent12""}]}",1999-09-17,,1999-08-24,Merger,,2000-02-09,,,1999-08-24,M.1628,1628,,,,,,,Council Regulation 4064/89,,,"{""code"":""NaceSectorsB_6"",""label"":""B.06 - Extraction of crude petroleum and natural gas""} | {""code"":""NaceSectorsC_19_2_0"",""label"":""C.19.20 - Manufacture of refined petroleum products""} | {""code"":""NaceSectorsC_19"",""label"":""C.19 - Manufacture of coke and refined petroleum products""}",Normal procedure,false,,,TOTALFINA / ELF AQUITAINE°,,en,M.1628,METADATA_CASE,2000-02-09,32001D0402,,39908,"{""items"":[{""reference"":""L143"",""publishedDate"":""2001-05-29"",""priorPublication"":""false""}]}",2001-05-29,false,,,"{""code"":""DecisionType600"",""label"":""Art. 8(2) with conditions & obligations""}",en,M.1628-DEC39908,METADATA_DECISION
141,2479,https://ec.europa.eu/competition/mergers/cases/decisions/m2972_20030723_600_fi.pdf,M.2972-DEC37911-ATT22,välimies*,FI,iklan soveltamisen ehtona on liitteen C jakson 23 ja 24 kohdassa sekä F jaksossa (valvontaa hoitava välimies) ja G jaksossa (tarkistuslauseke) esitettyjen velvoitteiden noudattaminen. 4 artikla Tämä p,2026-06-05T16:20:58.619613,,,22,FI,DDOC,Art. 8(2) with conditions & obligations -  - mtf-dec-m-02972-020-2-20030723-0600-pub-fi,,,2004-02-05,fi,METADATA_DECISION_ATTACHMENT,,,,,,,,,,,,,,,Antitrust,DSM / ROCHE VITAMINS,,,,,,,2003-03-31,Merger,,2003-07-23,,,2003-03-31,M.2972,2972,,,,,,,Council Regulation 4064/89,,,"{""code"":""NaceSectorsC_10_9_1"",""label"":""C.10.91 - Manufacture of prepared feeds for farm animals""} | {""code"":""NaceSectorsC_20"",""label"":""C.20 - Manufacture of chemicals and chemical products""} | {""code"":""NaceSectorsC_10"",""label"":""C.10 - Manufacture of food products""} | {""code"":""NaceSectorsC_20_1_2"",""label"":""C.20.12 - Manufacture of dyes and pigments""}",Normal procedure,false,,,DSM / ROCHE VITAMINS,,en,M.2972,METADATA_CASE,2003-07-23,32004D0238,,37911,"{""items"":[{""reference"":""L82"",""publishedDate"":""2004-03-19"",""priorPublication"":""false""}]}",2004-03-19,false,"{""items"":[{""reference"":""IP/03/1079""}]}",,"{""code"":""DecisionType600"",""label"":""Art. 8(2) with conditions & obligations""}",en,M.2972-DEC37911,METADATA_DECISION
142,2494,https://ec.europa.eu/competition/mergers/cases/decisions/m2978_20040107_600_de.pdf,M.2978-DEC41460-ATT257,Schiedsgericht* | Schieds*,DE,e unterliegen. Dies erklärt die Unternehmensgruppe La Martinière zum Beispiel wie folgt: „Bei einem Schiedsgerichtsverfahren entscheidet der Generaldirektor der Unternehmensgruppe“. Dies wäre in einer,2026-06-05T16:21:47.797927,,,257,DE,DDOC,Art. 8(2) with conditions & obligations -  - m2978-8(2)-de-web,,,2004-12-15,de,METADATA_DECISION_ATTACHMENT,,,,,,,,,,,,,,,Antitrust,LAGARDERE / NATEXIS / VUP | LAGARDERE / VIVENDI PUBLISHING,,,,"{""items"":[{""date"":""2003-05-14"",""name"":""Art. 9 request received on"",""type"":""MEvent12""},{""date"":""2003-05-14"",""name"":""Art. 9 request received on"",""type"":""MEvent30""}]}",2003-05-14 | 2003-05-14,,2003-04-14,Merger,,2004-01-07,,,2003-04-14,M.2978,2978,{},,{},,,,Council Regulation 4064/89,,,"{""code"":""NaceSectorsJ_58_1_1"",""label"":""J.58.11 - Book publishing""}",Normal procedure,,,,LAGARDERE / NATEXIS / VUP,,en,M.2978,METADATA_CASE,2004-01-07,32004D0422,,41460,"{""items"":[{""reference"":""L125"",""publishedDate"":""2004-04-28"",""priorPublication"":""false""}]}",2004-04-28,false,"{""items"":[{""reference"":""IP/04/15""}]}",,"{""code"":""DecisionType600"",""label"":""Art. 8(2) with conditions & obligations""}",en,M.2978-DEC41460,METADATA_DECISION
143,2496,https://ec.europa.eu/competition/mergers/cases/decisions/m2978_268_2.pdf,M.2978-DEC41460-ATT268,arbitrag*,FR,"uxembourg). En outre, il n'y aurait pas de flux transfrontaliers significatifs, et notamment pas d'""arbitrage"" malgré l'existence de la tabelle, ni du côté des revendeurs, ni du côté des consommateurs",2026-06-05T16:22:33.747930,,,268,FR,DDOC,Art. 8(2) with conditions & obligations - Public version (re-publication due to problems with ISEF migration) - m2978-8(2)-fr1,2010-12-01,,2010-11-30,fr,METADATA_DECISION_ATTACHMENT,,,,,,,,,,,,,,,Antitrust,LAGARDERE / NATEXIS / VUP | LAGARDERE / VIVENDI PUBLISHING,,,,"{""items"":[{""date"":""2003-05-14"",""name"":""Art. 9 request received on"",""type"":""MEvent12""},{""date"":""2003-05-14"",""name"":""Art. 9 request received on"",""type"":""MEvent30""}]}",2003-05-14 | 2003-05-14,,2003-04-14,Merger,,2004-01-07,,,2003-04-14,M.2978,2978,{},,{},,,,Council Regulation 4064/89,,,"{""code"":""NaceSectorsJ_58_1_1"",""label"":""J.58.11 - Book publishing""}",Normal procedure,,,,LAGARDERE / NATEXIS / VUP,,en,M.2978,METADATA_CASE,2004-01-07,32004D0422,,41460,"{""items"":[{""reference"":""L125"",""publishedDate"":""2004-04-28"",""priorPublication"":""false""}]}",2004-04-28,false,"{""items"":[{""reference"":""IP/04/15""}]}",,"{""code"":""DecisionType600"",""label"":""Art. 8(2) with conditions & obligations""}",en,M.2978-DEC41460,METADATA_DECISION
144,2497,https://ec.europa.eu/competition/mergers/cases/decisions/m2978_20030723_620_fr.pdf,M.2978-DEC41461-ATT264,arbitrag*,FR,"uxembourg). En outre, il n'y aurait pas de flux transfrontaliers significatifs, et notamment pas d'""arbitrage"" malgré l'existence de la tabelle, ni du côté des revendeurs, ni du côté des consommateurs",2026-06-05T16:22:40.318948,,,264,FR,DDOC,Art. 9(3) refusal of referral (N/2) -  - mtf-dec-m-02978-020-2-20030723-0620-pub-fr,,,2004-01-30,fr,METADATA_DECISION_ATTACHMENT,,,,,,,,,,,,,,,Antitrust,LAGARDERE / NATEXIS / VUP | LAGARDERE / VIVENDI PUBLISHING,,,,"{""items"":[{""date"":""2003-05-14"",""name"":""Art. 9 request received on"",""type"":""MEvent12""},{""date"":""2003-05-14"",""name"":""Art. 9 request received on"",""type"":""MEvent30""}]}",2003-05-14 | 2003-05-14,,2003-04-14,Merger,,2004-01-07,,,2003-04-14,M.2978,2978,{},,{},,,,Council Regulation 4064/89,,,"{""code"":""NaceSectorsJ_58_1_1"",""label"":""J.58.11 - Book publishing""}",Normal procedure,,,,LAGARDERE / NATEXIS / VUP,,en,M.2978,METADATA_CASE,2003-07-23,,,41461,,,false,"{""items"":[{""reference"":""IP/03/1078""}]}",,"{""code"":""DecisionType620"",""label"":""Art. 9(3) refusal of referral""}",en,M.2978-DEC41461,METADATA_DECISION
145,2548,https://ec.europa.eu/competition/mergers/cases/decisions/m1675_fr.pdf,M.1675-DEC39985-ATT4,arbitrag*,FR,"l se caractérise par une très grande diversité de l’offre en rayon, où le consommateur procède à un arbitrage selon qu’il souhaite améliorer un dessert ou préparer entièrement celui-ci. Le consommateu",2026-06-05T16:23:28.949579,,,4,FR,DDOC,Art. 6(1)(b) -  - mtf-dec-m-01675-020-1-19991213-0310-pub-fr,,,2004-12-07,fr,METADATA_DECISION_ATTACHMENT,,,,,,,,,,,,,,,Antitrust,DUCROS / HERO FRANCE,,1999-12-13,,,,,1999-11-10,Merger,,1999-12-13,,,1999-11-10,M.1675,1675,,,,,,,Council Regulation 4064/89,,,"{""code"":""NaceSectorsC_10"",""label"":""C.10 - Manufacture of food products""}",Normal procedure,false,,,DUCROS / HERO FRANCE,,en,M.1675,METADATA_CASE,1999-12-13,,,39985,"{""items"":[{""reference"":""C53"",""publishedDate"":""2000-02-25"",""priorPublication"":""false""}]}",2000-02-25,false,,,"{""code"":""DecisionType310"",""label"":""Art. 6(1)(b)""}",en,M.1675-DEC39985,METADATA_DECISION
146,2553,https://ec.europa.eu/competition/mergers/cases/decisions/m1671_en.pdf,M.1671-DEC39973-ATT16,arbitrat*,EN,"nt, […]. In the absence of any provision for submitting these issues between BP and Dow to pendulum arbitration Dow will thus have a de facto veto over BP’s ability to license, sub-license or use the",2026-06-05T16:23:35.185184,,,16,EN,DDOC,Art. 8(2) with conditions & obligations -  - mtf-dec-m-01671-020-2-20000503-0600-pub-en,,,2004-12-07,en,METADATA_DECISION_ATTACHMENT,,,,,,,,,,,,,,,Antitrust,DOW CHEMICAL / UNION CARBIDE,,,,,,,1999-11-22,Merger,,2000-05-03,,,1999-11-22,M.1671,1671,,,,,,,Council Regulation 4064/89,,,"{""code"":""NaceSectorsC_20_1"",""label"":""C.20.1 - Manufacture of basic chemicals, fertilisers and nitrogen compounds, plastics and synthetic rubber in primary forms""}",Normal procedure,false,,,DOW CHEMICAL / UNION CARBIDE,,en,M.1671,METADATA_CASE,2000-05-03,32001D0684,,39973,"{""items"":[{""reference"":""L245"",""publishedDate"":""2001-09-14"",""priorPublication"":""false""}]}",2001-09-14,false,"{""items"":[{""reference"":""IP/00/425""}]}",,"{""code"":""DecisionType600"",""label"":""Art. 8(2) with conditions & obligations""}",en,M.1671-DEC39973,METADATA_DECISION
147,2554,https://ec.europa.eu/competition/mergers/cases/decisions/M1671_20000503_600_788165_DA.pdf,M.1671-DEC39973-ATT25,voldgift*,DA,"alen ikke indeholder nogen bestemmelser om, at sådanne konflikter mellem BP og Dow skal afgøres ved voldgift, får Dow en de facto- vetoret over BP's muligheder for at meddele licenser eller underlicen",2026-06-05T16:23:37.953719,,,25,DA,DDOC,Art. 8(2) with conditions & obligations - Public version - mtf-dec-m-01671-020-2-20000503-0600-pub-da[1],2010-08-19,,2010-08-18,da,METADATA_DECISION_ATTACHMENT,,,,,,,,,,,,,,,Antitrust,DOW CHEMICAL / UNION CARBIDE,,,,,,,1999-11-22,Merger,,2000-05-03,,,1999-11-22,M.1671,1671,,,,,,,Council Regulation 4064/89,,,"{""code"":""NaceSectorsC_20_1"",""label"":""C.20.1 - Manufacture of basic chemicals, fertilisers and nitrogen compounds, plastics and synthetic rubber in primary forms""}",Normal procedure,false,,,DOW CHEMICAL / UNION CARBIDE,,en,M.1671,METADATA_CASE,2000-05-03,32001D0684,,39973,"{""items"":[{""reference"":""L245"",""publishedDate"":""2001-09-14"",""priorPublication"":""false""}]}",2001-09-14,false,"{""items"":[{""reference"":""IP/00/425""}]}",,"{""code"":""DecisionType600"",""label"":""Art. 8(2) with conditions & obligations""}",en,M.1671-DEC39973,METADATA_DECISION
148,2555,https://ec.europa.eu/competition/mergers/cases/decisions/M1671_20000503_600_788171_DE.pdf,M.1671-DEC39973-ATT26,Schiedsverfahren* | Schieds*,DE,lden. C - und C -PE-LLD weisen ähnliche Eigenschaften 4 6 auf und werden in vielen Anwendungen unterschiedslos eingesetzt. Zudem ist die angebotsseitige Substituierbarkeit stark ausgeprägt. Diese beid,2026-06-05T16:23:41.387525,,,26,DE,DDOC,Art. 8(2) with conditions & obligations - Public version - mtf-dec-m-01671-020-2-20000503-0600-pub-de[1],2010-08-19,,2010-08-18,de,METADATA_DECISION_ATTACHMENT,,,,,,,,,,,,,,,Antitrust,DOW CHEMICAL / UNION CARBIDE,,,,,,,1999-11-22,Merger,,2000-05-03,,,1999-11-22,M.1671,1671,,,,,,,Council Regulation 4064/89,,,"{""code"":""NaceSectorsC_20_1"",""label"":""C.20.1 - Manufacture of basic chemicals, fertilisers and nitrogen compounds, plastics and synthetic rubber in primary forms""}",Normal procedure,false,,,DOW CHEMICAL / UNION CARBIDE,,en,M.1671,METADATA_CASE,2000-05-03,32001D0684,,39973,"{""items"":[{""reference"":""L245"",""publishedDate"":""2001-09-14"",""priorPublication"":""false""}]}",2001-09-14,false,"{""items"":[{""reference"":""IP/00/425""}]}",,"{""code"":""DecisionType600"",""label"":""Art. 8(2) with conditions & obligations""}",en,M.1671-DEC39973,METADATA_DECISION
149,2556,https://ec.europa.eu/competition/mergers/cases/decisions/M1671_20000503_600_788175_EL.pdf,M.1671-DEC39973-ATT27,διαιτη*,EL,"ς φάσης. Η συµφωνία, στο σηµείο […] προβλέπει ότι […]. Ελλείψει κάποιας διάταξης για την υποβολή σε διαιτησία (pendulum arbitration) των διαφορών αυτών µεταξύ της BP και της Dow, η Dow θα έχει εκ των",2026-06-05T16:23:46.554222,,,27,EL,DDOC,Art. 8(2) with conditions & obligations - Public version - mtf-dec-m-01671-020-2-20000503-0600-pub-el[1],2010-08-19,,2010-08-18,el,METADATA_DECISION_ATTACHMENT,,,,,,,,,,,,,,,Antitrust,DOW CHEMICAL / UNION CARBIDE,,,,,,,1999-11-22,Merger,,2000-05-03,,,1999-11-22,M.1671,1671,,,,,,,Council Regulation 4064/89,,,"{""code"":""NaceSectorsC_20_1"",""label"":""C.20.1 - Manufacture of basic chemicals, fertilisers and nitrogen compounds, plastics and synthetic rubber in primary forms""}",Normal procedure,false,,,DOW CHEMICAL / UNION CARBIDE,,en,M.1671,METADATA_CASE,2000-05-03,32001D0684,,39973,"{""items"":[{""reference"":""L245"",""publishedDate"":""2001-09-14"",""priorPublication"":""false""}]}",2001-09-14,false,"{""items"":[{""reference"":""IP/00/425""}]}",,"{""code"":""DecisionType600"",""label"":""Art. 8(2) with conditions & obligations""}",en,M.1671-DEC39973,METADATA_DECISION
150,2557,https://ec.europa.eu/competition/mergers/cases/decisions/M1671_20000503_600_788195_ES.pdf,M.1671-DEC39973-ATT28,arbitraj*,ES,"[...].dispone que […] Al no existir disposición alguna para someter estos litigios entre BP y Dow a arbitraje, Dow podrá, como consecuencia de ello, vetar de facto la capacidad de BP para otorgar lice",2026-06-05T16:23:49.670865,,,28,ES,DDOC,Art. 8(2) with conditions & obligations - Public version - mtf-dec-m-01671-020-2-20000503-0600-pub-es[1],2010-08-19,,2010-08-18,es,METADATA_DECISION_ATTACHMENT,,,,,,,,,,,,,,,Antitrust,DOW CHEMICAL / UNION CARBIDE,,,,,,,1999-11-22,Merger,,2000-05-03,,,1999-11-22,M.1671,1671,,,,,,,Council Regulation 4064/89,,,"{""code"":""NaceSectorsC_20_1"",""label"":""C.20.1 - Manufacture of basic chemicals, fertilisers and nitrogen compounds, plastics and synthetic rubber in primary forms""}",Normal procedure,false,,,DOW CHEMICAL / UNION CARBIDE,,en,M.1671,METADATA_CASE,2000-05-03,32001D0684,,39973,"{""items"":[{""reference"":""L245"",""publishedDate"":""2001-09-14"",""priorPublication"":""false""}]}",2001-09-14,false,"{""items"":[{""reference"":""IP/00/425""}]}",,"{""code"":""DecisionType600"",""label"":""Art. 8(2) with conditions & obligations""}",en,M.1671-DEC39973,METADATA_DECISION
151,2559,https://ec.europa.eu/competition/mergers/cases/decisions/m1671_30_2.pdf,M.1671-DEC39973-ATT30,arbitrag*,FR,"on et de Dow, qui sera maintenue dans la même mesure que celle qui existait avant la concentration. Arbitrage 186. L'octroi de licences non exclusives, la cession à BP de la technologie en phase gazeu",2026-06-05T16:23:56.603495,,,30,FR,DDOC,Art. 8(2) with conditions & obligations - Public version - mtf-dec-m-01671-020-2-20000503-0600-pub-fr[1],2010-08-19,,2010-08-18,fr,METADATA_DECISION_ATTACHMENT,,,,,,,,,,,,,,,Antitrust,DOW CHEMICAL / UNION CARBIDE,,,,,,,1999-11-22,Merger,,2000-05-03,,,1999-11-22,M.1671,1671,,,,,,,Council Regulation 4064/89,,,"{""code"":""NaceSectorsC_20_1"",""label"":""C.20.1 - Manufacture of basic chemicals, fertilisers and nitrogen compounds, plastics and synthetic rubber in primary forms""}",Normal procedure,false,,,DOW CHEMICAL / UNION CARBIDE,,en,M.1671,METADATA_CASE,2000-05-03,32001D0684,,39973,"{""items"":[{""reference"":""L245"",""publishedDate"":""2001-09-14"",""priorPublication"":""false""}]}",2001-09-14,false,"{""items"":[{""reference"":""IP/00/425""}]}",,"{""code"":""DecisionType600"",""label"":""Art. 8(2) with conditions & obligations""}",en,M.1671-DEC39973,METADATA_DECISION
152,2561,https://ec.europa.eu/competition/mergers/cases/decisions/M1671_20000503_600_788204_PT.pdf,M.1671-DEC39973-ATT32,arbitrag*,PT,"fase gasosa. O acordo prevê [...]. "" Na ausência de qualquer disposição que preveja o recurso a uma arbitragem para estas questões entre a BP e a Dow, a Dow exercerá assim de facto um veto sobre a pos",2026-06-05T16:24:03.092555,,,32,PT,DDOC,Art. 8(2) with conditions & obligations - Public version - mtf-dec-m-01671-020-2-20000503-0600-pub-pt[1],2010-08-19,,2010-08-18,pt,METADATA_DECISION_ATTACHMENT,,,,,,,,,,,,,,,Antitrust,DOW CHEMICAL / UNION CARBIDE,,,,,,,1999-11-22,Merger,,2000-05-03,,,1999-11-22,M.1671,1671,,,,,,,Council Regulation 4064/89,,,"{""code"":""NaceSectorsC_20_1"",""label"":""C.20.1 - Manufacture of basic chemicals, fertilisers and nitrogen compounds, plastics and synthetic rubber in primary forms""}",Normal procedure,false,,,DOW CHEMICAL / UNION CARBIDE,,en,M.1671,METADATA_CASE,2000-05-03,32001D0684,,39973,"{""items"":[{""reference"":""L245"",""publishedDate"":""2001-09-14"",""priorPublication"":""false""}]}",2001-09-14,false,"{""items"":[{""reference"":""IP/00/425""}]}",,"{""code"":""DecisionType600"",""label"":""Art. 8(2) with conditions & obligations""}",en,M.1671-DEC39973,METADATA_DECISION
153,2562,https://ec.europa.eu/competition/mergers/cases/decisions/M1671_20000503_600_788208_SV.pdf,M.1671-DEC39973-ATT33,skiljeförfar* | skiljedom*,SV,"ger att […]*. I avsaknad av någon bestämmelse för att överlämna dessa frågor mellan BP och Dow till skiljedom kommer Dow sålunda att de facto ha veto i fråga om BP:s möjlighet att licensiera, underlic",2026-06-05T16:24:06.234062,,,33,SV,DDOC,Art. 8(2) with conditions & obligations - Public version - mtf-dec-m-01671-020-2-20000503-0600-pub-sv[1],2010-08-19,,2010-08-18,sv,METADATA_DECISION_ATTACHMENT,,,,,,,,,,,,,,,Antitrust,DOW CHEMICAL / UNION CARBIDE,,,,,,,1999-11-22,Merger,,2000-05-03,,,1999-11-22,M.1671,1671,,,,,,,Council Regulation 4064/89,,,"{""code"":""NaceSectorsC_20_1"",""label"":""C.20.1 - Manufacture of basic chemicals, fertilisers and nitrogen compounds, plastics and synthetic rubber in primary forms""}",Normal procedure,false,,,DOW CHEMICAL / UNION CARBIDE,,en,M.1671,METADATA_CASE,2000-05-03,32001D0684,,39973,"{""items"":[{""reference"":""L245"",""publishedDate"":""2001-09-14"",""priorPublication"":""false""}]}",2001-09-14,false,"{""items"":[{""reference"":""IP/00/425""}]}",,"{""code"":""DecisionType600"",""label"":""Art. 8(2) with conditions & obligations""}",en,M.1671-DEC39973,METADATA_DECISION
154,2574,https://ec.europa.eu/competition/mergers/cases/decisions/m1673_20000613_600_el.pdf,M.1673-DEC39982-ATT14,διαιτη*,EL,"ο αγοραστής αρνηθεί να αποδεχθεί την τιµή αυτή, ο προσδιορισµός της γίνεται µε δεσµευτική ισχύ από διαιτητή, εφόσον κάποιο από τα µέρη υποβάλει, εντός τριών µηνών από τη γνωστοποίηση της τιµής από το",2026-06-05T16:25:42.530937,,,14,EL,DDOC,Art. 8(2) with conditions & obligations -  - mtf-dec-m-01673-020-2-20000613-0600-pub-el,,,2004-12-07,el,METADATA_DECISION_ATTACHMENT,,,,,,,,,,,,,,,Antitrust,VEBA / VIAG | VEBA / VIAG (see also ECSC.1321),,,,"{""items"":[{""date"":""2000-01-17"",""name"":""Art. 9 request received on"",""type"":""MEvent12""}]}",2000-01-17,,1999-12-14,Merger,,2000-06-13,,,1999-12-14,M.1673,1673,,,,,,,Council Regulation 4064/89,,,"{""code"":""NaceSectorsD_35_1"",""label"":""D.35.1 - Electric power generation, transmission and distribution""} | {""code"":""NaceSectorsC_20"",""label"":""C.20 - Manufacture of chemicals and chemical products""}",Normal procedure,false,,,VEBA / VIAG (see also ECSC.1321),,en,M.1673,METADATA_CASE,2000-06-13,32001D0519,,39982,"{""items"":[{""reference"":""L188"",""publishedDate"":""2001-07-10"",""priorPublication"":""false""}]}",2001-07-10,false,"{""items"":[{""reference"":""IP/00/613""}]}",,"{""code"":""DecisionType600"",""label"":""Art. 8(2) with conditions & obligations""}",en,M.1673-DEC39982,METADATA_DECISION
155,2575,https://ec.europa.eu/competition/mergers/cases/decisions/m1673_20000613_600_en.pdf,M.1673-DEC39982-ATT15,arbitrat*,EN,"the purchaser or the seller challenges this value, it will be established with binding force by an arbitrator should one of the parties submit, within three months of communication of the value by th",2026-06-05T16:25:59.168595,,,15,EN,DDOC,Art. 8(2) with conditions & obligations -  - mtf-dec-m-01673-020-2-20000613-0600-pub-en,,,2004-12-07,en,METADATA_DECISION_ATTACHMENT,,,,,,,,,,,,,,,Antitrust,VEBA / VIAG | VEBA / VIAG (see also ECSC.1321),,,,"{""items"":[{""date"":""2000-01-17"",""name"":""Art. 9 request received on"",""type"":""MEvent12""}]}",2000-01-17,,1999-12-14,Merger,,2000-06-13,,,1999-12-14,M.1673,1673,,,,,,,Council Regulation 4064/89,,,"{""code"":""NaceSectorsD_35_1"",""label"":""D.35.1 - Electric power generation, transmission and distribution""} | {""code"":""NaceSectorsC_20"",""label"":""C.20 - Manufacture of chemicals and chemical products""}",Normal procedure,false,,,VEBA / VIAG (see also ECSC.1321),,en,M.1673,METADATA_CASE,2000-06-13,32001D0519,,39982,"{""items"":[{""reference"":""L188"",""publishedDate"":""2001-07-10"",""priorPublication"":""false""}]}",2001-07-10,false,"{""items"":[{""reference"":""IP/00/613""}]}",,"{""code"":""DecisionType600"",""label"":""Art. 8(2) with conditions & obligations""}",en,M.1673-DEC39982,METADATA_DECISION
156,2577,https://ec.europa.eu/competition/mergers/cases/decisions/m1673_20000613_600_de.pdf,M.1673-DEC39982-ATT17,Schieds*,DE,". Falls der Käufer oder der Verkäufer diesen Wert nicht anerkennen, wird er verbindlich durch einen Schiedsgutachter festgestellt, wenn eine der Parteien innerhalb von drei Monaten nach Bekanntgabe de",2026-06-05T16:26:13.558723,,,17,DE,DDOC,Art. 8(2) with conditions & obligations -  - mtf-dec-m-01673-020-2-20000613-0600-pub-de,,,2004-12-07,de,METADATA_DECISION_ATTACHMENT,,,,,,,,,,,,,,,Antitrust,VEBA / VIAG | VEBA / VIAG (see also ECSC.1321),,,,"{""items"":[{""date"":""2000-01-17"",""name"":""Art. 9 request received on"",""type"":""MEvent12""}]}",2000-01-17,,1999-12-14,Merger,,2000-06-13,,,1999-12-14,M.1673,1673,,,,,,,Council Regulation 4064/89,,,"{""code"":""NaceSectorsD_35_1"",""label"":""D.35.1 - Electric power generation, transmission and distribution""} | {""code"":""NaceSectorsC_20"",""label"":""C.20 - Manufacture of chemicals and chemical products""}",Normal procedure,false,,,VEBA / VIAG (see also ECSC.1321),,en,M.1673,METADATA_CASE,2000-06-13,32001D0519,,39982,"{""items"":[{""reference"":""L188"",""publishedDate"":""2001-07-10"",""priorPublication"":""false""}]}",2001-07-10,false,"{""items"":[{""reference"":""IP/00/613""}]}",,"{""code"":""DecisionType600"",""label"":""Art. 8(2) with conditions & obligations""}",en,M.1673-DEC39982,METADATA_DECISION
157,2583,https://ec.europa.eu/competition/mergers/cases/decisions/m1673_20000613_600_pt.pdf,M.1673-DEC39982-ATT26,arbitrag*,PT,"prador ou o vendedor contestarem esse valor, este será fixado de forma vinculativa por um perito de arbitragem, desde que uma das partes requeira junto do presidente da Câmara de Comércio e Indústria",2026-06-05T16:26:40.582701,,,26,PT,DDOC,Art. 8(2) with conditions & obligations -  - mtf-dec-m-01673-020-2-20000613-0600-pub-pt,,,2004-12-07,pt,METADATA_DECISION_ATTACHMENT,,,,,,,,,,,,,,,Antitrust,VEBA / VIAG | VEBA / VIAG (see also ECSC.1321),,,,"{""items"":[{""date"":""2000-01-17"",""name"":""Art. 9 request received on"",""type"":""MEvent12""}]}",2000-01-17,,1999-12-14,Merger,,2000-06-13,,,1999-12-14,M.1673,1673,,,,,,,Council Regulation 4064/89,,,"{""code"":""NaceSectorsD_35_1"",""label"":""D.35.1 - Electric power generation, transmission and distribution""} | {""code"":""NaceSectorsC_20"",""label"":""C.20 - Manufacture of chemicals and chemical products""}",Normal procedure,false,,,VEBA / VIAG (see also ECSC.1321),,en,M.1673,METADATA_CASE,2000-06-13,32001D0519,,39982,"{""items"":[{""reference"":""L188"",""publishedDate"":""2001-07-10"",""priorPublication"":""false""}]}",2001-07-10,false,"{""items"":[{""reference"":""IP/00/613""}]}",,"{""code"":""DecisionType600"",""label"":""Art. 8(2) with conditions & obligations""}",en,M.1673-DEC39982,METADATA_DECISION
158,2595,https://ec.europa.eu/competition/mergers/cases/decisions/m2533_en.pdf,M.2533-DEC40981-ATT22,arbitrat*,EN,"of such agreement, on such terms and conditions as may be determined by an independent third party arbitrator appointed by agreement with [that customer]* or, in the absence of such agreement, by the",2026-06-05T16:27:04.901346,,,22,EN,DDOC,Art. 8(2) with conditions & obligations -  - mtf-dec-m-02533-020-2-20011220-0600-pub-en,,,2004-12-07,en,METADATA_DECISION_ATTACHMENT,,,,,,,,,,,,,,,Antitrust,BP / E.ON,,,,"{""items"":[{""date"":""2001-08-20"",""name"":""Art. 9 request received on"",""type"":""MEvent12""}]}",2001-08-20,,2001-07-27,Merger,,2001-12-20,,,2001-07-27,M.2533,2533,{},,{},,,,Council Regulation 4064/89,,,"{""code"":""NaceSectorsC_19"",""label"":""C.19 - Manufacture of coke and refined petroleum products""} | {""code"":""NaceSectorsC_20"",""label"":""C.20 - Manufacture of chemicals and chemical products""}",Normal procedure,,,,BP / E.ON,,en,M.2533,METADATA_CASE,2001-12-20,32002D0792,,40981,"{""items"":[{""reference"":""L276"",""publishedDate"":""2002-10-12"",""priorPublication"":""false""}]}",2002-10-12,false,"{""items"":[{""reference"":""IP/01/1893""}]}",,"{""code"":""DecisionType600"",""label"":""Art. 8(2) with conditions & obligations""}",en,M.2533-DEC40981,METADATA_DECISION
159,2611,https://ec.europa.eu/competition/mergers/cases/decisions/m2530_de.pdf,M.2530-DEC40975-ATT4,Schiedsgericht* | Schiedsklausel* | Schieds*,DE,"htigt, eine Menge von bis zu 90.000 t pro Jahr zu beziehen. In dem Rahmenlieferungsvertrag ist eine Schiedsklausel vorzusehen, aufgrund derer der Händler im Streitfall die vorherige oder nachträgliche",2026-06-05T16:27:33.071106,,,4,DE,DDOC,Art. 8(2) with conditions & obligations -  - m2530de-web-correct,,,2006-03-16,de,METADATA_DECISION_ATTACHMENT,,,,,,,,,,,,,,,Antitrust,SÜDZUCKER / SAINT LOUIS,,,,,,,2001-07-20,Merger,,2001-12-20,,,2001-07-20,M.2530,2530,,,,,,,Council Regulation 4064/89,,,"{""code"":""NaceSectorsC_10_8_1"",""label"":""C.10.81 - Manufacture of sugar""}",Normal procedure,false,,,SÜDZUCKER / SAINT LOUIS,,en,M.2530,METADATA_CASE,2001-12-20,32003D0259,,40975,"{""items"":[{""reference"":""L103"",""publishedDate"":""2003-04-24"",""priorPublication"":""false""}]}",2003-04-24,false,"{""items"":[{""reference"":""IP/01/1891""}]}",,"{""code"":""DecisionType600"",""label"":""Art. 8(2) with conditions & obligations""}",en,M.2530-DEC40975,METADATA_DECISION
160,2614,https://ec.europa.eu/competition/mergers/cases/decisions/m1684_20000125_440_3219705_FR.pdf,M.1684-DEC39997-ATT14,arbitrag*,FR,S PARTIES CONCERNANT L’IMPACT DE L’OPERATION SUR LES FOURNISSEURS NON-DÉRÉFÉRENCEMENT/RÉFÉRENCEMENT/ARBITRAGE A. Maintien des contrats en cours et non-déréférencement des fournisseurs et des produits,2026-06-05T16:27:37.488821,,,14,FR,DDOC,Art. 6(1)(b) with conditions & obligations - Public version - mtf-dec-m-01684-020-1-20000125-0440-pub-fr,2013-08-19,,2013-08-16,fr,METADATA_DECISION_ATTACHMENT,,,,,,,,,,,,,,,Antitrust,CARREFOUR / PROMODES,,,,"{""items"":[{""date"":""1999-12-17"",""name"":""Art. 9 request received on"",""type"":""MEvent12""},{""date"":""1999-12-20"",""name"":""Art. 9 request received on"",""type"":""MEvent12""}]}",1999-12-17 | 1999-12-20,,1999-12-02,Merger,,2000-01-25,,,1999-12-02,M.1684,1684,,,,,,,Council Regulation 4064/89,,,"{""code"":""NaceSectorsG_47_1"",""label"":""G.47.1 - Retail sale in non-specialised stores""}",Normal procedure,false,,,CARREFOUR / PROMODES,,en,M.1684,METADATA_CASE,2000-01-25,,,39997,"{""items"":[{""reference"":""C164"",""publishedDate"":""2000-06-14"",""priorPublication"":""false""}]}",2000-06-14,false,,,"{""code"":""DecisionType440"",""label"":""Art. 6(1)(b) with conditions & obligations""}",en,M.1684-DEC39997,METADATA_DECISION
161,2730,https://ec.europa.eu/competition/mergers/cases/decisions/m623_de.pdf,M.623-DEC38686-ATT15,Schieds*,DE,ichs in Frage kommenden Dritten im Zusammenhang mit der Umsetzung dieser Zusagen einer unabhängigen Schiedsstelle vorzulegen. V. WÜRDIGUNG DER ÄNDERUNGSVORSCHLÄGE 234. In Anbetracht der Würdigung des,2026-06-05T16:32:50.787272,,,15,DE,DDOC,Art. 8(2) with conditions & obligations -  - mtf-dec-m-00623-020-2-19960116-0600-pub-de,,,2004-12-07,de,METADATA_DECISION_ATTACHMENT,,,,,,,,,,,,,,,Antitrust,KIMBERLY-CLARK / SCOTT PAPER,,,,,,,1995-08-08,Merger,,1996-01-16,,,1995-08-08,M.623,623,{},,{},,,,Council Regulation 4064/89,,,"{""code"":""NaceSectorsC_17_2"",""label"":""C.17.2 - Manufacture of articles of paper and paperboard""}",Normal procedure,,,,KIMBERLY-CLARK / SCOTT PAPER,,en,M.623,METADATA_CASE,1996-01-16,31996D0435,,38686,"{""items"":[{""reference"":""L183"",""publishedDate"":""1996-07-23"",""priorPublication"":""false""}]}",1996-07-23,false,,,"{""code"":""DecisionType600"",""label"":""Art. 8(2) with conditions & obligations""}",en,M.623-DEC38686,METADATA_DECISION
162,2731,https://ec.europa.eu/competition/mergers/cases/decisions/m623_fi.pdf,M.623-DEC38686-ATT16,välimies* | välimiesmenettel*,FI,"iheutuvat näiden sitoumusten täytäntöönpanosta tai ovat yhteydessä siihen, hoidetaan riippumattoman välimiesmenettelyn avulla sanotun kuitenkaan rajoittamatta sulautumisasetuksen 8 artiklan 2 kohdassa",2026-06-05T16:32:56.532285,,,16,FI,DDOC,Art. 8(2) with conditions & obligations -  - mtf-dec-m-00623-020-2-19960116-0600-pub-fi,,,2004-12-07,fi,METADATA_DECISION_ATTACHMENT,,,,,,,,,,,,,,,Antitrust,KIMBERLY-CLARK / SCOTT PAPER,,,,,,,1995-08-08,Merger,,1996-01-16,,,1995-08-08,M.623,623,{},,{},,,,Council Regulation 4064/89,,,"{""code"":""NaceSectorsC_17_2"",""label"":""C.17.2 - Manufacture of articles of paper and paperboard""}",Normal procedure,,,,KIMBERLY-CLARK / SCOTT PAPER,,en,M.623,METADATA_CASE,1996-01-16,31996D0435,,38686,"{""items"":[{""reference"":""L183"",""publishedDate"":""1996-07-23"",""priorPublication"":""false""}]}",1996-07-23,false,,,"{""code"":""DecisionType600"",""label"":""Art. 8(2) with conditions & obligations""}",en,M.623-DEC38686,METADATA_DECISION
163,2732,https://ec.europa.eu/competition/mergers/cases/decisions/m623_en.pdf,M.623-DEC38686-ATT18,arbitrat*,EN,of or in connection with the implementation of these undertakings will be submitted to independent arbitration. V. ASSESSMENT OF PROPOSED MODIFICATIONS 234. In the light of the assessment of the oper,2026-06-05T16:33:00.838389,,,18,EN,DDOC,Art. 8(2) with conditions & obligations -  - mtf-dec-m-00623-020-2-19960116-0600-pub-en,,,2004-12-07,en,METADATA_DECISION_ATTACHMENT,,,,,,,,,,,,,,,Antitrust,KIMBERLY-CLARK / SCOTT PAPER,,,,,,,1995-08-08,Merger,,1996-01-16,,,1995-08-08,M.623,623,{},,{},,,,Council Regulation 4064/89,,,"{""code"":""NaceSectorsC_17_2"",""label"":""C.17.2 - Manufacture of articles of paper and paperboard""}",Normal procedure,,,,KIMBERLY-CLARK / SCOTT PAPER,,en,M.623,METADATA_CASE,1996-01-16,31996D0435,,38686,"{""items"":[{""reference"":""L183"",""publishedDate"":""1996-07-23"",""priorPublication"":""false""}]}",1996-07-23,false,,,"{""code"":""DecisionType600"",""label"":""Art. 8(2) with conditions & obligations""}",en,M.623-DEC38686,METADATA_DECISION
164,2735,https://ec.europa.eu/competition/mergers/cases/decisions/m623_pt.pdf,M.623-DEC38686-ATT22,arbitrag*,PT,das actividades a alienar resultantes ou relativos à aplicação destes compromissos serão sujeitos a arbitragem independente. V. AVALIAÇÃO DAS ALTERAÇÕES PROPOSTAS 234. À luz da avaliação da operação q,2026-06-05T16:33:16.912359,,,22,PT,DDOC,Art. 8(2) with conditions & obligations -  - mtf-dec-m-00623-020-2-19960116-0600-pub-pt,,,2004-12-07,pt,METADATA_DECISION_ATTACHMENT,,,,,,,,,,,,,,,Antitrust,KIMBERLY-CLARK / SCOTT PAPER,,,,,,,1995-08-08,Merger,,1996-01-16,,,1995-08-08,M.623,623,{},,{},,,,Council Regulation 4064/89,,,"{""code"":""NaceSectorsC_17_2"",""label"":""C.17.2 - Manufacture of articles of paper and paperboard""}",Normal procedure,,,,KIMBERLY-CLARK / SCOTT PAPER,,en,M.623,METADATA_CASE,1996-01-16,31996D0435,,38686,"{""items"":[{""reference"":""L183"",""publishedDate"":""1996-07-23"",""priorPublication"":""false""}]}",1996-07-23,false,,,"{""code"":""DecisionType600"",""label"":""Art. 8(2) with conditions & obligations""}",en,M.623-DEC38686,METADATA_DECISION
165,2736,https://ec.europa.eu/competition/mergers/cases/decisions/m623_sv.pdf,M.623-DEC38686-ATT23,skiljedom*,SV,", vilka uppstår på grund av eller i samband med dessa företags medverkan att underställas oberoende skiljedom. V. BEDÖMNING AV DE FÖRESLAGNA ÄNDRINGARNA. 234. I ljuset av bedömningen av transaktionen",2026-06-05T16:33:21.912459,,,23,SV,DDOC,Art. 8(2) with conditions & obligations -  - mtf-dec-m-00623-020-2-19960116-0600-pub-sv,,,2004-12-07,sv,METADATA_DECISION_ATTACHMENT,,,,,,,,,,,,,,,Antitrust,KIMBERLY-CLARK / SCOTT PAPER,,,,,,,1995-08-08,Merger,,1996-01-16,,,1995-08-08,M.623,623,{},,{},,,,Council Regulation 4064/89,,,"{""code"":""NaceSectorsC_17_2"",""label"":""C.17.2 - Manufacture of articles of paper and paperboard""}",Normal procedure,,,,KIMBERLY-CLARK / SCOTT PAPER,,en,M.623,METADATA_CASE,1996-01-16,31996D0435,,38686,"{""items"":[{""reference"":""L183"",""publishedDate"":""1996-07-23"",""priorPublication"":""false""}]}",1996-07-23,false,,,"{""code"":""DecisionType600"",""label"":""Art. 8(2) with conditions & obligations""}",en,M.623-DEC38686,METADATA_DECISION
166,2737,https://ec.europa.eu/competition/mergers/cases/decisions/m623_da.pdf,M.623-DEC38686-ATT24,voldgift*,DA,"der skyldes eller har forbindelse med opfyldelsen af disse tilsagn, vil blive afgjort ved uafhængig voldgift. Kommissionens beføjelser i henhold til fusionsforordningens artikel 8, stk. 2, berøres ikk",2026-06-05T16:33:26.595677,,,24,DA,DDOC,Art. 8(2) with conditions & obligations -  - mtf-dec-m-00623-020-2-19960116-0600-pub-da,,,2004-12-07,da,METADATA_DECISION_ATTACHMENT,,,,,,,,,,,,,,,Antitrust,KIMBERLY-CLARK / SCOTT PAPER,,,,,,,1995-08-08,Merger,,1996-01-16,,,1995-08-08,M.623,623,{},,{},,,,Council Regulation 4064/89,,,"{""code"":""NaceSectorsC_17_2"",""label"":""C.17.2 - Manufacture of articles of paper and paperboard""}",Normal procedure,,,,KIMBERLY-CLARK / SCOTT PAPER,,en,M.623,METADATA_CASE,1996-01-16,31996D0435,,38686,"{""items"":[{""reference"":""L183"",""publishedDate"":""1996-07-23"",""priorPublication"":""false""}]}",1996-07-23,false,,,"{""code"":""DecisionType600"",""label"":""Art. 8(2) with conditions & obligations""}",en,M.623-DEC38686,METADATA_DECISION
167,2738,https://ec.europa.eu/competition/mergers/cases/decisions/m623_el.pdf,M.623-DEC38686-ATT27,διαιτη*,EL,πoυ δηµιoυργείτα από ή σε σχέση µε τηv εφαρµoγή τωv εv λόγω δεσµεύσεωv θα υπoβάλλεται σε αvεξάρτητη διαιτησία. V ΕΚΤIΜΗΣΗ ΤΩΝ ΠΡΟΤΕIΝΟΜΕΝΩΝ ΤΡΟΠΟΠΟIΗΣΕΩΝ 234. Υπό τo πρίσµα της εκτίµησης της πράξης πo,2026-06-05T16:33:36.433369,,,27,EL,DDOC,Art. 8(2) with conditions & obligations -  - mtf-dec-m-00623-020-2-19960116-0600-pub-el,,,2004-12-07,el,METADATA_DECISION_ATTACHMENT,,,,,,,,,,,,,,,Antitrust,KIMBERLY-CLARK / SCOTT PAPER,,,,,,,1995-08-08,Merger,,1996-01-16,,,1995-08-08,M.623,623,{},,{},,,,Council Regulation 4064/89,,,"{""code"":""NaceSectorsC_17_2"",""label"":""C.17.2 - Manufacture of articles of paper and paperboard""}",Normal procedure,,,,KIMBERLY-CLARK / SCOTT PAPER,,en,M.623,METADATA_CASE,1996-01-16,31996D0435,,38686,"{""items"":[{""reference"":""L183"",""publishedDate"":""1996-07-23"",""priorPublication"":""false""}]}",1996-07-23,false,,,"{""code"":""DecisionType600"",""label"":""Art. 8(2) with conditions & obligations""}",en,M.623-DEC38686,METADATA_DECISION
168,2739,https://ec.europa.eu/competition/mergers/cases/decisions/m623_es.pdf,M.623-DEC38686-ATT28,arbitraj*,ES,"de la puesta en práctica de estos compromisos o en conexión con ellos, será sometida a un órgano de arbitraje independiente. V. EVALUACIÓN DE LAS MODIFICACIONES PROPUESTAS 234. A la vista de la evalua",2026-06-05T16:33:41.504956,,,28,ES,DDOC,Art. 8(2) with conditions & obligations -  - mtf-dec-m-00623-020-2-19960116-0600-pub-es,,,2004-12-07,es,METADATA_DECISION_ATTACHMENT,,,,,,,,,,,,,,,Antitrust,KIMBERLY-CLARK / SCOTT PAPER,,,,,,,1995-08-08,Merger,,1996-01-16,,,1995-08-08,M.623,623,{},,{},,,,Council Regulation 4064/89,,,"{""code"":""NaceSectorsC_17_2"",""label"":""C.17.2 - Manufacture of articles of paper and paperboard""}",Normal procedure,,,,KIMBERLY-CLARK / SCOTT PAPER,,en,M.623,METADATA_CASE,1996-01-16,31996D0435,,38686,"{""items"":[{""reference"":""L183"",""publishedDate"":""1996-07-23"",""priorPublication"":""false""}]}",1996-07-23,false,,,"{""code"":""DecisionType600"",""label"":""Art. 8(2) with conditions & obligations""}",en,M.623-DEC38686,METADATA_DECISION
169,2817,https://ec.europa.eu/competition/mergers/cases/decisions/m616_en.pdf,M.616-DEC38674-ATT3,arbitrat*,EN,"ted. Should it be impossible to reach agreement, then the issue shall be resolved by an independent arbitrator, whose appointment will be agreed by the parties concerned. In the event that no agreemen",2026-06-05T16:34:21.852896,,,3,EN,DDOC,Art. 6(1)(b) with conditions & obligations -  - mtf-dec-m-00616-020-1-19950720-0440-pub-en,,,2004-12-07,en,METADATA_DECISION_ATTACHMENT,,,,,,,,,,,,,,,Antitrust,SWISSAIR / SABENA (II),,,,,,,1995-06-23,Merger,,1995-07-20,,,1995-06-23,M.616,616,{},,{},,,,Council Regulation 4064/89,,,"{""code"":""NaceSectorsH_51"",""label"":""H.51 - Air transport""}",Normal procedure,,,,SWISSAIR / SABENA (II),,en,M.616,METADATA_CASE,1995-07-20,,,38674,"{""items"":[{""reference"":""C200"",""publishedDate"":""1995-08-04"",""priorPublication"":""false""}]}",1995-08-04,false,,,"{""code"":""DecisionType440"",""label"":""Art. 6(1)(b) with conditions & obligations""}",en,M.616-DEC38674,METADATA_DECISION
170,2865,https://ec.europa.eu/competition/mergers/cases/decisions/m4691_20071011_20212_en.pdf,M.4691-DEC44097-ATT568,arbitrat*,EN,"o-operation and consultation, the Initiating Party shall within seven (7) calendar days initiate an arbitration process; (d) To initiate the arbitration process, the Initiating Party shall give writte",2026-06-05T16:35:20.196371,,,568,EN,DDOC,Art. 6(1)(b) with conditions & obligations -  - m4691-6(2),,,2008-02-06,en,METADATA_DECISION_ATTACHMENT,Section 1.2 of Form CO,,1,EN,https://ec.europa.eu/competition/mergers/cases/additional_data/593562.pdf,DOCS,M4691_Section1_2,2007-08-23,,,en,M.4691-ATT1,METADATA_CASE_ATTACHMENT,,Antitrust,SCHERING-PLOUGH / ORGANON BS | SCHERING-PLOUGH / ORGANON BIOSCIENCES,,,,"{""items"":[{""date"":""2007-09-20"",""name"":""Commitments submitted in N/1 on"",""type"":""MEvent3""}]}",2007-09-20,,2007-08-23,Merger,,2007-10-11,,M.5195,2007-08-23,M.4691,4691,,,,,,,Council Regulation 139/2004,,,"{""code"":""NaceSectorsC_21_2_0"",""label"":""C.21.20 - Manufacture of pharmaceutical preparations""}",Normal procedure,false,,,SCHERING-PLOUGH / ORGANON BIOSCIENCES,,en,M.4691,METADATA_CASE,2007-10-11,,,44097,"{""items"":[{""reference"":""C80"",""publishedDate"":""2008-04-01"",""priorPublication"":""false""}]}",2008-04-01,false,"{""items"":[{""reference"":""IP/07/1489""}]}",,"{""code"":""DecisionType20212"",""label"":""Art. 6(1)(b) with conditions & obligations""}",en,M.4691-DEC44097,METADATA_DECISION
171,2908,https://ec.europa.eu/competition/mergers/cases/decisions/m5557_20091029_20330_fr.pdf,M.5557-DEC45291-ATT852,arbitrag*,FR,"dans la politique de transport, et dans les infrastructures spécifiques lourdes ne permettant pas l'arbitrage entre les deux modes de transport mais également du fait de leurs coûts d'exploitations se",2026-06-05T16:35:49.035920,,,852,FR,DDOC,Art. 9(3) full referral -  - m5557-9(3)-FR,,,2009-11-12,fr,METADATA_DECISION_ATTACHMENT,Section 1.2 of Form CO,,504,EN,https://ec.europa.eu/competition/mergers/cases/additional_data/1067140.pdf,DOCS,Section 1.2 of Form CO,2009-09-24,,2009-09-24,en,M.5557-ATT504,METADATA_CASE_ATTACHMENT,,Antitrust,SNCF-P / CDPQ / KEOLIS / EFFIA,,2009-11-04,,"{""items"":[{""date"":""2009-10-08"",""name"":""Art. 9 request received on"",""type"":""MEvent12""}]}",2009-10-08,,2009-09-15,Merger,,2009-10-29,,,2009-09-15,M.5557,5557,,,,,,,Council Regulation 139/2004,,,"{""code"":""NaceSectorsH_49_3_1"",""label"":""H.49.31 - Urban and suburban passenger land transport""} | {""code"":""NaceSectorsH_49_1_0"",""label"":""H.49.10 - Passenger rail transport, interurban""}",Normal procedure,false,,,SNCF-P / CDPQ / KEOLIS / EFFIA,,en,M.5557,METADATA_CASE,2009-10-29,,,45291,,,false,"{""items"":[{""reference"":""IP/09/1656""}]}",,"{""code"":""DecisionType20330"",""label"":""Art. 9(3) full referral""}",en,M.5557-DEC45291,METADATA_DECISION
172,2964,https://ec.europa.eu/competition/mergers/cases/decisions/m5579_20100122_20212_fr.pdf,M.5579-DEC45423-ATT834,arbitrag* | tribunal arbitral*,FR,"tation entre la Partie requérante et les Parties, la Partie Requérante pourra déposer une demande d’arbitrage (la Demande) auprès de la Chambre de Commerce Internationale (la CCI), en en adressant cop",2026-06-05T16:36:25.915223,,,834,FR,DDOC,Art. 6(1)(b) with conditions & obligations -  - m5579-6(2)-FR,,,2010-03-18,fr,METADATA_DECISION_ATTACHMENT,Section 1.2 of Form CO,,309,FR,https://ec.europa.eu/competition/mergers/cases/additional_data/m5579_309_7.pdf,DOCS,M5579_Section1_2,2009-11-27,,2009-11-27,fr,M.5579-ATT309,METADATA_CASE_ATTACHMENT,,Antitrust,TLP / ERMEWA | TRANSPORTS LOGISTIQUE PARTENAIRES / ERMEWA,,,,"{""items"":[{""date"":""2009-12-22"",""name"":""Commitments submitted in N/1 on"",""type"":""MEvent3""}]}",2009-12-22,,2009-11-25,Merger,,2010-01-22,,,2009-11-25,M.5579,5579,,,,,,,Council Regulation 139/2004,,,"{""code"":""NaceSectorsH_52_2_9"",""label"":""H.52.29 - Other transportation support activities""} | {""code"":""NaceSectorsH_49_2"",""label"":""H.49.2 - Freight rail transport""} | {""code"":""NaceSectorsH_49_2_0"",""label"":""H.49.20 - Freight rail transport""}",Normal procedure,false,,,TLP / ERMEWA,,en,M.5579,METADATA_CASE,2010-01-22,,,45423,"{""items"":[{""reference"":""C60"",""publishedDate"":""2010-03-11"",""priorPublication"":""false""}]}",2010-03-11,false,"{""items"":[{""reference"":""IP/10/44""}]}",,"{""code"":""DecisionType20212"",""label"":""Art. 6(1)(b) with conditions & obligations""}",en,M.5579-DEC45423,METADATA_DECISION
173,3019,https://ec.europa.eu/competition/mergers/cases/decisions/m5121_20080625_20212_en.pdf,M.5121-DEC44528-ATT21,arbitrat*,EN,"tion of smartcards, and (v) provides some brief rules in the event of non-compliance (penalties and arbitration). Premiere/NDS will have to sub-license Videoguard to SES Astra 111. According to the ma",2026-06-05T16:36:58.603353,,,21,EN,DDOC,Art. 6(1)(b) with conditions & obligations -  - m5121-6(2),,,2008-08-22,en,METADATA_DECISION_ATTACHMENT,Section 1.2 of Form CO,,2,EN,https://ec.europa.eu/competition/mergers/cases/additional_data/692353.pdf,DOCS,M5121_Section1_2,2008-05-13,,,en,M.5121-ATT2,METADATA_CASE_ATTACHMENT,,Antitrust,NICOLA / PETER | NEWS CORP / PREMIERE,,,,"{""items"":[{""date"":""2008-06-04"",""name"":""Commitments submitted in N/1 on"",""type"":""MEvent3""}]}",2008-06-04,,2008-05-05,Merger,,2008-06-25,,,2008-05-05,M.5121,5121,{},,{},,,,Council Regulation 139/2004,,,"{""code"":""NaceSectorsJ_60_2"",""label"":""J.60.2 - Television programming and broadcasting activities""}",Normal procedure,,,,NEWS CORP / PREMIERE,,en,M.5121,METADATA_CASE,2008-06-25,,,44528,"{""items"":[{""reference"":""C219"",""publishedDate"":""2008-08-28"",""priorPublication"":""false""}]}",2008-08-28,false,"{""items"":[{""reference"":""IP/08/1012""}]}",,"{""code"":""DecisionType20212"",""label"":""Art. 6(1)(b) with conditions & obligations""}",en,M.5121-DEC44528,METADATA_DECISION
174,3058,https://ec.europa.eu/competition/mergers/cases/decisions/m5141_20081217_20682_en.pdf,M.5141-DEC44849-ATT20,arbitrat*,EN,"for the purchase of guaranteed seats, with respect to which tour operators may have the ability to arbitrate between various destinations (and thus direct their downstream demand towards destinations",2026-06-05T16:37:43.306428,,,20,EN,DDOC,Art. 8(1) -  - m5141-8(1)-EN,,,2009-04-21,en,METADATA_DECISION_ATTACHMENT,Hearing Officer Report-EN,,4,EN,https://ec.europa.eu/competition/mergers/cases/additional_data/838771.pdf,DOCS,Hearing Officer Report-EN,2009-02-03,,,en,M.5141-ATT4,METADATA_CASE_ATTACHMENT,,Antitrust,KLM / MARTINAIR,,2009-01-22,,"{""items"":[{""date"":""2008-08-18"",""name"":""Commitments submitted in N/1 on"",""type"":""MEvent3""}]}",2008-08-18,,2008-07-17,Merger,,2008-12-17,,M.1328,2008-07-17,M.5141,5141,{},,{},,,,Council Regulation 139/2004,,,"{""code"":""NaceSectorsH_51_1"",""label"":""H.51.1 - Passenger air transport""} | {""code"":""NaceSectorsH_51_2_1"",""label"":""H.51.21 - Freight air transport""}",Normal procedure,,,,KLM / MARTINAIR,,en,M.5141,METADATA_CASE,2008-12-17,,,44849,"{""items"":[{""reference"":""C51"",""publishedDate"":""2009-03-04"",""priorPublication"":""false""}]}",2009-03-04,false,"{""items"":[{""reference"":""IP/08/1995""}]}",,"{""code"":""DecisionType20682"",""label"":""Art. 8(1)""}",en,M.5141-DEC44849,METADATA_DECISION
175,3072,https://ec.europa.eu/competition/mergers/cases/decisions/m5153_20090109_20600_en.pdf,M.5153-DEC44879-ATT28,arbitrat*,EN,l Partners and/or Velsicol and the Purchaser will be referred to the Monitoring Trustee for binding arbitration. All costs incurred in relation to such arbitration will be shared equally. This provisi,2026-06-05T16:38:14.668334,,,28,EN,DDOC,Art. 8(2) with conditions & obligations -  - m5153-8(2)-EN,,,2009-09-14,en,METADATA_DECISION_ATTACHMENT,Section 1.2 Form Co,,5,EN,https://ec.europa.eu/competition/mergers/cases/additional_data/709925.pdf,DOCS,M5153_Section1_2,2008-06-18,,2008-12-12,en,M.5153-ATT5,METADATA_CASE_ATTACHMENT,,Antitrust,ARSENAL / DSP,,,,"{""items"":[{""date"":""2008-07-15"",""name"":""Commitments submitted in N/1 on"",""type"":""MEvent3""},{""date"":""2008-11-06"",""name"":""Commitments submitted in N/2 on"",""type"":""MEvent4""}]}",2008-07-15 | 2008-11-06,,2008-06-17,Merger,,2009-01-09,,,2008-06-17,M.5153,5153,{},,{},,,,Council Regulation 139/2004,,,"{""code"":""NaceSectorsC_20"",""label"":""C.20 - Manufacture of chemicals and chemical products""}",Normal procedure,,,,ARSENAL / DSP,,en,M.5153,METADATA_CASE,2009-01-09,,,44879,"{""items"":[{""reference"":""C227"",""publishedDate"":""2009-09-22"",""priorPublication"":""false""}]}",2009-09-22,false,"{""items"":[{""reference"":""IP/09/28""}]}",,"{""code"":""DecisionType20600"",""label"":""Art. 8(2) with conditions & obligations""}",en,M.5153-DEC44879,METADATA_DECISION
176,3073,https://ec.europa.eu/competition/mergers/cases/decisions/m5153_20090109_20600_de.pdf,M.5153-DEC44879-ATT29,Schieds*,DE,"er relative Preis „stationär” ist). Im Wesentlichen wird dabei geprüft, ob das „Gesetz von der Unterschiedslosigkeit der Preise” im Falle der beiden Produkte gewahrt ist: Sind die Produkte praktisch s",2026-06-05T16:38:22.996502,,,29,DE,DDOC,Art. 8(2) with conditions & obligations -  - m5153-8(2)-DE,,,2009-10-23,de,METADATA_DECISION_ATTACHMENT,Section 1.2 Form Co,,5,EN,https://ec.europa.eu/competition/mergers/cases/additional_data/709925.pdf,DOCS,M5153_Section1_2,2008-06-18,,2008-12-12,en,M.5153-ATT5,METADATA_CASE_ATTACHMENT,,Antitrust,ARSENAL / DSP,,,,"{""items"":[{""date"":""2008-07-15"",""name"":""Commitments submitted in N/1 on"",""type"":""MEvent3""},{""date"":""2008-11-06"",""name"":""Commitments submitted in N/2 on"",""type"":""MEvent4""}]}",2008-07-15 | 2008-11-06,,2008-06-17,Merger,,2009-01-09,,,2008-06-17,M.5153,5153,{},,{},,,,Council Regulation 139/2004,,,"{""code"":""NaceSectorsC_20"",""label"":""C.20 - Manufacture of chemicals and chemical products""}",Normal procedure,,,,ARSENAL / DSP,,en,M.5153,METADATA_CASE,2009-01-09,,,44879,"{""items"":[{""reference"":""C227"",""publishedDate"":""2009-09-22"",""priorPublication"":""false""}]}",2009-09-22,false,"{""items"":[{""reference"":""IP/09/28""}]}",,"{""code"":""DecisionType20600"",""label"":""Art. 8(2) with conditions & obligations""}",en,M.5153-DEC44879,METADATA_DECISION
177,3195,https://ec.europa.eu/competition/mergers/cases/decisions/m3770_20050704_20212_en.pdf,M.3770-DEC{AAE9C741-AD9F-4EEC-AFEA-006C99E04FCF}-ATT211,arbitrat*,EN,"peration and consultation as provided for in Paragraph 13.2, the Requesting Party shall nominate an arbitrator. 13.4 The Merged Entity shall, within two weeks of receiving notification in writing from",2026-06-05T16:39:31.812393,"{""code"":""DocumentCategory0587"",""label"":""Decision - web publication""}",2005-09-20,211,EN,,,,,2005-09-20,en,METADATA_DECISION_ATTACHMENT,,,,,,,,,,,,,,,,,,,Competition DG,,,"{""items"":[{}]}",2005-03-11,Merger,,2024-11-19,,,2005-05-20,M.3770,3770,"{""items"":[{""reference"":""C:2005:131:"",""webDescription"":"""",""pageNumber"":"""",""referenceNumber"":""131"",""referenceYear"":""2005"",""referenceSeries"":""C"",""publishedDate"":""2005-05-28""}]}",2005-05-28,"{""items"":[{}]}",,,,Council Regulation 139/2004,,,"{""code"":""NaceSectorsH_51_1_0"",""label"":""H.51.10 - Passenger air transport""}",Normal,,"{""items"":[{""date"":""2005-06-15"",""description"":""Changed deadline - Commitments submitted in N/1 on 15.06.2005"",""type"":""MEvent3"",""label"":""Changed deadline - Commitments submitted in N/1 on DATE_PLACEHOLDER"",""url"":""""}]}",2005-06-15,LUFTHANSA / SWISS,"{""code"":""MergerCaseType1"",""label"":""Merger""}",en,M.3770,METADATA_CASE,2005-07-04,,"{""items"":[{}]}",{AAE9C741-AD9F-4EEC-AFEA-006C99E04FCF},"{""items"":[{""reference"":""C:2005:204:"",""webDescription"":"""",""pageNumber"":"""",""referenceNumber"":""204"",""referenceYear"":""2005"",""referenceSeries"":""C"",""publishedDate"":""2005-08-20""}]}",2005-08-20,,"{""items"":[{""reference"":""IP_05_837"",""webDescription"":"""",""publicationDate"":""2005-08-20""}]}",2005-08-20,"{""code"":""DecisionType20212"",""label"":""Art. 6(1)(b) with conditions & obligations""}",en,M.3770-DEC{AAE9C741-AD9F-4EEC-AFEA-006C99E04FCF},METADATA_DECISION
178,3264,https://ec.europa.eu/competition/mergers/cases/decisions/m3796_20060719_20600_de.pdf,M.3796-DEC43266-ATT29,Schieds*,DE,Kommission 45-55% über dem Preis für PCC für Füllstoffe. Angesichts dieses beträchtlichen Preisunterschieds und der für die Produktion von PCC als Streichpigment notwendigen Investitionen ist ein Lief,2026-06-05T16:40:36.581590,,,29,DE,DDOC,Art. 8(2) with conditions & obligations -  - m3796-8(2)-DE,,,2007-06-11,de,METADATA_DECISION_ATTACHMENT,,,,,,,,,,,,,,,Antitrust,OMYA / J.M. HUBER PCC,,,,"{""items"":[{""date"":""2005-11-29"",""name"":""Deadline suspension under Article 11(3) ended on"",""type"":""MEvent8""},{""date"":""2006-03-21"",""name"":""Deadline suspension under Article 11(3) ended on"",""type"":""MEvent8""},{""date"":""2005-11-22"",""name"":""Deadline suspended under Article 11(3) [date may differ from the Article 11(3) decision date] from"",""type"":""MEvent7""},{""date"":""2006-05-23"",""name"":""Commitments submitted in N/2 on"",""type"":""MEvent4""},{""date"":""2005-12-08"",""name"":""Deadline suspended under Article 11(3) [date may differ from the Article 11(3) decision date] from"",""type"":""MEvent7""},{""date"":""2005-10-19"",""name"":""Deadline suspension under Article 11(3) ended on"",""type"":""MEvent8""},{""date"":""2005-09-05"",""name"":""Commitments submitted in N/1 on"",""type"":""MEvent3""},{""date"":""2006-05-17"",""name"":""Deadline extended by 2 working days under article 10(3)2 on"",""type"":""MEvent10""},{""date"":""2005-10-11"",""name"":""Deadline suspended under Article 11(3) [date may differ from the Article 11(3) decision date] from"",""type"":""MEvent7""},{""date"":""2005-11-04"",""name"":""Deadline suspended under Article 11(3) [date may differ from the Article 11(3) decision date] from"",""type"":""MEvent7""},{""date"":""2005-11-17"",""name"":""Deadline suspension under Article 11(3) ended on"",""type"":""MEvent8""}]}",2005-11-29 | 2006-03-21 | 2005-11-22 | 2006-05-23 | 2005-12-08 | 2005-10-19 | 2005-09-05 | 2006-05-17 | 2005-10-11 | 2005-11-04 | 2005-11-17,,2005-08-04,Merger,,2006-07-19,,,2005-08-04,M.3796,3796,{},,{},,,,Council Regulation 139/2004,,,"{""code"":""NaceSectorsC_23_9_9"",""label"":""C.23.99 - Manufacture of other non-metallic mineral products n.e.c.""}",Normal procedure,,,,OMYA / J.M. HUBER PCC,,en,M.3796,METADATA_CASE,2006-07-19,32007D0164,,43266,"{""items"":[{""reference"":""L72"",""publishedDate"":""2007-03-13"",""priorPublication"":""false""}]}",2007-03-13,false,"{""items"":[{""reference"":""IP/06/1017""}]}",,"{""code"":""DecisionType20600"",""label"":""Art. 8(2) with conditions & obligations""}",en,M.3796-DEC43266,METADATA_DECISION
179,3311,https://ec.europa.eu/competition/mergers/cases/decisions/m3333_20040719_590_en.pdf,M.3333-DEC41835-ATT23,arbitrat*,EN,"the attempt to decrease the level of mechanical royalties by initiating a proceeding in front of an arbitration panel of the Bundespatentamt), it should be noted that this is an action of the recordin",2026-06-05T16:41:31.497299,,,23,EN,DDOC,Art. 8(2) -  - mtf-dec-m-03333-020-2-20040719-0590-pub-en,,,2004-12-02,en,METADATA_DECISION_ATTACHMENT,Hearing Officer Report - EN,,20,EN,https://ec.europa.eu/competition/mergers/cases/additional_data/1033878.pdf,DOCS,Hearing Officer Report - EN,2009-08-11,,2009-08-11,en,M.3333-ATT20,METADATA_CASE_ATTACHMENT,,Antitrust,BERTELSMANN / SONY MUSIC / JV | SONY / BMG (4064),,2007-10-10,,"{""items"":[{""date"":""2007-03-19"",""name"":""Deadline suspended under Article 11(3) [date may differ from the Article 11(3) decision date] from"",""type"":""MEvent7""},{""date"":""2007-06-25"",""name"":""Deadline suspension under Article 11(3) ended on"",""type"":""MEvent8""}]}",2007-03-19 | 2007-06-25,,2007-01-31,Merger,,2007-10-03,,,2007-01-31,M.3333,3333,{},,{},,,,Council Regulation 4064/89,,,"{""code"":""NaceSectorsR_93_2_9"",""label"":""R.93.29 - Other amusement and recreation activities""}",Normal procedure,,,,SONY / BMG (4064),,en,M.3333,METADATA_CASE,2004-07-19,32005D0188,,41835,"{""items"":[{""reference"":""L62"",""publishedDate"":""2005-03-09"",""priorPublication"":""false""}]}",2005-03-09,false,"{""items"":[{""reference"":""IP/04/959""}]}",,"{""code"":""DecisionType590"",""label"":""Art. 8(2)""}",en,M.3333-DEC41835,METADATA_DECISION
180,3312,https://ec.europa.eu/competition/mergers/cases/decisions/m3333_20040719_590_de.pdf,M.3333-DEC41835-ATT24,Schieds*,DE,"B. der Versuch, die Gebühren für mechanische Vervielfältigungsrechte durch ein Verfahren vor einer Schiedsstelle des Bundespatentamts zu drücken), ist zu sagen, dass dies ein Verfahren der Tonträgeru",2026-06-05T16:41:36.415308,,,24,DE,DDOC,Art. 8(2) -  - m3333-8(2)-DE-web,,,2005-02-24,de,METADATA_DECISION_ATTACHMENT,Hearing Officer Report - EN,,20,EN,https://ec.europa.eu/competition/mergers/cases/additional_data/1033878.pdf,DOCS,Hearing Officer Report - EN,2009-08-11,,2009-08-11,en,M.3333-ATT20,METADATA_CASE_ATTACHMENT,,Antitrust,BERTELSMANN / SONY MUSIC / JV | SONY / BMG (4064),,2007-10-10,,"{""items"":[{""date"":""2007-03-19"",""name"":""Deadline suspended under Article 11(3) [date may differ from the Article 11(3) decision date] from"",""type"":""MEvent7""},{""date"":""2007-06-25"",""name"":""Deadline suspension under Article 11(3) ended on"",""type"":""MEvent8""}]}",2007-03-19 | 2007-06-25,,2007-01-31,Merger,,2007-10-03,,,2007-01-31,M.3333,3333,{},,{},,,,Council Regulation 4064/89,,,"{""code"":""NaceSectorsR_93_2_9"",""label"":""R.93.29 - Other amusement and recreation activities""}",Normal procedure,,,,SONY / BMG (4064),,en,M.3333,METADATA_CASE,2004-07-19,32005D0188,,41835,"{""items"":[{""reference"":""L62"",""publishedDate"":""2005-03-09"",""priorPublication"":""false""}]}",2005-03-09,false,"{""items"":[{""reference"":""IP/04/959""}]}",,"{""code"":""DecisionType590"",""label"":""Art. 8(2)""}",en,M.3333-DEC41835,METADATA_DECISION
181,3313,https://ec.europa.eu/competition/mergers/cases/decisions/m3333_20040719_590_fr.pdf,M.3333-DEC41835-ATT25,arbitrag*,FR,"evances sur les droits de reproduction mécanique en engageant une procédure devant une commission d'arbitrage du Bundespatentamt), il convient de noter que ce sont les maisons de disques et non les so",2026-06-05T16:41:41.899822,,,25,FR,DDOC,Art. 8(2) -  - m3333-8(2)-fr-web,,,2005-02-24,fr,METADATA_DECISION_ATTACHMENT,Hearing Officer Report - EN,,20,EN,https://ec.europa.eu/competition/mergers/cases/additional_data/1033878.pdf,DOCS,Hearing Officer Report - EN,2009-08-11,,2009-08-11,en,M.3333-ATT20,METADATA_CASE_ATTACHMENT,,Antitrust,BERTELSMANN / SONY MUSIC / JV | SONY / BMG (4064),,2007-10-10,,"{""items"":[{""date"":""2007-03-19"",""name"":""Deadline suspended under Article 11(3) [date may differ from the Article 11(3) decision date] from"",""type"":""MEvent7""},{""date"":""2007-06-25"",""name"":""Deadline suspension under Article 11(3) ended on"",""type"":""MEvent8""}]}",2007-03-19 | 2007-06-25,,2007-01-31,Merger,,2007-10-03,,,2007-01-31,M.3333,3333,{},,{},,,,Council Regulation 4064/89,,,"{""code"":""NaceSectorsR_93_2_9"",""label"":""R.93.29 - Other amusement and recreation activities""}",Normal procedure,,,,SONY / BMG (4064),,en,M.3333,METADATA_CASE,2004-07-19,32005D0188,,41835,"{""items"":[{""reference"":""L62"",""publishedDate"":""2005-03-09"",""priorPublication"":""false""}]}",2005-03-09,false,"{""items"":[{""reference"":""IP/04/959""}]}",,"{""code"":""DecisionType590"",""label"":""Art. 8(2)""}",en,M.3333-DEC41835,METADATA_DECISION
182,3314,https://ec.europa.eu/competition/mergers/cases/decisions/m3333_20071003_590_de.pdf,M.3333-DEC44080-ATT21,Schieds*,DE,"lt es sich um Einzeltitel. Die Nachfrage nach physischen Singles ist infolge des geringen Preisunterschieds zu vollständigen CDs (eine typische Single kostet bei Amazon.com rund 5-10 EUR, ein Album ru",2026-06-05T16:42:22.538581,,,21,DE,DDOC,Art. 8(2) -  - m3333-2007-8(2)-de-web,,,2008-09-11,de,METADATA_DECISION_ATTACHMENT,Hearing Officer Report - EN,,20,EN,https://ec.europa.eu/competition/mergers/cases/additional_data/1033878.pdf,DOCS,Hearing Officer Report - EN,2009-08-11,,2009-08-11,en,M.3333-ATT20,METADATA_CASE_ATTACHMENT,,Antitrust,BERTELSMANN / SONY MUSIC / JV | SONY / BMG (4064),,2007-10-10,,"{""items"":[{""date"":""2007-03-19"",""name"":""Deadline suspended under Article 11(3) [date may differ from the Article 11(3) decision date] from"",""type"":""MEvent7""},{""date"":""2007-06-25"",""name"":""Deadline suspension under Article 11(3) ended on"",""type"":""MEvent8""}]}",2007-03-19 | 2007-06-25,,2007-01-31,Merger,,2007-10-03,,,2007-01-31,M.3333,3333,{},,{},,,,Council Regulation 4064/89,,,"{""code"":""NaceSectorsR_93_2_9"",""label"":""R.93.29 - Other amusement and recreation activities""}",Normal procedure,,,,SONY / BMG (4064),,en,M.3333,METADATA_CASE,2007-10-03,,,44080,"{""items"":[{""reference"":""C94"",""publishedDate"":""2008-04-16"",""priorPublication"":""false""}]}",2008-04-16,false,"{""items"":[{""reference"":""IP/07/1437 ""}]}",,"{""code"":""DecisionType590"",""label"":""Art. 8(2)""}",en,M.3333-DEC44080,METADATA_DECISION
183,3352,https://ec.europa.eu/competition/mergers/cases/decisions/m5529_5916_2.pdf,M.5529-DEC45420-ATT5916,arbitrag*,FR,identifier clairement à quel groupe chaque client appartient; ii) les échanges entre clients et les arbitrages par des tiers (intégrateurs de systèmes et consultants) ne doivent pas être possibles; et,2026-06-05T16:44:20.710172,,,5916,FR,DDOC,Art. 8(1) -  - m5529-8(1)-FR,2010-10-14,,2010-10-13,fr,METADATA_DECISION_ATTACHMENT,Opinion of the Advisory Committee,,5781,FR,https://ec.europa.eu/competition/mergers/cases/additional_data/M.5529_5781_2.pdf,DOCS,m5529-8(1)-FR-AC Opinion,2010-10-15,,2010-10-14,fr,M.5529-ATT5781,METADATA_CASE_ATTACHMENT,,Antitrust,ORACLE / SUN MICROSYSTEMS,,,,"{""items"":[{""date"":""2009-11-20"",""name"":""Deadline extended by 6 working days under article 10(3)2 on"",""type"":""MEvent10""}]}",2009-11-20,,2009-07-30,Merger,,2010-01-21,,,2009-07-30,M.5529,5529,{},,{},,,,Council Regulation 139/2004,,,"{""code"":""NaceSectorsJ_62_0_1"",""label"":""J.62.01 - Computer programming activities""} | {""code"":""NaceSectorsJ_62"",""label"":""J.62 - Computer programming, consultancy and related activities""}",Normal procedure,,,,ORACLE / SUN MICROSYSTEMS,,en,M.5529,METADATA_CASE,2010-01-21,,,45420,"{""items"":[{""reference"":""C91"",""publishedDate"":""2010-04-09"",""priorPublication"":""false""}]}",2010-04-09,false,"{""items"":[{""reference"":""IP/10/40""}]}",,"{""code"":""DecisionType20682"",""label"":""Art. 8(1)""}",en,M.5529-DEC45420,METADATA_DECISION
184,3421,https://ec.europa.eu/competition/mergers/cases/decisions/m5440_20090828_20600_en.pdf,M.5440-DEC{B75B03CE-EE0E-4F2E-9E92-169711F92BA9}-ATT5530,arbitrat*,EN,ew Entrant can decide to settle any dispute with the parties in relation to the Commitments through arbitration. Both the New Entrant and the parties will then be bound by the arbitration decision. Th,2026-06-05T16:45:08.776423,"{""code"":""DocumentCategory0587"",""label"":""Decision - web publication""}",2010-02-11,5530,EN,,,,,2010-02-11,en,METADATA_DECISION_ATTACHMENT,"{""code"":""DocumentCategory0599"",""label"":""Other document for publication""}",2018-12-07,5547,EN,https://ec.europa.eu/competition/mergers/cases/additional_data/m5440_5547_3.pdf,,,2018-12-11,Trustee details,2018-12-07,en,M.5440-ATT5547,METADATA_CASE_ATTACHMENT,,,,,,Competition DG,,,"{""items"":[{}]}",2008-12-09,Merger,,2009-08-28,,,2009-05-08,M.5440,5440,"{""items"":[{""reference"":""C:2009:114:"",""webDescription"":"""",""pageNumber"":"""",""referenceNumber"":""114"",""referenceYear"":""2009"",""referenceSeries"":""C"",""publishedDate"":""2009-05-19""}]}",2009-05-19,"{""items"":[{}]}",,,,Council Regulation 139/2004,,,"{""code"":""NaceSectorsH_52_2_3"",""label"":""H.52.23 - Service activities incidental to air transportation""} | {""code"":""NaceSectorsH_51_1"",""label"":""H.51.1 - Passenger air transport""} | {""code"":""NaceSectorsH_51_2_1"",""label"":""H.51.21 - Freight air transport""}",Normal,,"{""items"":[{""date"":""2009-07-10"",""description"":""Commitments submitted in N/2 on 10.07.2009"",""type"":""MEvent46"",""label"":""Commitments submitted in N/2 on DATE_PLACEHOLDER"",""url"":""""},{""date"":""2009-06-10"",""description"":""Changed deadline - Commitments submitted in N/1 on 10.06.2009"",""type"":""MEvent3"",""label"":""Changed deadline - Commitments submitted in N/1 on DATE_PLACEHOLDER"",""url"":""""},{""date"":""2009-07-31"",""description"":""Commitments submitted in N/2 on 31.07.2009"",""type"":""MEvent46"",""label"":""Commitments submitted in N/2 on DATE_PLACEHOLDER"",""url"":""""}]}",2009-07-10 | 2009-06-10 | 2009-07-31,LUFTHANSA / AUSTRIAN AIRLINES,"{""code"":""MergerCaseType1"",""label"":""Merger""}",en,M.5440,METADATA_CASE,2009-08-28,,"{""items"":[{}]}",{B75B03CE-EE0E-4F2E-9E92-169711F92BA9},"{""items"":[{""reference"":""C:2010:016:"",""webDescription"":"""",""pageNumber"":"""",""referenceNumber"":""16"",""referenceYear"":""2010"",""referenceSeries"":""C"",""publishedDate"":""2010-01-22""}]}",2010-01-22,,"{""items"":[{""reference"":""IP_09_1255"",""webDescription"":"""",""publicationDate"":""2010-01-22""}]}",2010-01-22,"{""code"":""DecisionType20600"",""label"":""Art. 8(2) with conditions & obligations""}",en,M.5440-DEC{B75B03CE-EE0E-4F2E-9E92-169711F92BA9},METADATA_DECISION
185,3422,https://ec.europa.eu/competition/mergers/cases/decisions/m5440_20090828_20600_1842419_DE.pdf,M.5440-DEC{B75B03CE-EE0E-4F2E-9E92-169711F92BA9}-ATT5535,Schiedsgericht* | Schiedsverfahren* | Schieds*,DE,mmenhang mit den Verpflichtungszusagen auch im Wege der Schlichtung beilegen kann. Die betreffenden Schiedssprüche sind für den neuen Marktteilnehmer und für die Parteien bindend. Bei Streitigkeiten m,2026-06-05T16:45:19.032996,"{""code"":""DocumentCategory0587"",""label"":""Decision - web publication""}",2011-06-28,5535,DE,,,2011-06-29,,2011-06-28,de,METADATA_DECISION_ATTACHMENT,"{""code"":""DocumentCategory0599"",""label"":""Other document for publication""}",2018-12-07,5547,EN,https://ec.europa.eu/competition/mergers/cases/additional_data/m5440_5547_3.pdf,,,2018-12-11,Trustee details,2018-12-07,en,M.5440-ATT5547,METADATA_CASE_ATTACHMENT,,,,,,Competition DG,,,"{""items"":[{}]}",2008-12-09,Merger,,2009-08-28,,,2009-05-08,M.5440,5440,"{""items"":[{""reference"":""C:2009:114:"",""webDescription"":"""",""pageNumber"":"""",""referenceNumber"":""114"",""referenceYear"":""2009"",""referenceSeries"":""C"",""publishedDate"":""2009-05-19""}]}",2009-05-19,"{""items"":[{}]}",,,,Council Regulation 139/2004,,,"{""code"":""NaceSectorsH_52_2_3"",""label"":""H.52.23 - Service activities incidental to air transportation""} | {""code"":""NaceSectorsH_51_1"",""label"":""H.51.1 - Passenger air transport""} | {""code"":""NaceSectorsH_51_2_1"",""label"":""H.51.21 - Freight air transport""}",Normal,,"{""items"":[{""date"":""2009-07-10"",""description"":""Commitments submitted in N/2 on 10.07.2009"",""type"":""MEvent46"",""label"":""Commitments submitted in N/2 on DATE_PLACEHOLDER"",""url"":""""},{""date"":""2009-06-10"",""description"":""Changed deadline - Commitments submitted in N/1 on 10.06.2009"",""type"":""MEvent3"",""label"":""Changed deadline - Commitments submitted in N/1 on DATE_PLACEHOLDER"",""url"":""""},{""date"":""2009-07-31"",""description"":""Commitments submitted in N/2 on 31.07.2009"",""type"":""MEvent46"",""label"":""Commitments submitted in N/2 on DATE_PLACEHOLDER"",""url"":""""}]}",2009-07-10 | 2009-06-10 | 2009-07-31,LUFTHANSA / AUSTRIAN AIRLINES,"{""code"":""MergerCaseType1"",""label"":""Merger""}",en,M.5440,METADATA_CASE,2009-08-28,,"{""items"":[{}]}",{B75B03CE-EE0E-4F2E-9E92-169711F92BA9},"{""items"":[{""reference"":""C:2010:016:"",""webDescription"":"""",""pageNumber"":"""",""referenceNumber"":""16"",""referenceYear"":""2010"",""referenceSeries"":""C"",""publishedDate"":""2010-01-22""}]}",2010-01-22,,"{""items"":[{""reference"":""IP_09_1255"",""webDescription"":"""",""publicationDate"":""2010-01-22""}]}",2010-01-22,"{""code"":""DecisionType20600"",""label"":""Art. 8(2) with conditions & obligations""}",en,M.5440-DEC{B75B03CE-EE0E-4F2E-9E92-169711F92BA9},METADATA_DECISION
186,3423,https://ec.europa.eu/competition/mergers/cases/decisions/m5440_5536_2.pdf,M.5440-DEC{B75B03CE-EE0E-4F2E-9E92-169711F92BA9}-ATT5536,arbitrag* | tribunal arbitral*,FR,cider de résoudre tous les litiges avec les parties concernant les engagements selon la procédure d’arbitrage. La décision arbitrale sera contraignante tant le nouvel entrant que pour les parties. La,2026-06-05T16:45:28.971995,"{""code"":""DocumentCategory0587"",""label"":""Decision - web publication""}",2011-06-28,5536,FR,,,2011-06-29,,2011-06-28,fr,METADATA_DECISION_ATTACHMENT,"{""code"":""DocumentCategory0599"",""label"":""Other document for publication""}",2018-12-07,5547,EN,https://ec.europa.eu/competition/mergers/cases/additional_data/m5440_5547_3.pdf,,,2018-12-11,Trustee details,2018-12-07,en,M.5440-ATT5547,METADATA_CASE_ATTACHMENT,,,,,,Competition DG,,,"{""items"":[{}]}",2008-12-09,Merger,,2009-08-28,,,2009-05-08,M.5440,5440,"{""items"":[{""reference"":""C:2009:114:"",""webDescription"":"""",""pageNumber"":"""",""referenceNumber"":""114"",""referenceYear"":""2009"",""referenceSeries"":""C"",""publishedDate"":""2009-05-19""}]}",2009-05-19,"{""items"":[{}]}",,,,Council Regulation 139/2004,,,"{""code"":""NaceSectorsH_52_2_3"",""label"":""H.52.23 - Service activities incidental to air transportation""} | {""code"":""NaceSectorsH_51_1"",""label"":""H.51.1 - Passenger air transport""} | {""code"":""NaceSectorsH_51_2_1"",""label"":""H.51.21 - Freight air transport""}",Normal,,"{""items"":[{""date"":""2009-07-10"",""description"":""Commitments submitted in N/2 on 10.07.2009"",""type"":""MEvent46"",""label"":""Commitments submitted in N/2 on DATE_PLACEHOLDER"",""url"":""""},{""date"":""2009-06-10"",""description"":""Changed deadline - Commitments submitted in N/1 on 10.06.2009"",""type"":""MEvent3"",""label"":""Changed deadline - Commitments submitted in N/1 on DATE_PLACEHOLDER"",""url"":""""},{""date"":""2009-07-31"",""description"":""Commitments submitted in N/2 on 31.07.2009"",""type"":""MEvent46"",""label"":""Commitments submitted in N/2 on DATE_PLACEHOLDER"",""url"":""""}]}",2009-07-10 | 2009-06-10 | 2009-07-31,LUFTHANSA / AUSTRIAN AIRLINES,"{""code"":""MergerCaseType1"",""label"":""Merger""}",en,M.5440,METADATA_CASE,2009-08-28,,"{""items"":[{}]}",{B75B03CE-EE0E-4F2E-9E92-169711F92BA9},"{""items"":[{""reference"":""C:2010:016:"",""webDescription"":"""",""pageNumber"":"""",""referenceNumber"":""16"",""referenceYear"":""2010"",""referenceSeries"":""C"",""publishedDate"":""2010-01-22""}]}",2010-01-22,,"{""items"":[{""reference"":""IP_09_1255"",""webDescription"":"""",""publicationDate"":""2010-01-22""}]}",2010-01-22,"{""code"":""DecisionType20600"",""label"":""Art. 8(2) with conditions & obligations""}",en,M.5440-DEC{B75B03CE-EE0E-4F2E-9E92-169711F92BA9},METADATA_DECISION
187,3472,https://ec.europa.eu/competition/mergers/cases/decisions/m3280_en.pdf,M.3280-DEC{47179303-82A9-4B1D-90E5-65830DD0E282}-ATT32,arbitrat*,EN,blishment of a monitoring system under the supervision of the Monitoring Trustee and a “fast-track” arbitration procedure. These features should contribute to ensuring the effective implementation of,2026-06-05T16:45:55.088503,"{""code"":""DocumentCategory0587"",""label"":""Decision - web publication""}",2004-02-11,32,EN,,,,,2004-02-11,en,METADATA_DECISION_ATTACHMENT,"{""code"":""DocumentCategory0599"",""label"":""Other document for publication""}",2025-04-29,1038,EN,https://ec.europa.eu/competition/mergers/cases1/202519/M_3280_10611128_1038_3.pdf,,,2025-05-05,Trustee details,2025-04-29,en,M.3280-ATT1038,METADATA_CASE_ATTACHMENT,,,,,,Competition DG,,,"{""items"":[{}]}",2003-09-01,Merger,,2023-02-24,,,2003-12-18,M.3280,3280,"{""items"":[{""reference"":""C:2003:317:"",""webDescription"":"""",""pageNumber"":"""",""referenceNumber"":""317"",""referenceYear"":""2003"",""referenceSeries"":""C"",""publishedDate"":""2003-12-30""}]}",2003-12-30,"{""items"":[{}]}",,,,Council Regulation 4064/89,,,"{""code"":""NaceSectorsH_51_1_0"",""label"":""H.51.10 - Passenger air transport""}",Normal,,"{""items"":[{}]}",,AIR FRANCE / KLM,"{""code"":""MergerCaseType1"",""label"":""Merger""}",en,M.3280,METADATA_CASE,2004-02-11,,"{""items"":[{}]}",{47179303-82A9-4B1D-90E5-65830DD0E282},"{""items"":[{""reference"":""C:2004:060:"",""webDescription"":"""",""pageNumber"":"""",""referenceNumber"":""60"",""referenceYear"":""2004"",""referenceSeries"":""C"",""publishedDate"":""2004-03-09""}]}",2004-03-09,,"{""items"":[{""reference"":""IP_04_194"",""webDescription"":"""",""publicationDate"":""2004-03-09""}]}",2004-03-09,"{""code"":""DecisionType440"",""label"":""Art. 6(1)(b) with conditions & obligations""}",en,M.3280-DEC{47179303-82A9-4B1D-90E5-65830DD0E282},METADATA_DECISION
188,3476,https://ec.europa.eu/competition/mergers/cases/decisions/m4139_20060331_20310_en.pdf,M.4139-DEC43097-ATT6,arbitrat*,EN,"l when a casting vote by the majority shareholder can be exercised only after a series of stages of arbitration, the “casting vote” in this case would be connected to a termination of the JV. Conseque",2026-06-05T16:45:58.680056,,,6,EN,DDOC,Art. 6(1)(b) -  - m4139,,,2006-07-31,en,METADATA_DECISION_ATTACHMENT,Section 1.2 of Form CO,,1,EN,https://ec.europa.eu/competition/mergers/cases/additional_data/362775.pdf,DOCS,M4139_Section1_2,2006-02-28,,,en,M.4139-ATT1,METADATA_CASE_ATTACHMENT,,Antitrust,"SONY / NEC / JV | SONY / NEC / JV ""ODD drives""",,2006-03-31,,,,,2006-02-24,Merger,,2006-03-31,,,2006-02-24,M.4139,4139,,,,,,,Council Regulation 139/2004,,,"{""code"":""NaceSectorsC_33_2_0"",""label"":""C.33.20 - Installation of industrial machinery and equipment""}",Normal procedure,false,,,SONY / NEC / JV,,en,M.4139,METADATA_CASE,2006-03-31,,,43097,"{""items"":[{""reference"":""C181"",""publishedDate"":""2006-08-03"",""priorPublication"":""false""}]}",2006-08-03,false,"{""items"":[{""reference"":""IP/6/416""}]}",,"{""code"":""DecisionType20310"",""label"":""Art. 6(1)(b)""}",en,M.4139-DEC43097,METADATA_DECISION
189,3481,https://ec.europa.eu/competition/mergers/cases/decisions/m4135_20060424_20310_fr.pdf,M.4135-DEC43124-ATT6,arbitrag*,FR,"l’ordre de 6 EUR/kg contre 9 EUR/kg pour une mozzarella de marque18). Le consommateur fait donc un arbitrage entre des produits de marque, plus chers mais qui peuvent bénéficier d’une meilleure image",2026-06-05T16:46:02.637908,,,6,FR,DDOC,Art. 6(1)(b) -  - m4135-FR,,,2006-11-17,fr,METADATA_DECISION_ATTACHMENT,Section 1.2 of Form CO,,2,EN,https://ec.europa.eu/competition/mergers/cases/additional_data/369259.pdf,DOCS,139_Section1_2,2006-04-19,,,en,M.4135-ATT2,METADATA_CASE_ATTACHMENT,,Antitrust,LACTALIS / GALBANI,,2006-04-24,,,,,2006-03-15,Merger,,2006-04-24,,,2006-03-15,M.4135,4135,,,,,,,Council Regulation 139/2004,,,"{""code"":""NaceSectorsC_10_5"",""label"":""C.10.5 - Manufacture of dairy products""}",Normal procedure,false,,,LACTALIS / GALBANI,,en,M.4135,METADATA_CASE,2006-04-24,,,43124,"{""items"":[{""reference"":""C286"",""publishedDate"":""2006-11-23"",""priorPublication"":""false""}]}",2006-11-23,false,"{""items"":[{""reference"":""IP/06/522""}]}",,"{""code"":""DecisionType20310"",""label"":""Art. 6(1)(b)""}",en,M.4135-DEC43124,METADATA_DECISION
190,3485,https://ec.europa.eu/competition/mergers/cases/decisions/m4137_20060602_20212_en.pdf,M.4137-DEC43188-ATT8,arbitrat*,EN,agreements referred to above on the basis of normal commercial terms. These agreements will include arbitration provisions to deal with any subsequent disagreements between Mittal Steel and the Purcha,2026-06-05T16:46:25.819949,,,8,EN,DDOC,Art. 6(1)(b) with conditions & obligations -  - m4137-6(2),,,2006-07-31,en,METADATA_DECISION_ATTACHMENT,FormCO Section 1.2,,1,EN,https://ec.europa.eu/competition/mergers/cases/additional_data/368546.pdf,DOCS,M,2006-04-11,,,en,M.4137-ATT1,METADATA_CASE_ATTACHMENT,,Antitrust,MITTAL / ARCELOR,,,,"{""items"":[{""date"":""2006-05-08"",""name"":""Commitments submitted in N/1 on"",""type"":""MEvent3""}]}",2006-05-08,,2006-04-07,Merger,,2006-06-02,,,2006-04-07,M.4137,4137,{},,{},,,,Council Regulation 139/2004,,,"{""code"":""NaceSectorsC_24_1_0"",""label"":""C.24.10 - Manufacture of basic iron and steel and of ferro-alloys""}",Normal procedure,,,,MITTAL / ARCELOR,,en,M.4137,METADATA_CASE,2006-06-02,,,43188,"{""items"":[{""reference"":""C181"",""publishedDate"":""2006-08-03"",""priorPublication"":""false""}]}",2006-08-03,false,"{""items"":[{""reference"":""IP/06/725""}]}",,"{""code"":""DecisionType20212"",""label"":""Art. 6(1)(b) with conditions & obligations""}",en,M.4137-DEC43188,METADATA_DECISION
191,3515,https://ec.europa.eu/competition/mergers/cases/decisions/m4153_20060919_20212_en.pdf,M.4153-DEC43377-ATT5,arbitrat*,EN,nt to Toshiba pursuant to the preceding paragraph 3 shall be referred to and finally be resolved by arbitration in accordance with the terms [...] of the GNF Formation Agreement. 4. The proposed Commi,2026-06-05T16:46:45.499925,,,5,EN,DDOC,Art. 6(1)(b) with conditions & obligations -  - m4153-6(2),,,2007-01-10,en,METADATA_DECISION_ATTACHMENT,Section 1.2 of Form CO,,1,EN,https://ec.europa.eu/competition/mergers/cases/additional_data/479909.pdf,DOCS,M4153_Section1_2,2006-08-02,,,en,M.4153-ATT1,METADATA_CASE_ATTACHMENT,,Antitrust,TOSHIBA / WESTINGHOUSE,,,,"{""items"":[{""date"":""2006-08-29"",""name"":""Commitments submitted in N/1 on"",""type"":""MEvent3""}]}",2006-08-29,,2006-07-31,Merger,,2006-09-19,,,2006-07-31,M.4153,4153,{},,{},,,,Council Regulation 139/2004,,,"{""code"":""NaceSectorsC_27_9_0"",""label"":""C.27.90 - Manufacture of other electrical equipment""} | {""code"":""NaceSectorsC_28_1"",""label"":""C.28.1 - Manufacture of general-purpose machinery""}",Normal procedure,,,,TOSHIBA / WESTINGHOUSE,,en,M.4153,METADATA_CASE,2006-09-19,,,43377,"{""items"":[{""reference"":""C10"",""publishedDate"":""2007-01-16"",""priorPublication"":""false""}]}",2007-01-16,false,"{""items"":[{""reference"":""IP/06/1215""}]}",,"{""code"":""DecisionType20212"",""label"":""Art. 6(1)(b) with conditions & obligations""}",en,M.4153-DEC43377,METADATA_DECISION
192,3583,https://ec.europa.eu/competition/mergers/cases/decisions/m4180_20061114_20600_fr.pdf,M.4180-DEC43471-ATT630,arbitrag* | tribunal arbitral*,FR,"s importante à ceux qui en bénéficient.123 Cette flexibilité permettrait non seulement de faire des arbitrages mais aussi de gérer les déséquilibres horaires et journaliers, et d’être très réactif vis",2026-06-05T16:47:50.541702,,,630,FR,DDOC,Art. 8(2) with conditions & obligations -  - m4180-8(2)-FR,,,2007-02-01,fr,METADATA_DECISION_ATTACHMENT,Section 1.2 of Form CO,,2,EN,https://ec.europa.eu/competition/mergers/cases/additional_data/462177.pdf,DOCS,M4180_Section1_2,2006-05-16,,,en,M.4180-ATT2,METADATA_CASE_ATTACHMENT,,Antitrust,GAZ DE FRANCE / SUEZ,,,,"{""items"":[{""date"":""2006-09-20"",""name"":""Commitments submitted in N/2 on"",""type"":""MEvent4""},{""date"":""2006-10-10"",""name"":""Deadline extended by 5 working days under article 10(3)2 on"",""type"":""MEvent10""}]}",2006-09-20 | 2006-10-10,,2006-05-10,Merger,,2022-06-16,,M.5220,2006-05-10,M.4180,4180,{},,{},,,,Council Regulation 139/2004,,,"{""code"":""NaceSectorsD_35_1"",""label"":""D.35.1 - Electric power generation, transmission and distribution""} | {""code"":""NaceSectorsD_35_2"",""label"":""D.35.2 - Manufacture of gas; distribution of gaseous fuels through mains""}",Normal procedure,,,,GAZ DE FRANCE / SUEZ,,en,M.4180,METADATA_CASE,2006-11-14,32007D0194,,43471,"{""items"":[{""reference"":""L88"",""publishedDate"":""2007-03-29"",""priorPublication"":""false""}]}",2007-03-29,false,"{""items"":[{""reference"":""IP/06/1558""}]}",,"{""code"":""DecisionType20600"",""label"":""Art. 8(2) with conditions & obligations""}",en,M.4180-DEC43471,METADATA_DECISION
193,3584,https://ec.europa.eu/competition/mergers/cases/decisions/m4180_20061114_20600_de.pdf,M.4180-DEC43471-ATT631,Schieds*,DE,"ranzösische Wettbewerbsrat kürzlich feststellte, „die getrennten Konten für zugelassene Kunden unterschiedslos sowohl Erdgasverkäufe zum freien Marktpreis als auch Verkäufe zum reglementierten Preis u",2026-06-05T16:48:13.975499,,,631,DE,DDOC,Art. 8(2) with conditions & obligations -  - m4180-8(2)-DE,,,2007-11-14,de,METADATA_DECISION_ATTACHMENT,Section 1.2 of Form CO,,2,EN,https://ec.europa.eu/competition/mergers/cases/additional_data/462177.pdf,DOCS,M4180_Section1_2,2006-05-16,,,en,M.4180-ATT2,METADATA_CASE_ATTACHMENT,,Antitrust,GAZ DE FRANCE / SUEZ,,,,"{""items"":[{""date"":""2006-09-20"",""name"":""Commitments submitted in N/2 on"",""type"":""MEvent4""},{""date"":""2006-10-10"",""name"":""Deadline extended by 5 working days under article 10(3)2 on"",""type"":""MEvent10""}]}",2006-09-20 | 2006-10-10,,2006-05-10,Merger,,2022-06-16,,M.5220,2006-05-10,M.4180,4180,{},,{},,,,Council Regulation 139/2004,,,"{""code"":""NaceSectorsD_35_1"",""label"":""D.35.1 - Electric power generation, transmission and distribution""} | {""code"":""NaceSectorsD_35_2"",""label"":""D.35.2 - Manufacture of gas; distribution of gaseous fuels through mains""}",Normal procedure,,,,GAZ DE FRANCE / SUEZ,,en,M.4180,METADATA_CASE,2006-11-14,32007D0194,,43471,"{""items"":[{""reference"":""L88"",""publishedDate"":""2007-03-29"",""priorPublication"":""false""}]}",2007-03-29,false,"{""items"":[{""reference"":""IP/06/1558""}]}",,"{""code"":""DecisionType20600"",""label"":""Art. 8(2) with conditions & obligations""}",en,M.4180-DEC43471,METADATA_DECISION
194,3585,https://ec.europa.eu/competition/mergers/cases/decisions/m4180_20061114_20600_en.pdf,M.4180-DEC43471-ATT638,arbitrat*,EN,"cial flexibility for those who have it123. This flexibility makes it possible not only to engage in arbitration but also to manage hour-to-hour and day-to-day imbalances, and to be highly responsive t",2026-06-05T16:48:36.363848,,,638,EN,DDOC,Art. 8(2) with conditions & obligations -  - m4180-8(2)-EN,,,2007-07-06,en,METADATA_DECISION_ATTACHMENT,Section 1.2 of Form CO,,2,EN,https://ec.europa.eu/competition/mergers/cases/additional_data/462177.pdf,DOCS,M4180_Section1_2,2006-05-16,,,en,M.4180-ATT2,METADATA_CASE_ATTACHMENT,,Antitrust,GAZ DE FRANCE / SUEZ,,,,"{""items"":[{""date"":""2006-09-20"",""name"":""Commitments submitted in N/2 on"",""type"":""MEvent4""},{""date"":""2006-10-10"",""name"":""Deadline extended by 5 working days under article 10(3)2 on"",""type"":""MEvent10""}]}",2006-09-20 | 2006-10-10,,2006-05-10,Merger,,2022-06-16,,M.5220,2006-05-10,M.4180,4180,{},,{},,,,Council Regulation 139/2004,,,"{""code"":""NaceSectorsD_35_1"",""label"":""D.35.1 - Electric power generation, transmission and distribution""} | {""code"":""NaceSectorsD_35_2"",""label"":""D.35.2 - Manufacture of gas; distribution of gaseous fuels through mains""}",Normal procedure,,,,GAZ DE FRANCE / SUEZ,,en,M.4180,METADATA_CASE,2006-11-14,32007D0194,,43471,"{""items"":[{""reference"":""L88"",""publishedDate"":""2007-03-29"",""priorPublication"":""false""}]}",2007-03-29,false,"{""items"":[{""reference"":""IP/06/1558""}]}",,"{""code"":""DecisionType20600"",""label"":""Art. 8(2) with conditions & obligations""}",en,M.4180-DEC43471,METADATA_DECISION
195,3612,https://ec.europa.eu/competition/mergers/cases/decisions/m5046_20081217_20600_en.pdf,M.5046-DEC{799627EE-B42A-4521-B7DC-6324538978D8}-ATT282,arbitrat*,EN,ve inserted in the supply agreements a clause with respect to the resolution of disputes through an arbitration process. This is particularly important with respect to all the additional costs likely,2026-06-05T16:50:09.471953,"{""code"":""DocumentCategory0587"",""label"":""Decision - web publication""}",2009-03-06,282,EN,,,,,2009-03-06,en,METADATA_DECISION_ATTACHMENT,"{""code"":""DocumentCategory0582"",""label"":""Final report of the Hearing Officer""}",2008-12-12,23,DE,https://ec.europa.eu/competition/mergers/cases/additional_data/M.5046_23_5.pdf,,,2010-05-06,,2008-12-12,de,M.5046-ATT23,METADATA_CASE_ATTACHMENT,,,,,,Competition DG,,,"{""items"":[{}]}",2008-01-07,Merger,,2008-12-17,,,2008-06-12,M.5046,5046,"{""items"":[{""reference"":""C:2008:155:"",""webDescription"":"""",""pageNumber"":"""",""referenceNumber"":""155"",""referenceYear"":""2008"",""referenceSeries"":""C"",""publishedDate"":""2008-06-20""}]}",2008-06-20,"{""items"":[{}]}",,,,Council Regulation 139/2004,,,"{""code"":""NaceSectorsC_10_5"",""label"":""C.10.5 - Manufacture of dairy products""} | {""code"":""NaceSectorsA_1_4_1"",""label"":""A.01.41 - Raising of dairy cattle""} | {""code"":""NaceSectorsC_10_5_1"",""label"":""C.10.51 - Operation of dairies and cheese making""} | {""code"":""NaceSectorsC_10_4"",""label"":""C.10.4 - Manufacture of vegetable and animal oils and fats""} | {""code"":""NaceSectorsC_21_1_0"",""label"":""C.21.10 - Manufacture of basic pharmaceutical products""}",Normal,,"{""items"":[{""date"":""2008-10-28"",""description"":""Changed deadline - Commitments submitted in N/2 on 28.10.2008"",""type"":""MEvent4"",""label"":""Changed deadline - Commitments submitted in N/2 on DATE_PLACEHOLDER"",""url"":""""},{""date"":""2008-10-27"",""description"":""Changed deadline - extension of 1 working days under Article 10(3)2 on 27.10.2008"",""type"":""MEvent10"",""label"":""Changed deadline - extension of NUMBER_PLACEHOLDER working days under Article 10(3)2 on DATE_PLACEHOLDER"",""url"":""""},{""date"":""2008-09-18"",""description"":""Changed deadline - extension of 5 working days under Article 10(3)2 on 18.09.2008"",""type"":""MEvent10"",""label"":""Changed deadline - extension of NUMBER_PLACEHOLDER working days under Article 10(3)2 on DATE_PLACEHOLDER"",""url"":""""}]}",2008-10-28 | 2008-10-27 | 2008-09-18,FRIESLAND / CAMPINA,"{""code"":""MergerCaseType1"",""label"":""Merger""}",en,M.5046,METADATA_CASE,2008-12-17,,"{""items"":[{}]}",{799627EE-B42A-4521-B7DC-6324538978D8},"{""items"":[{""reference"":""C:2009:075:"",""webDescription"":"""",""pageNumber"":"""",""referenceNumber"":""75"",""referenceYear"":""2009"",""referenceSeries"":""C"",""publishedDate"":""2009-03-31""}]}",2009-03-31,,"{""items"":[{""reference"":""IP_08_1994"",""webDescription"":"""",""publicationDate"":""2009-03-31""}]}",2009-03-31,"{""code"":""DecisionType20600"",""label"":""Art. 8(2) with conditions & obligations""}",en,M.5046-DEC{799627EE-B42A-4521-B7DC-6324538978D8},METADATA_DECISION
196,3613,https://ec.europa.eu/competition/mergers/cases/decisions/m5046_20081217_20600_de.pdf,M.5046-DEC{799627EE-B42A-4521-B7DC-6324538978D8}-ATT286,Schiedsverfahren* | Schieds*,DE,"er Beschwerdepunkte haben die Anmelder den Erkenntnissen der Kommission bezüglich des stabilen Unterschieds bei den Gewinnspannen zwischen Herstellermarken und Hausmarken nicht widersprochen, haben je",2026-06-05T16:51:09.058063,"{""code"":""DocumentCategory0587"",""label"":""Decision - web publication""}",2009-06-19,286,DE,,,,,2009-06-19,de,METADATA_DECISION_ATTACHMENT,"{""code"":""DocumentCategory0582"",""label"":""Final report of the Hearing Officer""}",2008-12-12,23,DE,https://ec.europa.eu/competition/mergers/cases/additional_data/M.5046_23_5.pdf,,,2010-05-06,,2008-12-12,de,M.5046-ATT23,METADATA_CASE_ATTACHMENT,,,,,,Competition DG,,,"{""items"":[{}]}",2008-01-07,Merger,,2008-12-17,,,2008-06-12,M.5046,5046,"{""items"":[{""reference"":""C:2008:155:"",""webDescription"":"""",""pageNumber"":"""",""referenceNumber"":""155"",""referenceYear"":""2008"",""referenceSeries"":""C"",""publishedDate"":""2008-06-20""}]}",2008-06-20,"{""items"":[{}]}",,,,Council Regulation 139/2004,,,"{""code"":""NaceSectorsC_10_5"",""label"":""C.10.5 - Manufacture of dairy products""} | {""code"":""NaceSectorsA_1_4_1"",""label"":""A.01.41 - Raising of dairy cattle""} | {""code"":""NaceSectorsC_10_5_1"",""label"":""C.10.51 - Operation of dairies and cheese making""} | {""code"":""NaceSectorsC_10_4"",""label"":""C.10.4 - Manufacture of vegetable and animal oils and fats""} | {""code"":""NaceSectorsC_21_1_0"",""label"":""C.21.10 - Manufacture of basic pharmaceutical products""}",Normal,,"{""items"":[{""date"":""2008-10-28"",""description"":""Changed deadline - Commitments submitted in N/2 on 28.10.2008"",""type"":""MEvent4"",""label"":""Changed deadline - Commitments submitted in N/2 on DATE_PLACEHOLDER"",""url"":""""},{""date"":""2008-10-27"",""description"":""Changed deadline - extension of 1 working days under Article 10(3)2 on 27.10.2008"",""type"":""MEvent10"",""label"":""Changed deadline - extension of NUMBER_PLACEHOLDER working days under Article 10(3)2 on DATE_PLACEHOLDER"",""url"":""""},{""date"":""2008-09-18"",""description"":""Changed deadline - extension of 5 working days under Article 10(3)2 on 18.09.2008"",""type"":""MEvent10"",""label"":""Changed deadline - extension of NUMBER_PLACEHOLDER working days under Article 10(3)2 on DATE_PLACEHOLDER"",""url"":""""}]}",2008-10-28 | 2008-10-27 | 2008-09-18,FRIESLAND / CAMPINA,"{""code"":""MergerCaseType1"",""label"":""Merger""}",en,M.5046,METADATA_CASE,2008-12-17,,"{""items"":[{}]}",{799627EE-B42A-4521-B7DC-6324538978D8},"{""items"":[{""reference"":""C:2009:075:"",""webDescription"":"""",""pageNumber"":"""",""referenceNumber"":""75"",""referenceYear"":""2009"",""referenceSeries"":""C"",""publishedDate"":""2009-03-31""}]}",2009-03-31,,"{""items"":[{""reference"":""IP_08_1994"",""webDescription"":"""",""publicationDate"":""2009-03-31""}]}",2009-03-31,"{""code"":""DecisionType20600"",""label"":""Art. 8(2) with conditions & obligations""}",en,M.5046-DEC{799627EE-B42A-4521-B7DC-6324538978D8},METADATA_DECISION
197,3614,https://ec.europa.eu/competition/mergers/cases/decisions/m5046_20081217_20600_fr.pdf,M.5046-DEC{799627EE-B42A-4521-B7DC-6324538978D8}-ATT287,arbitrag*,FR,es contrats d’approvisionnement une clause concernant la résolution des litiges par une procédure d’arbitrage. Ceci est particulièrement important pour ce qui concerne tous les coûts additionnels susc,2026-06-05T16:52:09.013740,"{""code"":""DocumentCategory0587"",""label"":""Decision - web publication""}",2009-06-19,287,FR,,,,,2009-06-19,fr,METADATA_DECISION_ATTACHMENT,"{""code"":""DocumentCategory0582"",""label"":""Final report of the Hearing Officer""}",2008-12-12,23,DE,https://ec.europa.eu/competition/mergers/cases/additional_data/M.5046_23_5.pdf,,,2010-05-06,,2008-12-12,de,M.5046-ATT23,METADATA_CASE_ATTACHMENT,,,,,,Competition DG,,,"{""items"":[{}]}",2008-01-07,Merger,,2008-12-17,,,2008-06-12,M.5046,5046,"{""items"":[{""reference"":""C:2008:155:"",""webDescription"":"""",""pageNumber"":"""",""referenceNumber"":""155"",""referenceYear"":""2008"",""referenceSeries"":""C"",""publishedDate"":""2008-06-20""}]}",2008-06-20,"{""items"":[{}]}",,,,Council Regulation 139/2004,,,"{""code"":""NaceSectorsC_10_5"",""label"":""C.10.5 - Manufacture of dairy products""} | {""code"":""NaceSectorsA_1_4_1"",""label"":""A.01.41 - Raising of dairy cattle""} | {""code"":""NaceSectorsC_10_5_1"",""label"":""C.10.51 - Operation of dairies and cheese making""} | {""code"":""NaceSectorsC_10_4"",""label"":""C.10.4 - Manufacture of vegetable and animal oils and fats""} | {""code"":""NaceSectorsC_21_1_0"",""label"":""C.21.10 - Manufacture of basic pharmaceutical products""}",Normal,,"{""items"":[{""date"":""2008-10-28"",""description"":""Changed deadline - Commitments submitted in N/2 on 28.10.2008"",""type"":""MEvent4"",""label"":""Changed deadline - Commitments submitted in N/2 on DATE_PLACEHOLDER"",""url"":""""},{""date"":""2008-10-27"",""description"":""Changed deadline - extension of 1 working days under Article 10(3)2 on 27.10.2008"",""type"":""MEvent10"",""label"":""Changed deadline - extension of NUMBER_PLACEHOLDER working days under Article 10(3)2 on DATE_PLACEHOLDER"",""url"":""""},{""date"":""2008-09-18"",""description"":""Changed deadline - extension of 5 working days under Article 10(3)2 on 18.09.2008"",""type"":""MEvent10"",""label"":""Changed deadline - extension of NUMBER_PLACEHOLDER working days under Article 10(3)2 on DATE_PLACEHOLDER"",""url"":""""}]}",2008-10-28 | 2008-10-27 | 2008-09-18,FRIESLAND / CAMPINA,"{""code"":""MergerCaseType1"",""label"":""Merger""}",en,M.5046,METADATA_CASE,2008-12-17,,"{""items"":[{}]}",{799627EE-B42A-4521-B7DC-6324538978D8},"{""items"":[{""reference"":""C:2009:075:"",""webDescription"":"""",""pageNumber"":"""",""referenceNumber"":""75"",""referenceYear"":""2009"",""referenceSeries"":""C"",""publishedDate"":""2009-03-31""}]}",2009-03-31,,"{""items"":[{""reference"":""IP_08_1994"",""webDescription"":"""",""publicationDate"":""2009-03-31""}]}",2009-03-31,"{""code"":""DecisionType20600"",""label"":""Art. 8(2) with conditions & obligations""}",en,M.5046-DEC{799627EE-B42A-4521-B7DC-6324538978D8},METADATA_DECISION
198,3738,https://ec.europa.eu/competition/mergers/cases/decisions/m4956_20080505_20682_de.pdf,M.4956-DEC44436-ATT25,Schieds*,DE,weiter um etwa [0-2 %]* verwässert. (139) Zur Beurteilung der Bedeutung dieses möglichen Preisunterschieds wurde eine Reihe von Faktoren berücksichtigt. (140) Erstens ist nach den der Kommission im R,2026-06-05T16:54:00.008408,,,25,DE,DDOC,Art. 8(1) -  - m4956-8(1)-DE,,,2009-10-02,de,METADATA_DECISION_ATTACHMENT,Hearing Officer Report - EN,,9,EN,https://ec.europa.eu/competition/mergers/cases/additional_data/784277.pdf,DOCS,Hearing Officer Report - EN,2008-11-10,,,en,M.4956-ATT9,METADATA_CASE_ATTACHMENT,,Antitrust,STX / AKER | STX / AKER YARDS,,2008-05-15,,,,,2007-11-16,Merger,,2008-05-05,,,2007-11-16,M.4956,4956,{},,{},,,,Council Regulation 139/2004,,,"{""code"":""NaceSectorsC_30_1_1"",""label"":""C.30.11 - Building of ships and floating structures""}",Normal procedure,,,,STX / AKER YARDS,,en,M.4956,METADATA_CASE,2008-05-05,,,44436,"{""items"":[{""reference"":""C147"",""publishedDate"":""2009-06-27"",""priorPublication"":""false""}]}",2009-06-27,false,"{""items"":[{""reference"":""IP/08/682""}]}",,"{""code"":""DecisionType20682"",""label"":""Art. 8(1)""}",en,M.4956-DEC44436,METADATA_DECISION
199,3794,https://ec.europa.eu/competition/mergers/cases/decisions/m4980_20080923_20600_de.pdf,M.4980-DEC44706-ATT68,Schieds*,DE,"wird und folglich die eigenen Preise anpasst und (b) auch bei Beibehaltung eines gewissen Preisunterschieds der Hersteller den Vertriebshändlern Anreize bietet, die Belieferung von Kunden zurückzuhalt",2026-06-05T16:55:05.445721,,,68,DE,DDOC,Art. 8(2) with conditions & obligations -  - m4980-8(2)-DE,,,2009-05-04,de,METADATA_DECISION_ATTACHMENT,Section 1.2 of Form CO,,4,EN,https://ec.europa.eu/competition/mergers/cases/additional_data/660617.pdf,DOCS,M4980_Section1_2,2008-02-25,,,en,M.4980-ATT4,METADATA_CASE_ATTACHMENT,,Antitrust,ABF / GBI BUSINESS,,,,"{""items"":[{""date"":""2008-07-15"",""name"":""Commitments submitted in N/2 on"",""type"":""MEvent46""},{""date"":""2008-03-26"",""name"":""Commitments submitted in N/1 on"",""type"":""MEvent3""},{""date"":""2008-07-16"",""name"":""Deadline suspension under Article 11(3) ended on"",""type"":""MEvent8""},{""date"":""2008-06-26"",""name"":""Deadline suspended under Article 11(3) [date may differ from the Article 11(3) decision date] from"",""type"":""MEvent7""},{""date"":""2008-05-08"",""name"":""Deadline extended by 20 working days under article 10(3)2 on"",""type"":""MEvent10""}]}",2008-07-15 | 2008-03-26 | 2008-07-16 | 2008-06-26 | 2008-05-08,,2008-02-22,Merger,,2008-09-23,,M.5020,2008-02-22,M.4980,4980,{},,{},,,,Council Regulation 139/2004,,,"{""code"":""NaceSectorsC_10_7_1"",""label"":""C.10.71 - Manufacture of bread; manufacture of fresh pastry goods and cakes""}",Normal procedure,,,,ABF / GBI BUSINESS,,en,M.4980,METADATA_CASE,2008-09-23,,,44706,"{""items"":[{""reference"":""C145"",""publishedDate"":""2009-06-25"",""priorPublication"":""false""}]}",2009-06-25,false,"{""items"":[{""reference"":""IP/08/1392""}]}",,"{""code"":""DecisionType20600"",""label"":""Art. 8(2) with conditions & obligations""}",en,M.4980-DEC44706,METADATA_DECISION
200,3804,https://ec.europa.eu/competition/mergers/cases/decisions/m4504_20070718_20600_fr.pdf,M.4504-DEC43906-ATT12,arbitrag* | tribunal arbitral*,FR,"le rôle et les pouvoirs du mandataire et en créant une procédure rapide de résolution des litiges (tribunal arbitral). Ces dispositions, applicables à l'ensemble des engagements 1 à 4, permettent ain",2026-06-05T16:55:15.000914,,,12,FR,DDOC,Art. 8(2) with conditions & obligations -  - m4504-8(2)-fr_(2),,,2007-10-01,fr,METADATA_DECISION_ATTACHMENT,Section 1.2 of form CO,,2,EN,https://ec.europa.eu/competition/mergers/cases/additional_data/507651.pdf,DOCS,M4504_139_Section1_2,2006-12-04,,,en,M.4504-ATT2,METADATA_CASE_ATTACHMENT,,Antitrust,CONTROL OF SFR | SFR / TELE 2,,,,"{""items"":[{""date"":""2007-01-29"",""name"":""Notification became effective on"",""type"":""MEvent6""},{""date"":""2007-02-26"",""name"":""Commitments submitted in N/1 on"",""type"":""MEvent3""},{""date"":""2006-12-11"",""name"":""Notification declared incomplete on"",""type"":""MEvent5""}]}",2007-01-29 | 2007-02-26 | 2006-12-11,,2007-01-29,Merger,,2007-07-18,,,2007-01-29,M.4504,4504,{},,{},,,,Council Regulation 139/2004,,,"{""code"":""NaceSectorsJ_60_2"",""label"":""J.60.2 - Television programming and broadcasting activities""}",Normal procedure,,,,SFR / TELE 2,,en,M.4504,METADATA_CASE,2007-07-18,32007D0784,,43906,"{""items"":[{""reference"":""L316"",""publishedDate"":""2007-12-04"",""priorPublication"":""false""}]}",2007-12-04,false,"{""items"":[{""reference"":""IP/07/1120""}]}",,"{""code"":""DecisionType20600"",""label"":""Art. 8(2) with conditions & obligations""}",en,M.4504-DEC43906,METADATA_DECISION
201,3805,https://ec.europa.eu/competition/mergers/cases/decisions/m4504_20070718_20600_de.pdf,M.4504-DEC43906-ATT13,Schiedsgericht* | Schieds*,DE,"sse des Bevollmächtigten gestärkt werden und ein zügiges Streitbeilegungsverfahren festgelegt wird (Schiedsgericht). Aufgrund dieser Bestimmungen, die auf alle Verpflichtungen 1 bis 4 anzuwenden sind,",2026-06-05T16:55:18.715586,,,13,DE,DDOC,Art. 8(2) with conditions & obligations -  - m4504-8(2)-DE,,,2007-11-08,de,METADATA_DECISION_ATTACHMENT,Section 1.2 of form CO,,2,EN,https://ec.europa.eu/competition/mergers/cases/additional_data/507651.pdf,DOCS,M4504_139_Section1_2,2006-12-04,,,en,M.4504-ATT2,METADATA_CASE_ATTACHMENT,,Antitrust,CONTROL OF SFR | SFR / TELE 2,,,,"{""items"":[{""date"":""2007-01-29"",""name"":""Notification became effective on"",""type"":""MEvent6""},{""date"":""2007-02-26"",""name"":""Commitments submitted in N/1 on"",""type"":""MEvent3""},{""date"":""2006-12-11"",""name"":""Notification declared incomplete on"",""type"":""MEvent5""}]}",2007-01-29 | 2007-02-26 | 2006-12-11,,2007-01-29,Merger,,2007-07-18,,,2007-01-29,M.4504,4504,{},,{},,,,Council Regulation 139/2004,,,"{""code"":""NaceSectorsJ_60_2"",""label"":""J.60.2 - Television programming and broadcasting activities""}",Normal procedure,,,,SFR / TELE 2,,en,M.4504,METADATA_CASE,2007-07-18,32007D0784,,43906,"{""items"":[{""reference"":""L316"",""publishedDate"":""2007-12-04"",""priorPublication"":""false""}]}",2007-12-04,false,"{""items"":[{""reference"":""IP/07/1120""}]}",,"{""code"":""DecisionType20600"",""label"":""Art. 8(2) with conditions & obligations""}",en,M.4504-DEC43906,METADATA_DECISION
202,3830,https://ec.europa.eu/competition/mergers/cases/decisions/m4513_20080604_20600_de.pdf,M.4513-DEC44487-ATT27,Schieds*,DE,"d hochwertiges Feinpapier oder Feinpapier für grafische Anwendungen von Designern und Druckern unterschiedslos für verschiedene Anwendungen verwendet werden könne (z. B. Visitenkarten, Grußkarten, Spe",2026-06-05T16:56:36.269324,,,27,DE,DDOC,Art. 8(2) with conditions & obligations -  - m4513-8(2)-DE,,,2009-07-15,de,METADATA_DECISION_ATTACHMENT,Hearing Officer Report - EN,,13,EN,https://ec.europa.eu/competition/mergers/cases/additional_data/894520.pdf,DOCS,Hearing Officer Report - EN,2009-04-01,,,en,M.4513-ATT13,METADATA_CASE_ATTACHMENT,,Antitrust,ARJOWIGGINS / M-REAL ZANDERS REFLEX,,,,"{""items"":[{""date"":""2008-04-07"",""name"":""Commitments submitted in N/2 on"",""type"":""MEvent4""},{""date"":""2008-01-08"",""name"":""Deadline extended by 15 working days under article 10(3)2 on"",""type"":""MEvent10""}]}",2008-04-07 | 2008-01-08,,2007-10-31,Merger,,2008-06-04,,,2007-10-31,M.4513,4513,{},,{},,,,Council Regulation 139/2004,,,"{""code"":""NaceSectorsC_17"",""label"":""C.17 - Manufacture of paper and paper products""}",Normal procedure,,,,ARJOWIGGINS / M-REAL ZANDERS REFLEX,,en,M.4513,METADATA_CASE,2008-06-04,,,44487,"{""items"":[{""reference"":""C96"",""publishedDate"":""2009-04-25"",""priorPublication"":""false""}]}",2009-04-25,false,"{""items"":[{""reference"":""IP/08/854""}]}",,"{""code"":""DecisionType20600"",""label"":""Art. 8(2) with conditions & obligations""}",en,M.4513-DEC44487,METADATA_DECISION
203,3849,https://ec.europa.eu/competition/mergers/cases/decisions/m3664_20050302_20310_en.pdf,M.3664-DEC42245-ATT7,arbitrat*,EN,"tion of a stake in CLC is however not yet effective, since it has been challenged by Galp before an arbitration court. After this transaction, CLC’s shareholders are Galp (65%), BP (20%) and Repsol (1",2026-06-05T16:56:57.321858,,,7,EN,DDOC,Art. 6(1)(b) -  - m3664,,,2005-04-07,en,METADATA_DECISION_ATTACHMENT,,,,,,,,,,,,,,,Antitrust,REPSOL BUTANO / SHELL GASS (LPG),,2005-03-03,,"{""items"":[{""date"":""2005-01-13"",""name"":""Notification became effective on"",""type"":""MEvent6""},{""date"":""2005-02-11"",""name"":""Commitments submitted in N/1 on"",""type"":""MEvent3""},{""date"":""2005-01-06"",""name"":""Notification declared incomplete on"",""type"":""MEvent5""}]}",2005-01-13 | 2005-02-11 | 2005-01-06,,2005-01-13,Merger,,2005-03-02,,,2005-01-13,M.3664,3664,,,,,,,Council Regulation 139/2004,,,"{""code"":""NaceSectorsG_46_7_1"",""label"":""G.46.71 - Wholesale of solid, liquid and gaseous fuels and related products""}",Normal procedure,false,,,REPSOL BUTANO / SHELL GASS (LPG),,en,M.3664,METADATA_CASE,2005-03-02,,,42245,"{""items"":[{""reference"":""C88"",""publishedDate"":""2005-04-12"",""priorPublication"":""false""}]}",2005-04-12,false,"{""items"":[{""reference"":""IP/05/249""}]}",,"{""code"":""DecisionType20310"",""label"":""Art. 6(1)(b)""}",en,M.3664-DEC42245,METADATA_DECISION
204,3866,https://ec.europa.eu/competition/mergers/cases/decisions/m4523_20070821_20682_de.pdf,M.4523-DEC43980-ATT8,Schieds*,DE,nflussen: soll ein Opt-in-Vertrag geschlossen werden oder nicht? Soll angesichts des möglichen Unterschieds in der Höhe der Aufschläge und des Unterschieds zwischen Aufschlägen und Opt-in-Gebühren das,2026-06-05T16:57:18.271971,,,8,DE,DDOC,Art. 8(1) -  - m4523-8(1)-DE,,,2007-11-19,de,METADATA_DECISION_ATTACHMENT,Section 1.2 of Form CO,,2,EN,https://ec.europa.eu/competition/mergers/cases/additional_data/538683.pdf,DOCS,139_Section1_2,2007-03-28,,,en,M.4523-ATT2,METADATA_CASE_ATTACHMENT,,Antitrust,TRAVELPORT / WORLDSPAN,,2007-09-13,,,,,2007-03-23,Merger,,2007-08-21,,,2007-03-23,M.4523,4523,{},,{},,,,Council Regulation 139/2004,,,"{""code"":""NaceSectorsN_79_1_2"",""label"":""N.79.12 - Tour operator activities""}",Normal procedure,,,,TRAVELPORT / WORLDSPAN,,en,M.4523,METADATA_CASE,2007-08-21,32007D0781,,43980,"{""items"":[{""reference"":""L314"",""publishedDate"":""2007-12-01"",""priorPublication"":""false""}]}",2007-12-01,false,"{""items"":[{""reference"":""IP/07/1241 ""}]}",,"{""code"":""DecisionType20682"",""label"":""Art. 8(1)""}",en,M.4523-DEC43980,METADATA_DECISION
205,3872,https://ec.europa.eu/competition/mergers/cases/decisions/m3680_20050428_20212_en.pdf,M.3680-DEC42331-ATT11,arbitrat*,EN,"lopment costs. In case of dispute, the European Space Agency (ESA) would be called upon to exercise arbitration powers, given its recognised expertise in the field as well as its impartiality. This ob",2026-06-05T16:57:23.364338,,,11,EN,DDOC,Art. 6(1)(b) with conditions & obligations -  - m3680-6(2),,,2005-06-03,en,METADATA_DECISION_ATTACHMENT,,,,,,,,,,,,,,,Antitrust,ALCATEL / FINMECCANICA / ALCATEL ALENIA SPACE & TELESPAZIO | ALCATEL / FINMECCANICA / JV,,,,"{""items"":[{""date"":""2005-04-07"",""name"":""Commitments submitted in N/1 on"",""type"":""MEvent3""}]}",2005-04-07,,2005-03-07,Merger,,2005-04-28,,,2005-03-07,M.3680,3680,,,,,,,Council Regulation 139/2004,,,"{""code"":""NaceSectorsC_30_3"",""label"":""C.30.3 - Manufacture of air and spacecraft and related machinery""}",Normal procedure,false,,,ALCATEL / FINMECCANICA / ALCATEL ALENIA SPACE & TELESPAZIO,,en,M.3680,METADATA_CASE,2005-04-28,,,42331,"{""items"":[{""reference"":""C139"",""publishedDate"":""2005-06-08"",""priorPublication"":""false""}]}",2005-06-08,false,"{""items"":[{""reference"":""IP/05/507""}]}",,"{""code"":""DecisionType20212"",""label"":""Art. 6(1)(b) with conditions & obligations""}",en,M.3680-DEC42331,METADATA_DECISION
206,3887,https://ec.europa.eu/competition/mergers/cases/decisions/m3687_20050825_20600_en.pdf,M.3687-DEC42487-ATT13,arbitrat*,EN,"through co-operation and consultation, the Initiating Party shall within seven (7) days initiate an arbitration process. (iv) To initiate the arbitration process, the Initiating Party shall give writt",2026-06-05T16:57:45.951517,,,13,EN,DDOC,Art. 8(2) with conditions & obligations -  - m3687-8(2)-EN-corrected,,,2006-05-12,en,METADATA_DECISION_ATTACHMENT,,,,,,,,,,,,,,,Antitrust,JOHNSON & JOHNSON / GUIDANT,,,,"{""items"":[{""date"":""2005-07-14"",""name"":""Commitments submitted in N/2 on"",""type"":""MEvent46""}]}",2005-07-14,,2005-03-15,Merger,,2005-08-25,,,2005-03-15,M.3687,3687,{},,{},,,,Council Regulation 139/2004,,,"{""code"":""NaceSectorsC_32_5"",""label"":""C.32.5 - Manufacture of medical and dental instruments and supplies""}",Normal procedure,,,,JOHNSON & JOHNSON / GUIDANT,,en,M.3687,METADATA_CASE,2005-08-25,32006D0430,,42487,"{""items"":[{""reference"":""L173"",""publishedDate"":""2006-06-27"",""priorPublication"":""false""}]}",2006-06-27,false,"{""items"":[{""reference"":""IP/05/1065""}]}",,"{""code"":""DecisionType20600"",""label"":""Art. 8(2) with conditions & obligations""}",en,M.3687-DEC42487,METADATA_DECISION
207,3888,https://ec.europa.eu/competition/mergers/cases/decisions/m3687_20050825_20600_de.pdf,M.3687-DEC42487-ATT14,Schieds*,DE,". Obwohl die Preise beidseits des Atlantiks fallen werden, wird bis 2008 eine Zunahme des Preisunterschieds auf 68 % erwartet. Siehe Morgan Stanley, „The 2005 Investors’ Guide to Interventional Cardio",2026-06-05T16:57:55.104344,,,14,DE,DDOC,Art. 8(2) with conditions & obligations -  - m3687-8(2)-DE,,,2006-05-15,de,METADATA_DECISION_ATTACHMENT,,,,,,,,,,,,,,,Antitrust,JOHNSON & JOHNSON / GUIDANT,,,,"{""items"":[{""date"":""2005-07-14"",""name"":""Commitments submitted in N/2 on"",""type"":""MEvent46""}]}",2005-07-14,,2005-03-15,Merger,,2005-08-25,,,2005-03-15,M.3687,3687,{},,{},,,,Council Regulation 139/2004,,,"{""code"":""NaceSectorsC_32_5"",""label"":""C.32.5 - Manufacture of medical and dental instruments and supplies""}",Normal procedure,,,,JOHNSON & JOHNSON / GUIDANT,,en,M.3687,METADATA_CASE,2005-08-25,32006D0430,,42487,"{""items"":[{""reference"":""L173"",""publishedDate"":""2006-06-27"",""priorPublication"":""false""}]}",2006-06-27,false,"{""items"":[{""reference"":""IP/05/1065""}]}",,"{""code"":""DecisionType20600"",""label"":""Art. 8(2) with conditions & obligations""}",en,M.3687-DEC42487,METADATA_DECISION
208,3890,https://ec.europa.eu/competition/mergers/cases/decisions/m3686_20050330_20212_en.pdf,M.3686-DEC42287-ATT9,arbitrat*,EN,"Licensee disagree with the Monitoring Trustee’s decision, they will refer the matter to an (ad hoc) arbitration proceeding, which will rule on the matter expeditiously. The arbitration clause will be",2026-06-05T16:58:13.028740,,,9,EN,DDOC,Art. 6(1)(b) with conditions & obligations -  - m3686-6(2)-corrected,,,2005-06-01,en,METADATA_DECISION_ATTACHMENT,,,,,,,,,,,,,,,Antitrust,HONEYWELL / NOVAR,,,,"{""items"":[{""date"":""2005-02-04"",""name"":""Notification declared incomplete on"",""type"":""MEvent5""},{""date"":""2005-02-07"",""name"":""Notification became effective on"",""type"":""MEvent6""},{""date"":""2005-03-07"",""name"":""Commitments submitted in N/1 on"",""type"":""MEvent3""}]}",2005-02-04 | 2005-02-07 | 2005-03-07,,2005-02-07,Merger,,2005-03-30,,,2005-02-07,M.3686,3686,,,,,,,Council Regulation 139/2004,,,"{""code"":""NaceSectorsC_28_2_9"",""label"":""C.28.29 - Manufacture of other general-purpose machinery n.e.c.""}",Normal procedure,false,,,HONEYWELL / NOVAR,,en,M.3686,METADATA_CASE,2005-03-30,,,42287,"{""items"":[{""reference"":""C104"",""publishedDate"":""2005-04-29"",""priorPublication"":""false""}]}",2005-04-29,false,"{""items"":[{""reference"":""IP/05/370""}]}",,"{""code"":""DecisionType20212"",""label"":""Art. 6(1)(b) with conditions & obligations""}",en,M.3686-DEC42287,METADATA_DECISION
209,3892,https://ec.europa.eu/competition/mergers/cases/decisions/m3692_20050523_20212_en.pdf,M.3692-DEC42348-ATT5,arbitrat*,EN,"through a monitoring Trustee) and also throughout the life of the agreement (through an appropriate arbitration mechanism). In 7 this context, it is worth noting that the License Agreement may now be",2026-06-05T16:58:15.461935,,,5,EN,DDOC,Art. 6(1)(b) with conditions & obligations -  - m3692-6(2),,,2005-06-21,en,METADATA_DECISION_ATTACHMENT,,,,,,,,,,,,,,,Antitrust,REUTERS / TELERATE,,,,"{""items"":[{""date"":""2005-04-26"",""name"":""Commitments submitted in N/1 on"",""type"":""MEvent3""}]}",2005-04-26,,2005-03-29,Merger,,2005-05-23,,,2005-03-29,M.3692,3692,{},,{},,,,Council Regulation 139/2004,,,"{""code"":""NaceSectorsM_69_2_0"",""label"":""M.69.20 - Accounting, bookkeeping and auditing activities; tax consultancy""}",Normal procedure,,,,REUTERS / TELERATE,,en,M.3692,METADATA_CASE,2005-05-23,,,42348,"{""items"":[{""reference"":""C154"",""publishedDate"":""2005-06-25"",""priorPublication"":""false""}]}",2005-06-25,false,"{""items"":[{""reference"":""IP/05/596""}]}",,"{""code"":""DecisionType20212"",""label"":""Art. 6(1)(b) with conditions & obligations""}",en,M.3692-DEC42348,METADATA_DECISION
210,3901,https://ec.europa.eu/competition/mergers/cases/decisions/m3696_20051221_20600_en.pdf,M.3696-DEC42831-ATT286,arbitrat*,EN,"the level necessary to restore MOL’s profitability. If Gazprom disagreed, MOL could have a neutral arbitrator evaluate the claim. (…) [T]he discussion above suffices to establish Gazprom’s incentives",2026-06-05T16:58:24.623799,,,286,EN,DDOC,Art. 8(2) with conditions & obligations -  - m3696-8(2)-EN-web,,,2006-01-31,en,METADATA_DECISION_ATTACHMENT,,,,,,,,,,,,,,,Antitrust,E.ON / MOL,,,,"{""items"":[{""date"":""2000-08-02"",""name"":""Deadline suspended under Article 11(3) [date may differ from the Article 11(3) decision date] from"",""type"":""MEvent7""},{""date"":""2005-10-20"",""name"":""Commitments submitted in N/2 on"",""type"":""MEvent4""},{""date"":""2005-08-02"",""name"":""Deadline suspended under Article 11(3) [date may differ from the Article 11(3) decision date] from"",""type"":""MEvent7""},{""date"":""2005-08-11"",""name"":""Deadline suspension under Article 11(3) ended on"",""type"":""MEvent8""},{""date"":""2005-11-10"",""name"":""Deadline extended by 11 working days under article 10(3)2 on"",""type"":""MEvent10""}]}",2000-08-02 | 2005-10-20 | 2005-08-02 | 2005-08-11 | 2005-11-10,,2005-06-02,Merger,,2005-12-21,,,2005-06-02,M.3696,3696,{},,{},,,,Council Regulation 139/2004,,,"{""code"":""NaceSectorsD_35"",""label"":""D.35 - Electricity, gas, steam and air conditioning supply""}",Normal procedure,,,,E.ON / MOL,,en,M.3696,METADATA_CASE,2005-12-21,32006D0622,,42831,"{""items"":[{""reference"":""L253"",""publishedDate"":""2006-09-16"",""priorPublication"":""false""}]}",2006-09-16,false,"{""items"":[{""reference"":""IP/05/1658 ""}]}",,"{""code"":""DecisionType20600"",""label"":""Art. 8(2) with conditions & obligations""}",en,M.3696-DEC42831,METADATA_DECISION
211,3902,https://ec.europa.eu/competition/mergers/cases/decisions/m3696_20051221_20600_de.pdf,M.3696-DEC42831-ATT290,Schieds*,DE,"tellen. Falls Gazprom nicht damit einverstanden ist, könnte MOL die Forderung durch einen neutralen Schiedsrichter bewerten lassen. (…) [D]ie vorstehende Erörterung reicht aus, um die Anreize von Gazp",2026-06-05T16:58:50.412259,,,290,DE,DDOC,Art. 8(2) with conditions & obligations -  - m3696-8(2)-DE-web,,,2006-08-29,de,METADATA_DECISION_ATTACHMENT,,,,,,,,,,,,,,,Antitrust,E.ON / MOL,,,,"{""items"":[{""date"":""2000-08-02"",""name"":""Deadline suspended under Article 11(3) [date may differ from the Article 11(3) decision date] from"",""type"":""MEvent7""},{""date"":""2005-10-20"",""name"":""Commitments submitted in N/2 on"",""type"":""MEvent4""},{""date"":""2005-08-02"",""name"":""Deadline suspended under Article 11(3) [date may differ from the Article 11(3) decision date] from"",""type"":""MEvent7""},{""date"":""2005-08-11"",""name"":""Deadline suspension under Article 11(3) ended on"",""type"":""MEvent8""},{""date"":""2005-11-10"",""name"":""Deadline extended by 11 working days under article 10(3)2 on"",""type"":""MEvent10""}]}",2000-08-02 | 2005-10-20 | 2005-08-02 | 2005-08-11 | 2005-11-10,,2005-06-02,Merger,,2005-12-21,,,2005-06-02,M.3696,3696,{},,{},,,,Council Regulation 139/2004,,,"{""code"":""NaceSectorsD_35"",""label"":""D.35 - Electricity, gas, steam and air conditioning supply""}",Normal procedure,,,,E.ON / MOL,,en,M.3696,METADATA_CASE,2005-12-21,32006D0622,,42831,"{""items"":[{""reference"":""L253"",""publishedDate"":""2006-09-16"",""priorPublication"":""false""}]}",2006-09-16,false,"{""items"":[{""reference"":""IP/05/1658 ""}]}",,"{""code"":""DecisionType20600"",""label"":""Art. 8(2) with conditions & obligations""}",en,M.3696-DEC42831,METADATA_DECISION
212,4007,https://ec.europa.eu/competition/mergers/cases/decisions/m4475_20070208_20212_en.pdf,M.4475-DEC43626-ATT4,arbitrat*,EN,"r and the Purchaser/Licensee disagree with the Trustee’s decision, they will refer the matter to an arbitration proceeding, which will rule on the matter expeditiously. The arbitration clause will be",2026-06-05T17:00:09.380238,,,4,EN,DDOC,Art. 6(1)(b) with conditions & obligations -  - m4475-6(2),,,2007-08-20,en,METADATA_DECISION_ATTACHMENT,Section 1.2. of form CO,,1,EN,https://ec.europa.eu/competition/mergers/cases/additional_data/510904.pdf,DOCS,M,2006-12-14,,,en,M.4475-ATT1,METADATA_CASE_ATTACHMENT,,Antitrust,SCHNEIDER ELECTRIC / APC | SCHNEIDER ELECTRIC / AMERICAN POWER CONVERSION CORPORATION,,,,"{""items"":[{""date"":""2007-01-18"",""name"":""Commitments submitted in N/1 on"",""type"":""MEvent3""}]}",2007-01-18,,2006-12-12,Merger,,2007-02-08,,,2006-12-12,M.4475,4475,,,,,,,Council Regulation 139/2004,,,"{""code"":""NaceSectorsC_33_2"",""label"":""C.33.2 - Installation of industrial machinery and equipment""}",Normal procedure,false,,,SCHNEIDER ELECTRIC / APC,,en,M.4475,METADATA_CASE,2007-02-08,,,43626,"{""items"":[{""reference"":""C200"",""publishedDate"":""2007-08-28"",""priorPublication"":""false""}]}",2007-08-28,false,"{""items"":[{""reference"":""IP/07/164""}]}",,"{""code"":""DecisionType20212"",""label"":""Art. 6(1)(b) with conditions & obligations""}",en,M.4475-DEC43626,METADATA_DECISION
213,4025,https://ec.europa.eu/competition/mergers/cases/decisions/m4000_20060704_20600_fr.pdf,M.4000-DEC43241-ATT8,arbitrag*,FR,"le prix dans d'autres régions du monde. Cette absence de corrélation semble suggérer une absence d'arbitrage entre régions, ce qui prouve l'existence de marchés géographiques distincts. 173 […]*. 174",2026-06-05T17:00:49.420259,,,8,FR,DDOC,Art. 8(2) with conditions & obligations -  - m4000-8(2)-FR,,,2007-03-20,fr,METADATA_DECISION_ATTACHMENT,Section 1.2 of Form CO,,1,EN,https://ec.europa.eu/competition/mergers/cases/additional_data/358081.pdf,DOCS,M4000_Section1_2,2006-01-23,,,en,M.4000-ATT1,METADATA_CASE_ATTACHMENT,,Antitrust,INCO / FALCON BRIDGE | INCO / FALCONBRIDGE,,,,"{""items"":[{""date"":""2006-03-16"",""name"":""Commitments submitted in N/2 on"",""type"":""MEvent46""}]}",2006-03-16,,2006-01-20,Merger,,2006-07-04,,,2006-01-20,M.4000,4000,{},,{},,,,Council Regulation 139/2004,,,"{""code"":""NaceSectorsC_24"",""label"":""C.24 - Manufacture of basic metals""} | {""code"":""NaceSectorsB_7_2_9"",""label"":""B.07.29 - Mining of other non-ferrous metal ores""}",Normal procedure,,,,INCO / FALCONBRIDGE,,en,M.4000,METADATA_CASE,2006-07-04,32007D0163,,43241,"{""items"":[{""reference"":""L72"",""publishedDate"":""2007-03-13"",""priorPublication"":""false""}]}",2007-03-13,false,"{""items"":[{""reference"":""IP/06/926 ""}]}",,"{""code"":""DecisionType20600"",""label"":""Art. 8(2) with conditions & obligations""}",en,M.4000-DEC43241,METADATA_DECISION
214,4041,https://ec.europa.eu/competition/mergers/cases/decisions/M5335_20090622_20600_229007_EN.pdf,M.5335-DEC{DB05FDC4-35D4-419A-ABA9-07D0492A217B}-ATT2849,arbitrat*,EN,"t, since SN is unable to cut capacity across the board in the short term, it is effectively left to arbitrate between the different route options to ensure that aircraft are employed in the best possi",2026-06-05T17:01:22.753563,"{""code"":""DocumentCategory0587"",""label"":""Decision - web publication""}",2010-03-30,2849,EN,,,2010-04-14,,2010-03-30,en,METADATA_DECISION_ATTACHMENT,"{""code"":""DocumentCategory0250"",""label"":""Description of the concentration""}",,458,EN,https://ec.europa.eu/competition/mergers/cases/additional_data/798857.pdf,,,2008-11-28,,,en,M.5335-ATT458,METADATA_CASE_ATTACHMENT,,,,,,Competition DG,,,"{""items"":[{}]}",2008-09-02,Merger,,2009-06-22,,,2008-11-26,M.5335,5335,"{""items"":[{""reference"":""C:2008:312:"",""webDescription"":"""",""pageNumber"":"""",""referenceNumber"":""312"",""referenceYear"":""2008"",""referenceSeries"":""C"",""publishedDate"":""2008-12-06""}]}",2008-12-06,"{""items"":[{}]}",,,,Council Regulation 139/2004,,,"{""code"":""NaceSectorsH_51_1"",""label"":""H.51.1 - Passenger air transport""} | {""code"":""NaceSectorsH_51_2_1"",""label"":""H.51.21 - Freight air transport""}",Normal,,"{""items"":[{""date"":""2009-04-24"",""description"":""Changed deadline - Commitments submitted in N/2 on 24.04.2009"",""type"":""MEvent4"",""label"":""Changed deadline - Commitments submitted in N/2 on DATE_PLACEHOLDER"",""url"":""""},{""date"":""2009-01-05"",""description"":""Changed deadline - Commitments submitted in N/1 on 05.01.2009"",""type"":""MEvent3"",""label"":""Changed deadline - Commitments submitted in N/1 on DATE_PLACEHOLDER"",""url"":""""},{""date"":""2009-04-16"",""description"":""Commitments submitted in N/2 on 16.04.2009"",""type"":""MEvent46"",""label"":""Commitments submitted in N/2 on DATE_PLACEHOLDER"",""url"":""""}]}",2009-04-24 | 2009-01-05 | 2009-04-16,LUFTHANSA / SN AIRHOLDING (BRUSSELS AIRLINES),"{""code"":""MergerCaseType1"",""label"":""Merger""}",en,M.5335,METADATA_CASE,2009-06-22,,"{""items"":[{}]}",{DB05FDC4-35D4-419A-ABA9-07D0492A217B},"{""items"":[{""reference"":""C:2009:295:"",""webDescription"":"""",""pageNumber"":"""",""referenceNumber"":""295"",""referenceYear"":""2009"",""referenceSeries"":""C"",""publishedDate"":""2009-12-04""}]}",2009-12-04,,"{""items"":[{""reference"":""IP_09_974"",""webDescription"":"""",""publicationDate"":""2009-12-04""}]}",2009-12-04,"{""code"":""DecisionType20600"",""label"":""Art. 8(2) with conditions & obligations""}",en,M.5335-DEC{DB05FDC4-35D4-419A-ABA9-07D0492A217B},METADATA_DECISION
215,4042,https://ec.europa.eu/competition/mergers/cases/decisions/m5335_2850_2.pdf,M.5335-DEC{DB05FDC4-35D4-419A-ABA9-07D0492A217B}-ATT2850,arbitrag*,FR,ivant peut décider de résoudre un litige avec les parties concernant lesdits engagements par voie d’arbitrage. À la fois le nouvel arrivant et les parties seront alors liés par la décision d’arbitrage,2026-06-05T17:01:35.828649,"{""code"":""DocumentCategory0587"",""label"":""Decision - web publication""}",2010-03-30,2850,FR,,,2010-04-14,,2010-03-30,fr,METADATA_DECISION_ATTACHMENT,"{""code"":""DocumentCategory0250"",""label"":""Description of the concentration""}",,458,EN,https://ec.europa.eu/competition/mergers/cases/additional_data/798857.pdf,,,2008-11-28,,,en,M.5335-ATT458,METADATA_CASE_ATTACHMENT,,,,,,Competition DG,,,"{""items"":[{}]}",2008-09-02,Merger,,2009-06-22,,,2008-11-26,M.5335,5335,"{""items"":[{""reference"":""C:2008:312:"",""webDescription"":"""",""pageNumber"":"""",""referenceNumber"":""312"",""referenceYear"":""2008"",""referenceSeries"":""C"",""publishedDate"":""2008-12-06""}]}",2008-12-06,"{""items"":[{}]}",,,,Council Regulation 139/2004,,,"{""code"":""NaceSectorsH_51_1"",""label"":""H.51.1 - Passenger air transport""} | {""code"":""NaceSectorsH_51_2_1"",""label"":""H.51.21 - Freight air transport""}",Normal,,"{""items"":[{""date"":""2009-04-24"",""description"":""Changed deadline - Commitments submitted in N/2 on 24.04.2009"",""type"":""MEvent4"",""label"":""Changed deadline - Commitments submitted in N/2 on DATE_PLACEHOLDER"",""url"":""""},{""date"":""2009-01-05"",""description"":""Changed deadline - Commitments submitted in N/1 on 05.01.2009"",""type"":""MEvent3"",""label"":""Changed deadline - Commitments submitted in N/1 on DATE_PLACEHOLDER"",""url"":""""},{""date"":""2009-04-16"",""description"":""Commitments submitted in N/2 on 16.04.2009"",""type"":""MEvent46"",""label"":""Commitments submitted in N/2 on DATE_PLACEHOLDER"",""url"":""""}]}",2009-04-24 | 2009-01-05 | 2009-04-16,LUFTHANSA / SN AIRHOLDING (BRUSSELS AIRLINES),"{""code"":""MergerCaseType1"",""label"":""Merger""}",en,M.5335,METADATA_CASE,2009-06-22,,"{""items"":[{}]}",{DB05FDC4-35D4-419A-ABA9-07D0492A217B},"{""items"":[{""reference"":""C:2009:295:"",""webDescription"":"""",""pageNumber"":"""",""referenceNumber"":""295"",""referenceYear"":""2009"",""referenceSeries"":""C"",""publishedDate"":""2009-12-04""}]}",2009-12-04,,"{""items"":[{""reference"":""IP_09_974"",""webDescription"":"""",""publicationDate"":""2009-12-04""}]}",2009-12-04,"{""code"":""DecisionType20600"",""label"":""Art. 8(2) with conditions & obligations""}",en,M.5335-DEC{DB05FDC4-35D4-419A-ABA9-07D0492A217B},METADATA_DECISION
216,4043,https://ec.europa.eu/competition/mergers/cases/decisions/M5335_20090622_20600_232015_DE.pdf,M.5335-DEC{DB05FDC4-35D4-419A-ABA9-07D0492A217B}-ATT2852,Schieds*,DE,Unternehmen in Bezug auf diese Verpflichtungszusagen über ein Schlichtungsverfahren beizulegen. Die Schiedssprüche sind sowohl für den neuen Wettbewerber als auch für die beteiligten Unternehmen binde,2026-06-05T17:01:38.474089,"{""code"":""DocumentCategory0587"",""label"":""Decision - web publication""}",2010-04-07,2852,DE,,,2010-04-14,,2010-04-07,de,METADATA_DECISION_ATTACHMENT,"{""code"":""DocumentCategory0250"",""label"":""Description of the concentration""}",,458,EN,https://ec.europa.eu/competition/mergers/cases/additional_data/798857.pdf,,,2008-11-28,,,en,M.5335-ATT458,METADATA_CASE_ATTACHMENT,,,,,,Competition DG,,,"{""items"":[{}]}",2008-09-02,Merger,,2009-06-22,,,2008-11-26,M.5335,5335,"{""items"":[{""reference"":""C:2008:312:"",""webDescription"":"""",""pageNumber"":"""",""referenceNumber"":""312"",""referenceYear"":""2008"",""referenceSeries"":""C"",""publishedDate"":""2008-12-06""}]}",2008-12-06,"{""items"":[{}]}",,,,Council Regulation 139/2004,,,"{""code"":""NaceSectorsH_51_1"",""label"":""H.51.1 - Passenger air transport""} | {""code"":""NaceSectorsH_51_2_1"",""label"":""H.51.21 - Freight air transport""}",Normal,,"{""items"":[{""date"":""2009-04-24"",""description"":""Changed deadline - Commitments submitted in N/2 on 24.04.2009"",""type"":""MEvent4"",""label"":""Changed deadline - Commitments submitted in N/2 on DATE_PLACEHOLDER"",""url"":""""},{""date"":""2009-01-05"",""description"":""Changed deadline - Commitments submitted in N/1 on 05.01.2009"",""type"":""MEvent3"",""label"":""Changed deadline - Commitments submitted in N/1 on DATE_PLACEHOLDER"",""url"":""""},{""date"":""2009-04-16"",""description"":""Commitments submitted in N/2 on 16.04.2009"",""type"":""MEvent46"",""label"":""Commitments submitted in N/2 on DATE_PLACEHOLDER"",""url"":""""}]}",2009-04-24 | 2009-01-05 | 2009-04-16,LUFTHANSA / SN AIRHOLDING (BRUSSELS AIRLINES),"{""code"":""MergerCaseType1"",""label"":""Merger""}",en,M.5335,METADATA_CASE,2009-06-22,,"{""items"":[{}]}",{DB05FDC4-35D4-419A-ABA9-07D0492A217B},"{""items"":[{""reference"":""C:2009:295:"",""webDescription"":"""",""pageNumber"":"""",""referenceNumber"":""295"",""referenceYear"":""2009"",""referenceSeries"":""C"",""publishedDate"":""2009-12-04""}]}",2009-12-04,,"{""items"":[{""reference"":""IP_09_974"",""webDescription"":"""",""publicationDate"":""2009-12-04""}]}",2009-12-04,"{""code"":""DecisionType20600"",""label"":""Art. 8(2) with conditions & obligations""}",en,M.5335-DEC{DB05FDC4-35D4-419A-ABA9-07D0492A217B},METADATA_DECISION
217,4045,https://ec.europa.eu/competition/mergers/cases/decisions/m4495_20070206_20230_de.pdf,M.4495-DEC43623-ATT9,Schiedsverfahren* | Schieds*,DE,"iese Entscheidungen blockieren können. Sollte keine Einigung erreicht werden, sieht der Vertrag ein Schiedsverfahren mit drei Schiedsrunden vor, bei der alle drei Gesellschafter gleichermaßen vertrete",2026-06-05T17:01:41.223528,,,9,DE,DDOC,Art. 9(3) partial referral -  - m4495-9(3)-DE,,,2007-03-12,de,METADATA_DECISION_ATTACHMENT,Section 1.2 of Form CO,,1,EN,https://ec.europa.eu/competition/mergers/cases/additional_data/511773.pdf,DOCS,M4495_Section1_2,2006-12-18,,,en,M.4495-ATT1,METADATA_CASE_ATTACHMENT,,Antitrust,ALFA ACCIAI / CRONIMET / REMONDIS / TSR GROUP,,2007-02-06,,"{""items"":[{""date"":""2007-01-10"",""name"":""Art. 9 request received on"",""type"":""MEvent12""},{""date"":""2007-01-16"",""name"":""Commitments submitted in N/1 on"",""type"":""MEvent3""}]}",2007-01-10 | 2007-01-16,,2006-12-08,Merger,,2007-02-06,,,2006-12-08,M.4495,4495,,,,,,,Council Regulation 139/2004,,,"{""code"":""NaceSectorsE_38_3"",""label"":""E.38.3 - Materials recovery""} | {""code"":""NaceSectorsG_46"",""label"":""G.46 - Wholesale trade, except of motor vehicles and motorcycles""}",Normal procedure,false,,,ALFA ACCIAI / CRONIMET / REMONDIS / TSR GROUP,,en,M.4495,METADATA_CASE,2007-02-06,,,43623,,,false,"{""items"":[{""reference"":""IP/07/146""}]}",,"{""code"":""DecisionType20230"",""label"":""Art. 9(3) partial referral""}",en,M.4495-DEC43623,METADATA_DECISION
218,4046,https://ec.europa.eu/competition/mergers/cases/decisions/m4495_20070206_20310_en.pdf,M.4495-DEC43624-ATT10,arbitrat*,EN,"e able to block decisions. In the event that no consensus can be reached, the Agreement foresees an arbitration mechanism with three arbitration rounds in which all three parties are equally represent",2026-06-05T17:01:42.078700,,,10,EN,DDOC,Art. 6(1)(b) -  - m4495,,,2007-03-12,en,METADATA_DECISION_ATTACHMENT,Section 1.2 of Form CO,,1,EN,https://ec.europa.eu/competition/mergers/cases/additional_data/511773.pdf,DOCS,M4495_Section1_2,2006-12-18,,,en,M.4495-ATT1,METADATA_CASE_ATTACHMENT,,Antitrust,ALFA ACCIAI / CRONIMET / REMONDIS / TSR GROUP,,2007-02-06,,"{""items"":[{""date"":""2007-01-10"",""name"":""Art. 9 request received on"",""type"":""MEvent12""},{""date"":""2007-01-16"",""name"":""Commitments submitted in N/1 on"",""type"":""MEvent3""}]}",2007-01-10 | 2007-01-16,,2006-12-08,Merger,,2007-02-06,,,2006-12-08,M.4495,4495,,,,,,,Council Regulation 139/2004,,,"{""code"":""NaceSectorsE_38_3"",""label"":""E.38.3 - Materials recovery""} | {""code"":""NaceSectorsG_46"",""label"":""G.46 - Wholesale trade, except of motor vehicles and motorcycles""}",Normal procedure,false,,,ALFA ACCIAI / CRONIMET / REMONDIS / TSR GROUP,,en,M.4495,METADATA_CASE,2007-02-06,,,43624,"{""items"":[{""reference"":""C62"",""publishedDate"":""2007-03-16"",""priorPublication"":""false""}]}",2007-03-16,false,"{""items"":[{""reference"":""IP/07/146""}]}",,"{""code"":""DecisionType20310"",""label"":""Art. 6(1)(b)""}",en,M.4495-DEC43624,METADATA_DECISION
219,4047,https://ec.europa.eu/competition/mergers/cases/decisions/m4494_20070220_20212_en.pdf,M.4494-DEC43643-ATT226,arbitrat*,EN,lve the dispute. If the parties to the supply agreements cannot agree on this proposal a fast-track arbitration procedure is foreseen. C. Assessment of the remedies 1. Introduction 152. Where a propos,2026-06-05T17:01:46.511193,,,226,EN,DDOC,Art. 6(1)(b) with conditions & obligations -  - m4494-6(2),,,2007-06-04,en,METADATA_DECISION_ATTACHMENT,Section 1.2 of Form CO,,1,EN,https://ec.europa.eu/competition/mergers/cases/additional_data/514122.pdf,DOCS,M4494_Section1_2,2007-01-04,,,en,M.4494-ATT1,METADATA_CASE_ATTACHMENT,,Antitrust,EVRAZ / HIGHVELD,,,,"{""items"":[{""date"":""2007-01-30"",""name"":""Commitments submitted in N/1 on"",""type"":""MEvent3""}]}",2007-01-30,,2006-12-22,Merger,,2019-09-24,,,2006-12-22,M.4494,4494,,,,,,,Council Regulation 139/2004,,,"{""code"":""NaceSectorsB_7_1_0"",""label"":""B.07.10 - Mining of iron ores""} | {""code"":""NaceSectorsC_24_1_0"",""label"":""C.24.10 - Manufacture of basic iron and steel and of ferro-alloys""}",Normal procedure,false,,,EVRAZ / HIGHVELD,,en,M.4494,METADATA_CASE,2007-02-20,,,43643,"{""items"":[{""reference"":""C126"",""publishedDate"":""2007-06-07"",""priorPublication"":""false""}]}",2007-06-07,false,"{""items"":[{""reference"":""IP/07/207""}]}",,"{""code"":""DecisionType20212"",""label"":""Art. 6(1)(b) with conditions & obligations""}",en,M.4494-DEC43643,METADATA_DECISION
220,4090,https://ec.europa.eu/competition/mergers/cases/decisions/m5364_20090109_20212_es.pdf,M.5364-DEC{DAA42330-B239-4073-B175-DB067A01FEE6}-ATT431,arbitraj* | procedimiento arbitral*,ES,ue nombre al tercer árbitro. 6.6 Los árbitros deberán ser instruidos para establecer un tribunal de arbitraje y emitir una decisión preliminar sobre las cuestiones debatidas en el plazo de un(1) mes d,2026-06-05T17:02:20.804705,"{""code"":""DocumentCategory0587"",""label"":""Decision - web publication""}",2009-03-27,431,ES,,,,,2009-03-27,es,METADATA_DECISION_ATTACHMENT,"{""code"":""DocumentCategory0250"",""label"":""Description of the concentration""}",,1,EN,https://ec.europa.eu/competition/mergers/cases/additional_data/788664.pdf,,,2008-11-13,Section 1.2 of Form CO,,en,M.5364-ATT1,METADATA_CASE_ATTACHMENT,,,,,,Competition DG,,,"{""items"":[{}]}",2008-10-03,Merger,,2021-11-15,,,2008-11-11,M.5364,5364,"{""items"":[{""reference"":""C:2008:296:"",""webDescription"":"""",""pageNumber"":"""",""referenceNumber"":""296"",""referenceYear"":""2008"",""referenceSeries"":""C"",""publishedDate"":""2008-11-19""}]}",2008-11-19,"{""items"":[{}]}",,,,Council Regulation 139/2004,,,"{""code"":""NaceSectorsH_51_1"",""label"":""H.51.1 - Passenger air transport""}",Normal,,"{""items"":[{""date"":""2008-12-09"",""description"":""Changed deadline - Commitments submitted in N/1 on 09.12.2008"",""type"":""MEvent3"",""label"":""Changed deadline - Commitments submitted in N/1 on DATE_PLACEHOLDER"",""url"":""""},{""date"":""2008-12-05"",""description"":""Changed deadline - Art. 9 request received on 05.12.2008"",""type"":""MEvent30"",""label"":""Changed deadline - Art. 9 request received on DATE_PLACEHOLDER"",""url"":""""}]}",2008-12-09 | 2008-12-05,IBERIA /  VUELING / CLICKAIR,"{""code"":""MergerCaseType1"",""label"":""Merger""}",en,M.5364,METADATA_CASE,2009-01-09,,"{""items"":[{}]}",{DAA42330-B239-4073-B175-DB067A01FEE6},"{""items"":[{""reference"":""C:2009:072:"",""webDescription"":"""",""pageNumber"":"""",""referenceNumber"":""72"",""referenceYear"":""2009"",""referenceSeries"":""C"",""publishedDate"":""2009-03-26""}]}",2009-03-26,,"{""items"":[{""reference"":""IP_09_29"",""webDescription"":"""",""publicationDate"":""2009-03-26""}]}",2009-03-26,"{""code"":""DecisionType20212"",""label"":""Art. 6(1)(b) with conditions & obligations""}",en,M.5364-DEC{DAA42330-B239-4073-B175-DB067A01FEE6},METADATA_DECISION
221,4091,https://ec.europa.eu/competition/mergers/cases/decisions/m5364_20090109_20212_en.pdf,M.5364-DEC{DAA42330-B239-4073-B175-DB067A01FEE6}-ATT433,arbitrat*,EN,"and consultation as provided for in the previous paragraph, the Requesting Party shall nominate an arbitrator. 6.4 The Parties shall, within two (2) weeks of receiving notification in writing of the",2026-06-05T17:02:22.826346,"{""code"":""DocumentCategory0587"",""label"":""Decision - web publication""}",2009-03-24,433,EN,,,,,2009-03-24,en,METADATA_DECISION_ATTACHMENT,"{""code"":""DocumentCategory0250"",""label"":""Description of the concentration""}",,1,EN,https://ec.europa.eu/competition/mergers/cases/additional_data/788664.pdf,,,2008-11-13,Section 1.2 of Form CO,,en,M.5364-ATT1,METADATA_CASE_ATTACHMENT,,,,,,Competition DG,,,"{""items"":[{}]}",2008-10-03,Merger,,2021-11-15,,,2008-11-11,M.5364,5364,"{""items"":[{""reference"":""C:2008:296:"",""webDescription"":"""",""pageNumber"":"""",""referenceNumber"":""296"",""referenceYear"":""2008"",""referenceSeries"":""C"",""publishedDate"":""2008-11-19""}]}",2008-11-19,"{""items"":[{}]}",,,,Council Regulation 139/2004,,,"{""code"":""NaceSectorsH_51_1"",""label"":""H.51.1 - Passenger air transport""}",Normal,,"{""items"":[{""date"":""2008-12-09"",""description"":""Changed deadline - Commitments submitted in N/1 on 09.12.2008"",""type"":""MEvent3"",""label"":""Changed deadline - Commitments submitted in N/1 on DATE_PLACEHOLDER"",""url"":""""},{""date"":""2008-12-05"",""description"":""Changed deadline - Art. 9 request received on 05.12.2008"",""type"":""MEvent30"",""label"":""Changed deadline - Art. 9 request received on DATE_PLACEHOLDER"",""url"":""""}]}",2008-12-09 | 2008-12-05,IBERIA /  VUELING / CLICKAIR,"{""code"":""MergerCaseType1"",""label"":""Merger""}",en,M.5364,METADATA_CASE,2009-01-09,,"{""items"":[{}]}",{DAA42330-B239-4073-B175-DB067A01FEE6},"{""items"":[{""reference"":""C:2009:072:"",""webDescription"":"""",""pageNumber"":"""",""referenceNumber"":""72"",""referenceYear"":""2009"",""referenceSeries"":""C"",""publishedDate"":""2009-03-26""}]}",2009-03-26,,"{""items"":[{""reference"":""IP_09_29"",""webDescription"":"""",""publicationDate"":""2009-03-26""}]}",2009-03-26,"{""code"":""DecisionType20212"",""label"":""Art. 6(1)(b) with conditions & obligations""}",en,M.5364-DEC{DAA42330-B239-4073-B175-DB067A01FEE6},METADATA_DECISION
222,4188,https://ec.europa.eu/competition/mergers/cases/decisions/m3916_20060426_20600_de.pdf,M.3916-DEC43127-ATT13,Schieds*,DE,bei Meinungsverschiedenheiten zwischen T-Mobile einerseits und H3G und ONE andererseits die RTR als Schiedsrichter fungieren soll. b. Technische Auswirkungen der Zusagen (141) Die beiden Zusagenelemen,2026-06-05T17:03:26.813721,,,13,DE,DDOC,Art. 8(2) with conditions & obligations -  - m3916-8(2)-DE,,,2006-08-01,de,METADATA_DECISION_ATTACHMENT,,,,,,,,,,,,,,,Antitrust,T-MOBILE AUSTRIA / TELE.RING,,,,"{""items"":[{""date"":""2005-10-18"",""name"":""Commitments submitted in N/1 on"",""type"":""MEvent3""},{""date"":""2005-12-01"",""name"":""Commitments submitted in N/2 on"",""type"":""MEvent46""},{""date"":""2006-02-21"",""name"":""Deadline extended by 20 working days under article 10(3)2 on"",""type"":""MEvent10""}]}",2005-10-18 | 2005-12-01 | 2006-02-21,,2005-09-21,Merger,,2006-04-26,,,2005-09-21,M.3916,3916,{},,{},,,,Council Regulation 139/2004,,,"{""code"":""NaceSectorsJ_61"",""label"":""J.61 - Telecommunications""}",Normal procedure,,,,T-MOBILE AUSTRIA / TELE.RING,,en,M.3916,METADATA_CASE,2006-04-26,32007D0193,,43127,"{""items"":[{""reference"":""L88"",""publishedDate"":""2007-03-29"",""priorPublication"":""false""}]}",2007-03-29,false,"{""items"":[{""reference"":""IP/06/535""}]}",,"{""code"":""DecisionType20600"",""label"":""Art. 8(2) with conditions & obligations""}",en,M.3916-DEC43127,METADATA_DECISION
223,4217,https://ec.europa.eu/competition/mergers/cases/decisions/m3940_20051222_20212_de.pdf,M.3940-DEC{900EF7D9-7CD0-4389-A81A-487B1C5DF8C1}-ATT33,Schiedsgericht* | Schiedsverfahren* | Schieds*,DE,"peration und Konsultation gemäß Abschnitt 12.2 beilegen können, benennt die Anfragende Partei einen Schiedsrichter. 12.4 Das Zusammengeschlossene Unternehmen benennt innerhalb einer Frist von zwei Woc",2026-06-05T17:03:47.543074,"{""code"":""DocumentCategory0587"",""label"":""Decision - web publication""}",2006-01-20,33,DE,,,,,2006-01-20,de,METADATA_DECISION_ATTACHMENT,,,,,,,,,,,,,,,,,,,Competition DG,,,"{""items"":[{}]}",2005-08-02,Merger,,2005-12-22,,,2005-11-04,M.3940,3940,"{""items"":[{""reference"":""C:2005:282:"",""webDescription"":"""",""pageNumber"":"""",""referenceNumber"":""282"",""referenceYear"":""2005"",""referenceSeries"":""C"",""publishedDate"":""2005-11-15""}]}",2005-11-15,"{""items"":[{}]}",,,,Council Regulation 139/2004,,,"{""code"":""NaceSectorsH_51_1_0"",""label"":""H.51.10 - Passenger air transport""}",Normal,,"{""items"":[{""date"":""2005-12-02"",""description"":""Changed deadline - Commitments submitted in N/1 on 02.12.2005"",""type"":""MEvent3"",""label"":""Changed deadline - Commitments submitted in N/1 on DATE_PLACEHOLDER"",""url"":""""}]}",2005-12-02,LUFTHANSA / EUROWINGS,"{""code"":""MergerCaseType1"",""label"":""Merger""}",en,M.3940,METADATA_CASE,2005-12-22,,"{""items"":[{}]}",{900EF7D9-7CD0-4389-A81A-487B1C5DF8C1},"{""items"":[{""reference"":""C:2006:018:"",""webDescription"":"""",""pageNumber"":"""",""referenceNumber"":""18"",""referenceYear"":""2006"",""referenceSeries"":""C"",""publishedDate"":""2006-01-25""}]}",2006-01-25,,"{""items"":[{""reference"":""IP_05_1703"",""webDescription"":"""",""publicationDate"":""2006-01-25""}]}",2006-01-25,"{""code"":""DecisionType20212"",""label"":""Art. 6(1)(b) with conditions & obligations""}",en,M.3940-DEC{900EF7D9-7CD0-4389-A81A-487B1C5DF8C1},METADATA_DECISION
224,4281,https://ec.europa.eu/competition/mergers/cases/decisions/m4835_20080630_20212_en.pdf,M.4835-DEC44540-ATT8,arbitrat*,EN,"through co-operation and consultation, the Initiating Party shall within seven (7) days initiate an arbitration process. (iv) To initiate the arbitration process, the Initiating Party shall give writt",2026-06-05T17:04:34.875219,,,8,EN,DDOC,Art. 6(1)(b) with conditions & obligations -  - m4835-6(2),,,2009-02-17,en,METADATA_DECISION_ATTACHMENT,,,,,,,,,,,,,,,Antitrust,HEXION / HUNTSMAN,,,,"{""items"":[{""date"":""2008-06-09"",""name"":""Commitments submitted in N/1 on"",""type"":""MEvent3""}]}",2008-06-09,,2008-05-08,Merger,,2008-06-30,,,2008-05-08,M.4835,4835,{},,{},,,,Council Regulation 139/2004,,,"{""code"":""NaceSectorsC_20"",""label"":""C.20 - Manufacture of chemicals and chemical products""}",Normal procedure,,,,HEXION / HUNTSMAN,,en,M.4835,METADATA_CASE,2008-06-30,,,44540,,,false,"{""items"":[{""reference"":""IP/08/1060""}]}",,"{""code"":""DecisionType20212"",""label"":""Art. 6(1)(b) with conditions & obligations""}",en,M.4835-DEC44540,METADATA_DECISION
225,4303,https://ec.europa.eu/competition/mergers/cases/decisions/m4844_20071003_20212_en.pdf,M.4844-DEC44082-ATT182,arbitrat*,EN,will be appointed and finally if there is still no agreement the consortium members shall refer to arbitration with the International Chamber of Commerce. On the advice of the Dutch Central Bank the,2026-06-05T17:04:49.056659,,,182,EN,DDOC,Art. 6(1)(b) with conditions & obligations -  - m4844-6(2),,,2007-10-31,en,METADATA_DECISION_ATTACHMENT,Section 1.2 of Form CO,,1,EN,https://ec.europa.eu/competition/mergers/cases/additional_data/592606.pdf,DOCS,M4844_Section1_2,2007-08-17,,,en,M.4844-ATT1,METADATA_CASE_ATTACHMENT,,Antitrust,FORTIS / ABN AMRO ASSETS,,,,"{""items"":[{""date"":""2007-09-12"",""name"":""Commitments submitted in N/1 on"",""type"":""MEvent3""}]}",2007-09-12,,2007-08-14,Merger,,2007-10-03,,,2007-08-14,M.4844,4844,{},,{},,,,Council Regulation 139/2004,,,"{""code"":""NaceSectorsK_64"",""label"":""K.64 - Financial service activities, except insurance and pension funding""} | {""code"":""NaceSectorsK_65"",""label"":""K.65 - Insurance, reinsurance and pension funding, except compulsory social security""}",Normal procedure,,,,FORTIS / ABN AMRO ASSETS,,en,M.4844,METADATA_CASE,2007-10-03,,,44082,"{""items"":[{""reference"":""C265"",""publishedDate"":""2007-11-07"",""priorPublication"":""false""}]}",2007-11-07,false,"{""items"":[{""reference"":""IP/07/1442""}]}",,"{""code"":""DecisionType20212"",""label"":""Art. 6(1)(b) with conditions & obligations""}",en,M.4844-DEC44082,METADATA_DECISION
226,4311,https://ec.europa.eu/competition/mergers/cases/decisions/m3998_20060519_20212_en.pdf,M.3998-DEC43163-ATT33,arbitrat*,EN,ny dispute that may arise in relation to the two above commitments will be resolved by a fast-track arbitration procedure. 3) Suitability for removing the serious doubts (a) The Intellectual Property,2026-06-05T17:04:54.260357,,,33,EN,DDOC,Art. 6(1)(b) with conditions & obligations -  - m3998-6(2),,,2006-08-14,en,METADATA_DECISION_ATTACHMENT,FormCO Section 1.2,,2,EN,https://ec.europa.eu/competition/mergers/cases/additional_data/367938.pdf,DOCS,M,2006-04-05,,,en,M.3998-ATT2,METADATA_CASE_ATTACHMENT,,Antitrust,AXALTO / GEM PLUS | AXALTO / GEMPLUS,,,,"{""items"":[{""date"":""2006-04-26"",""name"":""Commitments submitted in N/1 on"",""type"":""MEvent3""}]}",2006-04-26,,2006-03-24,Merger,,2006-05-19,,,2006-03-24,M.3998,3998,,,,,,,Council Regulation 139/2004,,,"{""code"":""NaceSectorsC_26_2"",""label"":""C.26.2 - Manufacture of computers and peripheral equipment""}",Normal procedure,false,,,AXALTO / GEMPLUS,,en,M.3998,METADATA_CASE,2006-05-19,,,43163,"{""items"":[{""reference"":""C196"",""publishedDate"":""2006-08-19"",""priorPublication"":""false""}]}",2006-08-19,false,"{""items"":[{""reference"":""IP/06/664""}]}",,"{""code"":""DecisionType20212"",""label"":""Art. 6(1)(b) with conditions & obligations""}",en,M.3998-DEC43163,METADATA_DECISION
227,4314,https://ec.europa.eu/competition/mergers/cases/decisions/m4842_20071031_20212_en.pdf,M.4842-DEC44133-ATT12,arbitrat*,EN,"of effective competition on the relevant markets. Such supply agreements should include fast track arbitration 37 clauses by a third party, should a dispute arise at a later stage. This paragraph doe",2026-06-05T17:04:58.215043,,,12,EN,DDOC,Art. 6(1)(b) with conditions & obligations -  - m4842-6(2),,,2007-11-22,en,METADATA_DECISION_ATTACHMENT,Section 1.2. of Form CO,,1,EN,https://ec.europa.eu/competition/mergers/cases/additional_data/598444.pdf,DOCS,M4842_Section1_2,2007-09-13,,,en,M.4842-ATT1,METADATA_CASE_ATTACHMENT,,Antitrust,DANONE / NUMICO ,,,,"{""items"":[{""date"":""2007-10-10"",""name"":""Commitments submitted in N/1 on"",""type"":""MEvent3""}]}",2007-10-10,,2007-09-12,Merger,,2007-10-31,,,2007-09-12,M.4842,4842,,,,,,,Council Regulation 139/2004,,,"{""code"":""NaceSectorsC_10"",""label"":""C.10 - Manufacture of food products""}",Normal procedure,false,,,DANONE / NUMICO ,,en,M.4842,METADATA_CASE,2007-10-31,,,44133,"{""items"":[{""reference"":""C284"",""publishedDate"":""2007-11-27"",""priorPublication"":""false""}]}",2007-11-27,false,"{""items"":[{""reference"":""IP/07/1631""}]}",,"{""code"":""DecisionType20212"",""label"":""Art. 6(1)(b) with conditions & obligations""}",en,M.4842-DEC44133,METADATA_DECISION
228,4416,https://ec.europa.eu/competition/mergers/cases/decisions/m4404_20070522_20600_en.pdf,M.4404-DEC43798-ATT17,arbitrat*,EN,"vestigation. The mechanisms range from specific bodies with jurisdiction to approve or set rates to arbitration bodies. The nature, jurisdictional scope, and respective powers of these mechanisms vary",2026-06-05T17:06:25.243701,,,17,EN,DDOC,Art. 8(2) with conditions & obligations -  - m4404-8(2)-EN,,,2007-07-19,en,METADATA_DECISION_ATTACHMENT,Section 1.2 of Form CO,,1,EN,https://ec.europa.eu/competition/mergers/cases/additional_data/500141.pdf,DOCS,M4404_Section1_2,2006-11-06,,,en,M.4404-ATT1,METADATA_CASE_ATTACHMENT,,Antitrust,UNIVERSAL MUSIC GROUP / BMG MUSIC PUBLISHING,,,,"{""items"":[{""date"":""2007-01-09"",""name"":""Deadline extended by 20 working days under article 10(3)2 on"",""type"":""MEvent10""},{""date"":""2007-03-15"",""name"":""Commitments submitted in N/2 on"",""type"":""MEvent46""}]}",2007-01-09 | 2007-03-15,,2006-11-03,Merger,,2007-05-22,,,2006-11-03,M.4404,4404,{},,{},,,,Council Regulation 139/2004,,,"{""code"":""NaceSectorsR_93_2_9"",""label"":""R.93.29 - Other amusement and recreation activities""} | {""code"":""NaceSectorsR_90_0"",""label"":""R.90.0 - Creative, arts and entertainment activities""}",Normal procedure,,,,UNIVERSAL MUSIC GROUP / BMG MUSIC PUBLISHING,,en,M.4404,METADATA_CASE,2007-05-22,32007D0595,,43798,"{""items"":[{""reference"":""L230"",""publishedDate"":""2007-09-01"",""priorPublication"":""false""}]}",2007-09-01,false,"{""items"":[{""reference"":""IP/07/695""}]}",,"{""code"":""DecisionType20600"",""label"":""Art. 8(2) with conditions & obligations""}",en,M.4404-DEC43798,METADATA_DECISION
229,4417,https://ec.europa.eu/competition/mergers/cases/decisions/m4404_20070522_20600_de.pdf,M.4404-DEC43798-ATT22,Schiedsgericht* | Schiedsverfahren* | Schieds*,DE,"55 Einrichtungen die für die Genehmigung bzw. Festsetzung der Gebührensätze zuständig sind, bis zu Schiedsgremien. Die Art, der Zuständigkeitsbereich und die jeweiligen Befugnisse dieser Einrichtunge",2026-06-05T17:06:36.142542,,,22,DE,DDOC,Art. 8(2) with conditions & obligations -  - m4404-8(2)-DE,,,2007-12-06,de,METADATA_DECISION_ATTACHMENT,Section 1.2 of Form CO,,1,EN,https://ec.europa.eu/competition/mergers/cases/additional_data/500141.pdf,DOCS,M4404_Section1_2,2006-11-06,,,en,M.4404-ATT1,METADATA_CASE_ATTACHMENT,,Antitrust,UNIVERSAL MUSIC GROUP / BMG MUSIC PUBLISHING,,,,"{""items"":[{""date"":""2007-01-09"",""name"":""Deadline extended by 20 working days under article 10(3)2 on"",""type"":""MEvent10""},{""date"":""2007-03-15"",""name"":""Commitments submitted in N/2 on"",""type"":""MEvent46""}]}",2007-01-09 | 2007-03-15,,2006-11-03,Merger,,2007-05-22,,,2006-11-03,M.4404,4404,{},,{},,,,Council Regulation 139/2004,,,"{""code"":""NaceSectorsR_93_2_9"",""label"":""R.93.29 - Other amusement and recreation activities""} | {""code"":""NaceSectorsR_90_0"",""label"":""R.90.0 - Creative, arts and entertainment activities""}",Normal procedure,,,,UNIVERSAL MUSIC GROUP / BMG MUSIC PUBLISHING,,en,M.4404,METADATA_CASE,2007-05-22,32007D0595,,43798,"{""items"":[{""reference"":""L230"",""publishedDate"":""2007-09-01"",""priorPublication"":""false""}]}",2007-09-01,false,"{""items"":[{""reference"":""IP/07/695""}]}",,"{""code"":""DecisionType20600"",""label"":""Art. 8(2) with conditions & obligations""}",en,M.4404-DEC43798,METADATA_DECISION
230,4418,https://ec.europa.eu/competition/mergers/cases/decisions/m4404_20070522_20600_fr.pdf,M.4404-DEC43798-ATT25,arbitrag*,FR,"es ayant le pouvoir d'approuver ou de fixer les montants de ces redevances que par des organismes d'arbitrage. La nature, le champ d'application et les pouvoirs respectifs de ces mécanismes varient se",2026-06-05T17:06:47.590240,,,25,FR,DDOC,Art. 8(2) with conditions & obligations -  - m4404-8(2)-FR,,,2008-02-05,fr,METADATA_DECISION_ATTACHMENT,Section 1.2 of Form CO,,1,EN,https://ec.europa.eu/competition/mergers/cases/additional_data/500141.pdf,DOCS,M4404_Section1_2,2006-11-06,,,en,M.4404-ATT1,METADATA_CASE_ATTACHMENT,,Antitrust,UNIVERSAL MUSIC GROUP / BMG MUSIC PUBLISHING,,,,"{""items"":[{""date"":""2007-01-09"",""name"":""Deadline extended by 20 working days under article 10(3)2 on"",""type"":""MEvent10""},{""date"":""2007-03-15"",""name"":""Commitments submitted in N/2 on"",""type"":""MEvent46""}]}",2007-01-09 | 2007-03-15,,2006-11-03,Merger,,2007-05-22,,,2006-11-03,M.4404,4404,{},,{},,,,Council Regulation 139/2004,,,"{""code"":""NaceSectorsR_93_2_9"",""label"":""R.93.29 - Other amusement and recreation activities""} | {""code"":""NaceSectorsR_90_0"",""label"":""R.90.0 - Creative, arts and entertainment activities""}",Normal procedure,,,,UNIVERSAL MUSIC GROUP / BMG MUSIC PUBLISHING,,en,M.4404,METADATA_CASE,2007-05-22,32007D0595,,43798,"{""items"":[{""reference"":""L230"",""publishedDate"":""2007-09-01"",""priorPublication"":""false""}]}",2007-09-01,false,"{""items"":[{""reference"":""IP/07/695""}]}",,"{""code"":""DecisionType20600"",""label"":""Art. 8(2) with conditions & obligations""}",en,M.4404-DEC43798,METADATA_DECISION
232,4423,https://ec.europa.eu/competition/mergers/cases/decisions/m4403_20070404_20682_fr.pdf,M.4403-DEC43733-ATT23,arbitrag*,FR,"fourniture de TOP excédant 4,58 millions d’euros; − soumission de tout litige avec les clients à un arbitrage; − Thales s’est engagé à ne pas octroyer à SCS des droits ou pouvoirs dans l’activité TOP",2026-06-05T17:07:06.296953,,,23,FR,DDOC,Art. 8(1) -  - m4403-8(1)-FR,,,2009-01-22,fr,METADATA_DECISION_ATTACHMENT,Advisory Committee Opinion - FR,,9,EN,https://ec.europa.eu/competition/mergers/cases/additional_data/829666.pdf,DOCS,Advisory Committee Opinion - FR,2009-01-21,,,en,M.4403-ATT9,METADATA_CASE_ATTACHMENT,,Antitrust,THALES / FINMECCANICA / ALCATEL ALENIA SPACE | THALES / FINMECCANICA / AAS / TELESPAZIO,,2007-04-17,,"{""items"":[{""date"":""2006-11-07"",""name"":""Commitments submitted in N/1 on"",""type"":""MEvent3""}]}",2006-11-07,,2006-10-06,Merger,,2007-04-04,,,2006-10-06,M.4403,4403,{},,{},,,,Council Regulation 139/2004,,,"{""code"":""NaceSectorsC_30_3"",""label"":""C.30.3 - Manufacture of air and spacecraft and related machinery""}",Normal procedure,,,,THALES / FINMECCANICA / AAS / TELESPAZIO,,en,M.4403,METADATA_CASE,2007-04-04,,,43733,"{""items"":[{""reference"":""C34"",""publishedDate"":""2009-02-11"",""priorPublication"":""false""}]}",2009-02-11,false,"{""items"":[{""reference"":""IP/07/477  ""}]}",,"{""code"":""DecisionType20682"",""label"":""Art. 8(1)""}",en,M.4403-DEC43733,METADATA_DECISION
231,4422,https://ec.europa.eu/competition/mergers/cases/decisions/m4403_20070404_20682_en.pdf,M.4403-DEC43733-ATT22,arbitrat*,EN,"in excess of EUR 4.58 million; − Thomson CSF/TTE undertook to submit any dispute with customers to arbitration; − Thales undertook not to confer any right or power in TTE’s TWT activity on SCS and, f",2026-06-05T17:07:07.602392,,,22,EN,DDOC,Art. 8(1) - Modified public version EN - m4403-8(1)-EN,,,2009-01-22,en,METADATA_DECISION_ATTACHMENT,Advisory Committee Opinion - FR,,9,EN,https://ec.europa.eu/competition/mergers/cases/additional_data/829666.pdf,DOCS,Advisory Committee Opinion - FR,2009-01-21,,,en,M.4403-ATT9,METADATA_CASE_ATTACHMENT,,Antitrust,THALES / FINMECCANICA / ALCATEL ALENIA SPACE | THALES / FINMECCANICA / AAS / TELESPAZIO,,2007-04-17,,"{""items"":[{""date"":""2006-11-07"",""name"":""Commitments submitted in N/1 on"",""type"":""MEvent3""}]}",2006-11-07,,2006-10-06,Merger,,2007-04-04,,,2006-10-06,M.4403,4403,{},,{},,,,Council Regulation 139/2004,,,"{""code"":""NaceSectorsC_30_3"",""label"":""C.30.3 - Manufacture of air and spacecraft and related machinery""}",Normal procedure,,,,THALES / FINMECCANICA / AAS / TELESPAZIO,,en,M.4403,METADATA_CASE,2007-04-04,,,43733,"{""items"":[{""reference"":""C34"",""publishedDate"":""2009-02-11"",""priorPublication"":""false""}]}",2009-02-11,false,"{""items"":[{""reference"":""IP/07/477  ""}]}",,"{""code"":""DecisionType20682"",""label"":""Art. 8(1)""}",en,M.4403-DEC43733,METADATA_DECISION
233,4424,https://ec.europa.eu/competition/mergers/cases/decisions/m4403_20070404_20682_de.pdf,M.4403-DEC43733-ATT24,Schiedsverfahren* | Schieds*,DE,R zu konsultieren ist. − Thomson CSF/TTE verpflichtete sich Streitfragen mit Kunden im Rahmen eines Schiedsverfahrens zu lösen. − Thales verpflichtete sich SCS keine Rechte und Möglichkeiten in Bezug,2026-06-05T17:07:15.770227,,,24,DE,DDOC,Art. 8(1) -  - m4403-8(1)-DE,,,2009-01-22,de,METADATA_DECISION_ATTACHMENT,Advisory Committee Opinion - FR,,9,EN,https://ec.europa.eu/competition/mergers/cases/additional_data/829666.pdf,DOCS,Advisory Committee Opinion - FR,2009-01-21,,,en,M.4403-ATT9,METADATA_CASE_ATTACHMENT,,Antitrust,THALES / FINMECCANICA / ALCATEL ALENIA SPACE | THALES / FINMECCANICA / AAS / TELESPAZIO,,2007-04-17,,"{""items"":[{""date"":""2006-11-07"",""name"":""Commitments submitted in N/1 on"",""type"":""MEvent3""}]}",2006-11-07,,2006-10-06,Merger,,2007-04-04,,,2006-10-06,M.4403,4403,{},,{},,,,Council Regulation 139/2004,,,"{""code"":""NaceSectorsC_30_3"",""label"":""C.30.3 - Manufacture of air and spacecraft and related machinery""}",Normal procedure,,,,THALES / FINMECCANICA / AAS / TELESPAZIO,,en,M.4403,METADATA_CASE,2007-04-04,,,43733,"{""items"":[{""reference"":""C34"",""publishedDate"":""2009-02-11"",""priorPublication"":""false""}]}",2009-02-11,false,"{""items"":[{""reference"":""IP/07/477  ""}]}",,"{""code"":""DecisionType20682"",""label"":""Art. 8(1)""}",en,M.4403-DEC43733,METADATA_DECISION
234,4487,https://ec.europa.eu/competition/mergers/cases/decisions/m3570_20041122_20212_it.pdf,M.3570-DEC37953-ATT10,arbitral*,IT,"a condizione della presente decisione, mentre gli altri profili dell’impegno relativi alla clausola arbitrale e agli oneri informativi costituiscono degli obblighi che la parte è tenuta a rispettare.",2026-06-05T17:08:00.127134,,,10,IT,DDOC,Art. 6(1)(b) with conditions & obligations -  - m3570-6(2)-IT,,,2005-01-06,it,METADATA_DECISION_ATTACHMENT,,,,,,,,,,,,,,,Antitrust,PIAGGIO / APRILIA,,,,,,,2004-10-05,Merger,,2004-11-22,,,2004-10-05,M.3570,3570,,,,,,,Council Regulation 139/2004,,,"{""code"":""NaceSectorsC_30_9_1"",""label"":""C.30.91 - Manufacture of motorcycles""}",Normal procedure,false,,,PIAGGIO / APRILIA,,en,M.3570,METADATA_CASE,2004-11-22,,,37953,"{""items"":[{""reference"":""C7"",""publishedDate"":""2005-01-11"",""priorPublication"":""false""}]}",2005-01-11,false,"{""items"":[{""reference"":""IP/04/1393""}]}",,"{""code"":""DecisionType20212"",""label"":""Art. 6(1)(b) with conditions & obligations""}",en,M.3570-DEC37953,METADATA_DECISION
235,4496,https://ec.europa.eu/competition/mergers/cases/decisions/m5756_1418_2.pdf,M.5756-DEC45607-ATT1418,arbitrat*,EN,f DFDS) and at least one month before changes in schedule. 11. Choice of law English law and London arbitration. 12. Other Principles of current agreement with Norfolkline Shipping B.V. to serve as re,2026-06-05T17:08:07.634815,,,1418,EN,DDOC,Art. 6(1)(b) with conditions & obligations -  - m5756-6(2),2010-09-03,,2010-09-02,en,METADATA_DECISION_ATTACHMENT,Section 1.2 of Form CO,,265,EN,https://ec.europa.eu/competition/mergers/cases/additional_data/M.5756_265_3.pdf,DOCS,M5756_Section1_2,2010-04-27,,2010-04-26,en,M.5756-ATT265,METADATA_CASE_ATTACHMENT,,Antitrust,DFDS / NORFOLK,,,,"{""items"":[{""date"":""2010-05-27"",""name"":""Commitments submitted in N/1 on"",""type"":""MEvent3""}]}",2010-05-27,,2010-04-26,Merger,,2010-06-17,,,2010-04-26,M.5756,5756,,,,,,,Council Regulation 139/2004,,,"{""code"":""NaceSectorsH_50_2_0"",""label"":""H.50.20 - Sea and coastal freight water transport""} | {""code"":""NaceSectorsH_52_2_2"",""label"":""H.52.22 - Service activities incidental to water transportation""} | {""code"":""NaceSectorsH_50_1_0"",""label"":""H.50.10 - Sea and coastal passenger water transport""} | {""code"":""NaceSectorsH_52"",""label"":""H.52 - Warehousing and support activities for transportation""}",Normal procedure,false,,,DFDS / NORFOLK,,en,M.5756,METADATA_CASE,2010-06-17,,,45607,"{""items"":[{""reference"":""C241"",""publishedDate"":""2010-09-08"",""priorPublication"":""false""}]}",2010-09-08,false,"{""items"":[{""reference"":""IP/10/756""}]}",,"{""code"":""DecisionType20212"",""label"":""Art. 6(1)(b) with conditions & obligations""}",en,M.5756-DEC45607,METADATA_DECISION
236,4528,https://ec.europa.eu/competition/mergers/cases/decisions/m4439_20070627_20610_fr.pdf,M.4439-DEC43873-ATT55,arbitrag*,FR,nt nécessairement en parallèle puisque des différences significatives créeraient des opportunités d’arbitrage avantageux (c’est cette correction qui permet aux prix de 89 La Commission a mené une anal,2026-06-05T17:09:43.867256,,,55,FR,DDOC,Art. 8(3) -  - m4439-8(3)-FR,,,2008-02-28,fr,METADATA_DECISION_ATTACHMENT,Press release,,46,EN,https://ec.europa.eu/competition/mergers/http://europa.eu/rapid/pressReleasesAction.do?reference=MEMO/10/300&format=HTML&aged=0&language=EN&guiLanguage=en,URLS,Commission welcomes General Court rulings in Ryanair case,2006-11-03,,2010-07-06,en,M.4439-ATT46,METADATA_CASE_ATTACHMENT,,Antitrust,RYANAIR / AER LINGUS,,,,"{""items"":[{""date"":""2006-11-29"",""name"":""Commitments submitted in N/1 on"",""type"":""MEvent3""},{""date"":""2007-05-03"",""name"":""Commitments submitted in N/2 on"",""type"":""MEvent4""},{""date"":""2007-02-22"",""name"":""Deadline extended by 20 working days under article 10(3)2 on"",""type"":""MEvent10""}]}",2006-11-29 | 2007-05-03 | 2007-02-22,,2006-10-30,Merger,,2007-10-11,,M.6663,2006-10-30,M.4439,4439,{},,{},,,,Council Regulation 139/2004,,,"{""code"":""NaceSectorsH_51_1_0"",""label"":""H.51.10 - Passenger air transport""}",Normal procedure,,,,RYANAIR / AER LINGUS,,en,M.4439,METADATA_CASE,2007-06-27,,,43873,"{""items"":[{""reference"":""C47"",""publishedDate"":""2008-02-20"",""priorPublication"":""false""}]}",2008-02-20,false,"{""items"":[{""reference"":""IP/07/893""}]}",,"{""code"":""DecisionType20610"",""label"":""Art. 8(3)""}",en,M.4439-DEC43873,METADATA_DECISION
237,4529,https://ec.europa.eu/competition/mergers/cases/decisions/m4439_20070627_20610_de.pdf,M.4439-DEC43873-ATT56,Schieds*,DE,"Berücksichtigung des eingeschränkten Zeitraums des Charterflugbetriebs auf dieser Strecke, des Unterschieds bezüglich des an die Endkunden verkauften Produkts und der verwendeten Vertriebswege (Reisev",2026-06-05T17:10:21.442598,,,56,DE,DDOC,Art. 8(3) -  - m4439-8(3)-DE,,,2008-02-28,de,METADATA_DECISION_ATTACHMENT,Press release,,46,EN,https://ec.europa.eu/competition/mergers/http://europa.eu/rapid/pressReleasesAction.do?reference=MEMO/10/300&format=HTML&aged=0&language=EN&guiLanguage=en,URLS,Commission welcomes General Court rulings in Ryanair case,2006-11-03,,2010-07-06,en,M.4439-ATT46,METADATA_CASE_ATTACHMENT,,Antitrust,RYANAIR / AER LINGUS,,,,"{""items"":[{""date"":""2006-11-29"",""name"":""Commitments submitted in N/1 on"",""type"":""MEvent3""},{""date"":""2007-05-03"",""name"":""Commitments submitted in N/2 on"",""type"":""MEvent4""},{""date"":""2007-02-22"",""name"":""Deadline extended by 20 working days under article 10(3)2 on"",""type"":""MEvent10""}]}",2006-11-29 | 2007-05-03 | 2007-02-22,,2006-10-30,Merger,,2007-10-11,,M.6663,2006-10-30,M.4439,4439,{},,{},,,,Council Regulation 139/2004,,,"{""code"":""NaceSectorsH_51_1_0"",""label"":""H.51.10 - Passenger air transport""}",Normal procedure,,,,RYANAIR / AER LINGUS,,en,M.4439,METADATA_CASE,2007-06-27,,,43873,"{""items"":[{""reference"":""C47"",""publishedDate"":""2008-02-20"",""priorPublication"":""false""}]}",2008-02-20,false,"{""items"":[{""reference"":""IP/07/893""}]}",,"{""code"":""DecisionType20610"",""label"":""Art. 8(3)""}",en,M.4439-DEC43873,METADATA_DECISION
238,4610,https://ec.europa.eu/competition/mergers/cases/decisions/m4344_20060919_20310_fr.pdf,M.4344-DEC43374-ATT7,arbitrag*,FR,omaines réservés du pacte d’actionnaire ou par le comité des marques fera l’objet d’une procédure d’arbitrage auprès d’un tiers nommé par la chambre de commerce de Paris. 12. Au regard de tous les élé,2026-06-05T17:11:44.937898,,,7,FR,DDOC,Art. 6(1)(b) -  - m4344-FR,,,2007-07-05,fr,METADATA_DECISION_ATTACHMENT,Section 1.2 of Form CO,,2,EN,https://ec.europa.eu/competition/mergers/cases/additional_data/484600.pdf,DOCS,M4344_Section1_2,2006-08-28,,,en,M.4344-ATT2,METADATA_CASE_ATTACHMENT,,Antitrust,LACTALIS / NESTLE / JV (II),,2006-09-19,,,,,2006-08-14,Merger,,2006-09-19,,M.4156,2006-08-14,M.4344,4344,{},,{},,,,Council Regulation 139/2004,,,"{""code"":""NaceSectorsC_10_5_1"",""label"":""C.10.51 - Operation of dairies and cheese making""}",Normal procedure,,,,LACTALIS / NESTLE / JV (II),,en,M.4344,METADATA_CASE,2006-09-19,,,43374,"{""items"":[{""reference"":""C157"",""publishedDate"":""2007-07-10"",""priorPublication"":""false""}]}",2007-07-10,false,"{""items"":[{""reference"":""IP/06/1214 ""}]}",,"{""code"":""DecisionType20310"",""label"":""Art. 6(1)(b)""}",en,M.4344-DEC43374,METADATA_DECISION
239,4686,https://ec.europa.eu/competition/mergers/cases/decisions/m4381_20070510_20600_en.pdf,M.4381-DEC43788-ATT19,arbitrat*,EN,"hrough co- operation and consultation, the Initiating Party shall within seven (7) days initiate an arbitration process. (iv) To initiate the arbitration process, the Initiating Party shall give writt",2026-06-05T17:12:54.610484,,,19,EN,DDOC,Art. 8(2) with conditions & obligations -  - m4381-8(2)-EN,,,2009-05-05,en,METADATA_DECISION_ATTACHMENT,Hearing Officer Report - EN,,7,EN,https://ec.europa.eu/competition/mergers/cases/additional_data/920734.pdf,DOCS,Hearing Officer Report - EN,2009-04-24,,,en,M.4381-ATT7,METADATA_CASE_ATTACHMENT,,Antitrust,JCI / FIAMM,,,,"{""items"":[{""date"":""2007-03-09"",""name"":""Commitments submitted in N/2 on"",""type"":""MEvent4""}]}",2007-03-09,,2006-10-26,Merger,,2007-05-10,,,2006-10-26,M.4381,4381,{},,{},,,,Council Regulation 139/2004,,,"{""code"":""NaceSectorsC_27_3_2"",""label"":""C.27.32 - Manufacture of other electronic and electric wires and cables""}",Normal procedure,,,,JCI / FIAMM,,en,M.4381,METADATA_CASE,2007-05-10,,,43788,"{""items"":[{""reference"":""C241"",""publishedDate"":""2009-10-08"",""priorPublication"":""false""}]}",2009-10-08,false,"{""items"":[{""reference"":""IP/07/645  ""}]}",,"{""code"":""DecisionType20600"",""label"":""Art. 8(2) with conditions & obligations""}",en,M.4381-DEC43788,METADATA_DECISION
240,4819,https://ec.europa.eu/competition/mergers/cases/decisions/m3858_20050720_20310_en.pdf,M.3858-DEC42436-ATT3,arbitrat*,EN,"g plan and in case a final agreement is not reached, the dispute will be submitted to a third-party arbitrator. Third, the duration of the management agreements is [10-15] years3[...]4[…]. Fourth, Sta",2026-06-05T17:14:20.718958,,,3,EN,DDOC,Art. 6(1)(b) -  - m3858,,,2005-08-16,en,METADATA_DECISION_ATTACHMENT,,,,,,,,,,,,,,,Antitrust,LEHMAN BROTHERS / SCG / STARWOOD / LE MERIDIEN | LEHMAN / SGC / STARWOOD / LE MERIDIEN,,2005-07-20,,,,,2005-06-15,Merger,,2005-07-20,,,2005-06-15,M.3858,3858,{},,{},,,,Council Regulation 139/2004,,,"{""code"":""NaceSectorsI_55_1_0"",""label"":""I.55.10 - Hotels and similar accommodation""}",Normal procedure,,,,LEHMAN BROTHERS / SCG / STARWOOD / LE MERIDIEN,,en,M.3858,METADATA_CASE,2005-07-20,,,42436,"{""items"":[{""reference"":""C203"",""publishedDate"":""2005-08-19"",""priorPublication"":""false""}]}",2005-08-19,false,"{""items"":[{""reference"":""IP/05/996""}]}",,"{""code"":""DecisionType20310"",""label"":""Art. 6(1)(b)""}",en,M.3858-DEC42436,METADATA_DECISION
241,4842,https://ec.europa.eu/competition/mergers/cases/decisions/m3870_15_2.pdf,M.3870-DEC42398-ATT15,tribunal arbitral*,FR,", marquée par de nombreuses requêtes et interventions des fondateurs d’Otor. 6. Le 23 mars 2005, le Tribunal Arbitral conclut finalement que les conditions d’exercice des obligations convertibles d’Ot",2026-06-05T17:15:12.143279,,,15,FR,DDOC,Art. 7(3) (PN) -  - m3870-7(3)-FR,2012-08-08,,2012-08-06,fr,METADATA_DECISION_ATTACHMENT,,,,,,,,,,,,,,,Antitrust,CARLYLE / OTOR,,2005-08-17,,,,,2005-07-11,Merger,,2005-08-09,,,2005-07-11,M.3870,3870,,,,,,,Council Regulation 139/2004,,,"{""code"":""NaceSectorsC_17_1_2"",""label"":""C.17.12 - Manufacture of paper and paperboard""}",Simplified procedure,true,,,CARLYLE / OTOR,,en,M.3870,METADATA_CASE,2005-06-27,,,42398,,,false,,,"{""code"":""DecisionType2014"",""label"":""Art. 7(3)""}",en,M.3870-DEC42398,METADATA_DECISION
242,4860,https://ec.europa.eu/competition/mergers/cases/decisions/m4726_20080219_20600_fr.pdf,M.4726-DEC44280-ATT91,arbitrag*,FR,"n bourse, des analystes, des gestionnaires de portefeuille et des banques d'investissement pour les arbitrages quantitatifs, l'analyse et la modélisation. Pour les raisons détaillées ci-dessus, les of",2026-06-05T17:15:42.439529,,,91,FR,DDOC,Art. 8(2) with conditions & obligations -  - m4726-8(2)-FR,,,2008-09-25,fr,METADATA_DECISION_ATTACHMENT,Hearing Officer Report - EN,,8,EN,https://ec.europa.eu/competition/mergers/cases/additional_data/711585.pdf,DOCS,m4726-8(2)-EN-HO_Report,2008-06-23,,,en,M.4726-ATT8,METADATA_CASE_ATTACHMENT,,Antitrust,THOMSON CORPORATION / REUTERS GROUP,,,,"{""items"":[{""date"":""2007-12-06"",""name"":""Commitments submitted in N/2 on"",""type"":""MEvent46""},{""date"":""2007-10-29"",""name"":""Deadline extended by 10 working days under article 10(3)2 on"",""type"":""MEvent10""}]}",2007-12-06 | 2007-10-29,,2007-09-03,Merger,,2008-02-19,,,2007-09-03,M.4726,4726,{},,{},,,,Council Regulation 139/2004,,,"{""code"":""NaceSectorsJ_62_0"",""label"":""J.62.0 - Computer programming, consultancy and related activities""}",Normal procedure,,,,THOMSON CORPORATION / REUTERS GROUP,,en,M.4726,METADATA_CASE,2008-02-19,,,44280,"{""items"":[{""reference"":""C212"",""publishedDate"":""2008-08-20"",""priorPublication"":""false""}]}",2008-08-20,false,"{""items"":[{""reference"":""IP/08/260""}]}",,"{""code"":""DecisionType20600"",""label"":""Art. 8(2) with conditions & obligations""}",en,M.4726-DEC44280,METADATA_DECISION
243,4863,https://ec.europa.eu/competition/mergers/cases/decisions/m4734_20080130_20682_fr.pdf,M.4734-DEC44255-ATT14,arbitrag*,FR,"ers sites de production, de telle sorte que les clients disposent de suffisamment de possibilités d'arbitrage pour favoriser des conditions de concurrence homogènes dans l'ensemble de l'EEE. Cela cadr",2026-06-05T17:15:47.995056,,,14,FR,DDOC,Art. 8(1) -  - M4734-8(1)-FR,,,2008-08-19,fr,METADATA_DECISION_ATTACHMENT,Hearing Officer Report - EN,,7,EN,https://ec.europa.eu/competition/mergers/cases/additional_data/713430.pdf,DOCS,M4734-8(1)-EN-HO_Report,2008-06-25,,,en,M.4734-ATT7,METADATA_CASE_ATTACHMENT,,Antitrust,INEOS / NORSK HYDRO (polymers) | INEOS / KERLING,,2008-02-18,,"{""items"":[{""date"":""2007-08-17"",""name"":""Commitments submitted in N/1 on"",""type"":""MEvent3""},{""date"":""2007-10-29"",""name"":""Deadline suspension under Article 11(3) ended on"",""type"":""MEvent8""},{""date"":""2007-10-08"",""name"":""Deadline suspended under Article 11(3) [date may differ from the Article 11(3) decision date] from"",""type"":""MEvent7""}]}",2007-08-17 | 2007-10-29 | 2007-10-08,,2007-07-19,Merger,,2008-01-30,,,2007-07-19,M.4734,4734,{},,{},,,,Council Regulation 139/2004,,,"{""code"":""NaceSectorsC_20_1_6"",""label"":""C.20.16 - Manufacture of plastics in primary forms""} | {""code"":""NaceSectorsC_20_1_4"",""label"":""C.20.14 - Manufacture of other organic basic chemicals""} | {""code"":""NaceSectorsC_20"",""label"":""C.20 - Manufacture of chemicals and chemical products""} | {""code"":""NaceSectorsC_20_1"",""label"":""C.20.1 - Manufacture of basic chemicals, fertilisers and nitrogen compounds, plastics and synthetic rubber in primary forms""}",Normal procedure,,,,INEOS / KERLING,,en,M.4734,METADATA_CASE,2008-01-30,,,44255,"{""items"":[{""reference"":""C219"",""publishedDate"":""2008-08-28"",""priorPublication"":""false""}]}",2008-08-28,false,"{""items"":[{""reference"":""IP/08/109""}]}",,"{""code"":""DecisionType20682"",""label"":""Art. 8(1)""}",en,M.4734-DEC44255,METADATA_DECISION
244,4865,https://ec.europa.eu/competition/mergers/cases/decisions/m4734_20080130_20682_en.pdf,M.4734-DEC44255-ATT17,arbitrat*,EN,"their entire requirements to importers, it is an established fact that United Kingdom customers do arbitrate between United Kingdom and non-United Kingdom suppliers and that switching of significant",2026-06-05T17:15:56.875419,,,17,EN,DDOC,Art. 8(1) -  - M4734-8(1)-EN,,,2008-06-25,en,METADATA_DECISION_ATTACHMENT,Hearing Officer Report - EN,,7,EN,https://ec.europa.eu/competition/mergers/cases/additional_data/713430.pdf,DOCS,M4734-8(1)-EN-HO_Report,2008-06-25,,,en,M.4734-ATT7,METADATA_CASE_ATTACHMENT,,Antitrust,INEOS / NORSK HYDRO (polymers) | INEOS / KERLING,,2008-02-18,,"{""items"":[{""date"":""2007-08-17"",""name"":""Commitments submitted in N/1 on"",""type"":""MEvent3""},{""date"":""2007-10-29"",""name"":""Deadline suspension under Article 11(3) ended on"",""type"":""MEvent8""},{""date"":""2007-10-08"",""name"":""Deadline suspended under Article 11(3) [date may differ from the Article 11(3) decision date] from"",""type"":""MEvent7""}]}",2007-08-17 | 2007-10-29 | 2007-10-08,,2007-07-19,Merger,,2008-01-30,,,2007-07-19,M.4734,4734,{},,{},,,,Council Regulation 139/2004,,,"{""code"":""NaceSectorsC_20_1_6"",""label"":""C.20.16 - Manufacture of plastics in primary forms""} | {""code"":""NaceSectorsC_20_1_4"",""label"":""C.20.14 - Manufacture of other organic basic chemicals""} | {""code"":""NaceSectorsC_20"",""label"":""C.20 - Manufacture of chemicals and chemical products""} | {""code"":""NaceSectorsC_20_1"",""label"":""C.20.1 - Manufacture of basic chemicals, fertilisers and nitrogen compounds, plastics and synthetic rubber in primary forms""}",Normal procedure,,,,INEOS / KERLING,,en,M.4734,METADATA_CASE,2008-01-30,,,44255,"{""items"":[{""reference"":""C219"",""publishedDate"":""2008-08-28"",""priorPublication"":""false""}]}",2008-08-28,false,"{""items"":[{""reference"":""IP/08/109""}]}",,"{""code"":""DecisionType20682"",""label"":""Art. 8(1)""}",en,M.4734-DEC44255,METADATA_DECISION
245,4873,https://ec.europa.eu/competition/mergers/cases/decisions/m4730_20070921_20212_en.pdf,M.4730-DEC44051-ATT38,arbitrat*,EN,"rmula which cannot be settled by mutual agreement between the parties shall be referred to a single arbitrator to be appointed by agreement between Yara and the Purchaser(s), or failing agreement, to",2026-06-05T17:16:05.304259,,,38,EN,DDOC,Art. 6(1)(b) with conditions & obligations -  - m4730,,,2007-10-15,en,METADATA_DECISION_ATTACHMENT,Section 1.2 of Form CO,,1,EN,https://ec.europa.eu/competition/mergers/cases/additional_data/589976.pdf,DOCS,M4730_Section1_2,2007-08-03,,,en,M.4730-ATT1,METADATA_CASE_ATTACHMENT,,Antitrust,YARA / GROWHOW | YARA / KEMIRA GROWHOW,,,,"{""items"":[{""date"":""2007-08-31"",""name"":""Commitments submitted in N/1 on"",""type"":""MEvent3""}]}",2007-08-31,,2007-08-02,Merger,,2007-09-21,,,2007-08-02,M.4730,4730,{},,{},,,,Council Regulation 139/2004,,,"{""code"":""NaceSectorsC_20_1_5"",""label"":""C.20.15 - Manufacture of fertilisers and nitrogen compounds""}",Normal procedure,,,,YARA / KEMIRA GROWHOW,,en,M.4730,METADATA_CASE,2007-09-21,,,44051,"{""items"":[{""reference"":""C245"",""publishedDate"":""2007-10-19"",""priorPublication"":""false""}]}",2007-10-19,false,"{""items"":[{""reference"":""IP/07/1377 ""}]}",,"{""code"":""DecisionType20212"",""label"":""Art. 6(1)(b) with conditions & obligations""}",en,M.4730-DEC44051,METADATA_DECISION
246,4878,https://ec.europa.eu/competition/mergers/cases/decisions/m4731_20080311_20682_fr.pdf,M.4731-DEC44337-ATT21,arbitrag*,FR,"énérée par l’utilisateur du site internet et détermine l'annonceur à appeler grâce à un mécanisme d’arbitrage, entre en communication avec le serveur d’annonces utilisé par les annonceurs, qui choisit",2026-06-05T17:16:16.299767,,,21,FR,DDOC,Art. 8(1) -  - m4731-8(1)-FR,,,2008-11-12,fr,METADATA_DECISION_ATTACHMENT,Hearing Officer Report - DE,,8,EN,https://ec.europa.eu/competition/mergers/cases/additional_data/768528.pdf,DOCS,m4731-8(1)-DE-HO_Report,2008-10-15,,,en,M.4731-ATT8,METADATA_CASE_ATTACHMENT,,Antitrust,GOOGLE / DOUBLECLICK,,2008-04-02,,"{""items"":[{""date"":""2007-10-19"",""name"":""Commitments submitted in N/1 on"",""type"":""MEvent3""}]}",2007-10-19,,2007-09-21,Merger,,2008-03-11,,,2007-09-21,M.4731,4731,{},,{},,,,Council Regulation 139/2004,,,"{""code"":""NaceSectorsM_73_1"",""label"":""M.73.1 - Advertising""}",Normal procedure,,,,GOOGLE / DOUBLECLICK,,en,M.4731,METADATA_CASE,2008-03-11,,,44337,"{""items"":[{""reference"":""C184"",""publishedDate"":""2008-07-22"",""priorPublication"":""false""}]}",2008-07-22,false,"{""items"":[{""reference"":""IP/08/426  ""}]}",,"{""code"":""DecisionType20682"",""label"":""Art. 8(1)""}",en,M.4731-DEC44337,METADATA_DECISION
247,4879,https://ec.europa.eu/competition/mergers/cases/decisions/m4731_20080311_20682_en.pdf,M.4731-DEC44337-ATT22,arbitrat*,EN,"ad impression generated by the user's visit of the website and determines, in what is called the ad arbitration process, which advertiser to call - enters into communication with the advertiser-side a",2026-06-05T17:16:25.492669,,,22,EN,DDOC,Art. 8(1) -  - m4731-8(1)-EN,,,2008-06-20,en,METADATA_DECISION_ATTACHMENT,Hearing Officer Report - DE,,8,EN,https://ec.europa.eu/competition/mergers/cases/additional_data/768528.pdf,DOCS,m4731-8(1)-DE-HO_Report,2008-10-15,,,en,M.4731-ATT8,METADATA_CASE_ATTACHMENT,,Antitrust,GOOGLE / DOUBLECLICK,,2008-04-02,,"{""items"":[{""date"":""2007-10-19"",""name"":""Commitments submitted in N/1 on"",""type"":""MEvent3""}]}",2007-10-19,,2007-09-21,Merger,,2008-03-11,,,2007-09-21,M.4731,4731,{},,{},,,,Council Regulation 139/2004,,,"{""code"":""NaceSectorsM_73_1"",""label"":""M.73.1 - Advertising""}",Normal procedure,,,,GOOGLE / DOUBLECLICK,,en,M.4731,METADATA_CASE,2008-03-11,,,44337,"{""items"":[{""reference"":""C184"",""publishedDate"":""2008-07-22"",""priorPublication"":""false""}]}",2008-07-22,false,"{""items"":[{""reference"":""IP/08/426  ""}]}",,"{""code"":""DecisionType20682"",""label"":""Art. 8(1)""}",en,M.4731-DEC44337,METADATA_DECISION
248,4896,https://ec.europa.eu/competition/mergers/cases/decisions/m4746_20071106_20212_en.pdf,M.4746-DEC44142-ATT55,arbitrat*,EN,"the settlement of the dispute. 8. Should the Requesting Party and DB (together the “Parties to the Arbitration”) fail to resolve their differences of opinion in the consultation phase, the Requesting",2026-06-05T17:17:03.405787,,,55,EN,DDOC,Art. 6(1)(b) with conditions & obligations -  - m4746-6(2),,,2008-05-19,en,METADATA_DECISION_ATTACHMENT,Section 1.2 of Form CO,,3,EN,https://ec.europa.eu/competition/mergers/cases/additional_data/600091.pdf,DOCS,M4746_Section1_2,2007-09-19,,,en,M.4746-ATT3,METADATA_CASE_ATTACHMENT,,Antitrust,DEUTSCHE BAHN / ENGLISH WELSH & SCOTTISH RAILWAY HOLDINGS | DEUTSCHE BAHN / ENGLISH WELSH & SCOTTISH RAILWAY HOLDINGS (EWS),,,,"{""items"":[{""date"":""2007-10-12"",""name"":""Commitments submitted in N/1 on"",""type"":""MEvent3""}]}",2007-10-12,,2007-09-14,Merger,,2007-11-06,,,2007-09-14,M.4746,4746,,,,,,,Council Regulation 139/2004,,,"{""code"":""NaceSectorsH_49"",""label"":""H.49 - Land transport and transport via pipelines""}",Normal procedure,false,,,DEUTSCHE BAHN / ENGLISH WELSH & SCOTTISH RAILWAY HOLDINGS (EWS),,en,M.4746,METADATA_CASE,2007-11-06,,,44142,"{""items"":[{""reference"":""C125"",""publishedDate"":""2008-05-22"",""priorPublication"":""false""}]}",2008-05-22,false,"{""items"":[{""reference"":""IP/07/1657""}]}",,"{""code"":""DecisionType20212"",""label"":""Art. 6(1)(b) with conditions & obligations""}",en,M.4746-DEC44142,METADATA_DECISION
249,4968,https://ec.europa.eu/competition/mergers/cases/decisions/m3440_20041209_610_fr.pdf,M.3440-DEC42117-ATT22,arbitrag*,FR,ue une différence importante entre la demande des TGCC et la demande d’autres groupes de clients. L’arbitrage et la substituabilité du côté de l’offre sont insuffisants 249. La réorientation (hypothét,2026-06-05T17:19:03.383959,,,22,FR,DDOC,Art. 8(3) -  - m3440-8(3)-web-FR,,,2005-10-25,fr,METADATA_DECISION_ATTACHMENT,,,,,,,,,,,,,,,Antitrust,ENI / EDP / GDP (4064) | ENI / EDP / REN / GDP,,2004-12-15,,,,,2004-07-09,Merger,,2004-12-09,,,2004-07-09,M.3440,3440,,,,,,,Council Regulation 4064/89,,,"{""code"":""NaceSectorsD_35_1"",""label"":""D.35.1 - Electric power generation, transmission and distribution""} | {""code"":""NaceSectorsD_35_2"",""label"":""D.35.2 - Manufacture of gas; distribution of gaseous fuels through mains""}",Normal procedure,false,,,ENI / EDP / GDP (4064),,en,M.3440,METADATA_CASE,2004-12-09,,,42117,"{""items"":[{""reference"":""L302"",""publishedDate"":""2005-11-19"",""priorPublication"":""false""}]}",2005-11-19,false,"{""items"":[{""reference"":""IP/04/1455""}]}",,"{""code"":""DecisionType610"",""label"":""Art. 8(3)""}",en,M.3440-DEC42117,METADATA_DECISION
250,4976,https://ec.europa.eu/competition/mergers/cases/decisions/m4779_20071213_20212_en.pdf,M.4779-DEC44206-ATT150,arbitrat*,EN,"ough co-operation and consultation, the Initiating Party shall within […] calendar days initiate an arbitration process; D. to initiate the arbitration process, the Initiating Party shall give written",2026-06-05T17:19:10.164313,,,150,EN,DDOC,Art. 6(1)(b) with conditions & obligations -  - m4779-6(2),,,2008-01-28,en,METADATA_DECISION_ATTACHMENT,Section 1.2 of Form CO,,1,EN,https://ec.europa.eu/competition/mergers/cases/additional_data/612700.pdf,DOCS,Section1_2-FormCO,2007-10-24,,,en,M.4779-ATT1,METADATA_CASE_ATTACHMENT,,Antitrust,AKZO NOBEL / ICI,,,,"{""items"":[{""date"":""2007-11-23"",""name"":""Commitments submitted in N/1 on"",""type"":""MEvent3""}]}",2007-11-23,,2007-10-24,Merger,,2007-12-13,,M.4941,2007-10-24,M.4779,4779,,,,,,,Council Regulation 139/2004,,,"{""code"":""NaceSectorsC_21_2_0"",""label"":""C.21.20 - Manufacture of pharmaceutical preparations""} | {""code"":""NaceSectorsC_20_5"",""label"":""C.20.5 - Manufacture of other chemical products""} | {""code"":""NaceSectorsC_20_3_0"",""label"":""C.20.30 - Manufacture of paints, varnishes and similar coatings, printing ink and mastics""} | {""code"":""NaceSectorsC_20_1"",""label"":""C.20.1 - Manufacture of basic chemicals, fertilisers and nitrogen compounds, plastics and synthetic rubber in primary forms""}",Normal procedure,false,,,AKZO NOBEL / ICI,,en,M.4779,METADATA_CASE,2007-12-13,,,44206,"{""items"":[{""reference"":""C29"",""publishedDate"":""2008-02-01"",""priorPublication"":""false""}]}",2008-02-01,false,"{""items"":[{""reference"":""IP/07/1929""}]}",,"{""code"":""DecisionType20212"",""label"":""Art. 6(1)(b) with conditions & obligations""}",en,M.4779-DEC44206,METADATA_DECISION
251,5052,https://ec.europa.eu/competition/mergers/cases/decisions/m4314_20061211_20212_en.pdf,M.4314-DEC43526-ATT101,arbitrat*,EN,"through co-operation and consultation, the Initiating Party shall within seven (7) days initiate an arbitration process. (iv) To initiate the arbitration process, the Initiating Party shall give writt",2026-06-05T17:20:12.960211,,,101,EN,DDOC,Art. 6(1)(b) with conditions & obligations -  - m4314-6(2),,,2007-02-20,en,METADATA_DECISION_ATTACHMENT,Section 1.2 of Form CO,,1,EN,https://ec.europa.eu/competition/mergers/cases/additional_data/496902.pdf,DOCS,M4314_Section1_2,2006-10-19,,,en,M.4314-ATT1,METADATA_CASE_ATTACHMENT,,Antitrust,JOHNSON & JOHNSON / PFIZER CONSUMER HEALTHCARE,,,,"{""items"":[{""date"":""2006-11-20"",""name"":""Commitments submitted in N/1 on"",""type"":""MEvent3""}]}",2006-11-20,,2006-10-19,Merger,,2006-12-11,,,2006-10-19,M.4314,4314,{},,{},,,,Council Regulation 139/2004,,,"{""code"":""NaceSectorsC_21_1_0"",""label"":""C.21.10 - Manufacture of basic pharmaceutical products""} | {""code"":""NaceSectorsG_46_4_6"",""label"":""G.46.46 - Wholesale of pharmaceutical goods""} | {""code"":""NaceSectorsC_20_4_2"",""label"":""C.20.42 - Manufacture of perfumes and toilet preparations""} | {""code"":""NaceSectorsG_46_4_5"",""label"":""G.46.45 - Wholesale of perfume and cosmetics""}",Normal procedure,,,,JOHNSON & JOHNSON / PFIZER CONSUMER HEALTHCARE,,en,M.4314,METADATA_CASE,2006-12-11,,,43526,"{""items"":[{""reference"":""C39"",""publishedDate"":""2007-02-23"",""priorPublication"":""false""}]}",2007-02-23,false,"{""items"":[{""reference"":""IP/06/1726""}]}",,"{""code"":""DecisionType20212"",""label"":""Art. 6(1)(b) with conditions & obligations""}",en,M.4314-DEC43526,METADATA_DECISION
252,5062,https://ec.europa.eu/competition/mergers/cases/decisions/m5650_1469_2.pdf,M.5650-DEC45475-ATT1469,arbitrat*,EN,etation of provisions which are in dispute. 3UK also contested the dispute resolution mechanism (by arbitration) established by the commitments. Spectrum 202. The Spectrum Divestment as such seemed pr,2026-06-05T17:20:23.008195,,,1469,EN,DDOC,Art. 6(1)(b) with conditions & obligations -  - m5650-6(2),2010-04-23,,2010-04-22,en,METADATA_DECISION_ATTACHMENT,Section 1.2 of Form CO,,277,EN,https://ec.europa.eu/competition/mergers/cases/additional_data/1183143.pdf,DOCS,Section 1.2 of Form CO,2010-01-12,,2010-01-12,en,M.5650-ATT277,METADATA_CASE_ATTACHMENT,,Antitrust,T-MOBILE / ORANGE,,,,"{""items"":[{""date"":""2010-02-02"",""name"":""Art. 9 request received on"",""type"":""MEvent12""},{""date"":""2010-02-08"",""name"":""Commitments submitted in N/1 on"",""type"":""MEvent3""}]}",2010-02-02 | 2010-02-08,,2010-01-11,Merger,,2010-03-01,,,2010-01-11,M.5650,5650,{},,{},,,,Council Regulation 139/2004,,,"{""code"":""NaceSectorsJ_61_2"",""label"":""J.61.2 - Wireless telecommunications activities""}",Normal procedure,,,,T-MOBILE / ORANGE,,en,M.5650,METADATA_CASE,2010-03-01,,,45475,"{""items"":[{""reference"":""C108"",""publishedDate"":""2010-04-28"",""priorPublication"":""false""}]}",2010-04-28,false,"{""items"":[{""reference"":""IP/10/208  ""}]}",,"{""code"":""DecisionType20212"",""label"":""Art. 6(1)(b) with conditions & obligations""}",en,M.5650-DEC45475,METADATA_DECISION
253,5090,https://ec.europa.eu/competition/mergers/cases/decisions/m7724_2310_7.pdf,M.7724-DEC{E47C58BD-FA5C-44B1-869E-F2902297C4BD}-ATT2310,arbitrat*,EN,estrictions ......................................................................... 114 14.4.1.3. Arbitration in all non-disclosure agreements as regards the implementation of commitments ..........,2026-06-05T17:20:54.967287,"{""code"":""DocumentCategory0587"",""label"":""Decision - web publication""}",2016-07-20,2310,EN,,,2017-12-11,,2016-07-20,en,METADATA_DECISION_ATTACHMENT,"{""code"":""DocumentCategory0250"",""label"":""Description of the concentration""}",2016-01-08,300,EN,https://ec.europa.eu/competition/mergers/cases/additional_data/m7724_300_4.pdf,,,2016-01-11,,2016-01-08,en,M.7724-ATT300,METADATA_CASE_ATTACHMENT,,,,,,Competition DG,,,"{""items"":[{}]}",2015-07-13,Merger,,2016-07-20,,,2016-01-08,M.7724,7724,"{""items"":[{""reference"":""C:2016:012:"",""webDescription"":"""",""pageNumber"":"""",""referenceNumber"":""12"",""referenceYear"":""2016"",""referenceSeries"":""C"",""publishedDate"":""2016-01-15""}]}",2016-01-15,"{""items"":[{}]}",,,,Council Regulation 139/2004,,,"{""code"":""NaceSectorsC_30_3_0"",""label"":""C.30.30 - Manufacture of air and spacecraft and related machinery""}",Normal,,"{""items"":[{""date"":""2016-04-01"",""description"":""Changed deadline - extension of 10 working days under Article 10(3)2 on 01.04.2016"",""type"":""MEvent58"",""label"":""Changed deadline - extension of NUMBER_PLACEHOLDER working days under Article 10(3)2 on DATE_PLACEHOLDER"",""url"":""""},{""date"":""2016-02-05"",""description"":""Changed deadline - Commitments submitted in N/1 on 05.02.2016"",""type"":""MEvent3"",""label"":""Changed deadline - Commitments submitted in N/1 on DATE_PLACEHOLDER"",""url"":""""},{""date"":""2016-04-27"",""description"":""Changed deadline - extension of 10 working days under Article 10(3)2 on 27.04.2016"",""type"":""MEvent58"",""label"":""Changed deadline - extension of NUMBER_PLACEHOLDER working days under Article 10(3)2 on DATE_PLACEHOLDER"",""url"":""""},{""date"":""2016-05-04"",""description"":""Commitments submitted in N/2 on 04.05.2016"",""type"":""MEvent46"",""label"":""Commitments submitted in N/2 on DATE_PLACEHOLDER"",""url"":""""}]}",2016-04-01 | 2016-02-05 | 2016-04-27 | 2016-05-04,ASL / ARIANESPACE,"{""code"":""MergerCaseType1"",""label"":""Merger""}",en,M.7724,METADATA_CASE,2016-07-20,,"{""items"":[{}]}",{E47C58BD-FA5C-44B1-869E-F2902297C4BD},"{""items"":[{""reference"":""C:2017:438:"",""webDescription"":"""",""pageNumber"":"""",""referenceNumber"":""438"",""referenceYear"":""2017"",""referenceSeries"":""C"",""publishedDate"":""2017-12-19""}]}",2017-12-19,,"{""items"":[{""reference"":""IP_16_2591"",""webDescription"":"""",""publicationDate"":""2017-12-19""}]}",2017-12-19,"{""code"":""DecisionType20600"",""label"":""Art. 8(2) with conditions & obligations""}",en,M.7724-DEC{E47C58BD-FA5C-44B1-869E-F2902297C4BD},METADATA_DECISION
254,5173,https://ec.europa.eu/competition/mergers/cases/decisions/m7758_2937_3.pdf,M.7758-DEC{760499BC-D1CF-45C8-A5B8-645E90CA2382}-ATT2937,arbitrat*,EN,"e procedure to be followed within […] calendar days of their appointment, which may be the rules of arbitration of the London Court of International Arbitration; (d) the Parties and the New MNO shall",2026-06-05T17:23:15.370369,"{""code"":""DocumentCategory0587"",""label"":""Decision - web publication""}",2016-09-01,2937,EN,,,2017-06-07,,2016-09-01,en,METADATA_DECISION_ATTACHMENT,"{""code"":""DocumentCategory0250"",""label"":""Description of the concentration""}",2016-02-05,397,EN,https://ec.europa.eu/competition/mergers/cases/additional_data/m7758_397_4.pdf,,,2016-02-09,,2016-02-05,en,M.7758-ATT397,METADATA_CASE_ATTACHMENT,,,,,,Competition DG,,,"{""items"":[{}]}",2015-08-11,Merger,,2016-09-01,,M.9041,2016-02-05,M.7758,7758,"{""items"":[{""reference"":""C:2016:058:"",""webDescription"":"""",""pageNumber"":"""",""referenceNumber"":""58"",""referenceYear"":""2016"",""referenceSeries"":""C"",""publishedDate"":""2016-02-13""}]}",2016-02-13,"{""items"":[{}]}",,,,Council Regulation 139/2004,,,"{""code"":""NaceSectorsJ_61"",""label"":""J.61 - Telecommunications""}",Normal,,"{""items"":[{""date"":""2016-06-08"",""description"":""Changed deadline - extension of 15 working days under Article 10(3)2 on 08.06.2016"",""type"":""MEvent58"",""label"":""Changed deadline - extension of NUMBER_PLACEHOLDER working days under Article 10(3)2 on DATE_PLACEHOLDER"",""url"":""""},{""date"":""2016-06-06"",""description"":""Commitments submitted in N/2 on 06.06.2016"",""type"":""MEvent46"",""label"":""Commitments submitted in N/2 on DATE_PLACEHOLDER"",""url"":""""},{""date"":""2016-02-25"",""description"":""Changed deadline - Art. 9 request received on 25.02.2016"",""type"":""MEvent30"",""label"":""Changed deadline - Art. 9 request received on DATE_PLACEHOLDER"",""url"":""""},{""date"":""2016-04-20"",""description"":""Changed deadline - extension of 5 working days under Article 10(3)2 on 20.04.2016"",""type"":""MEvent10"",""label"":""Changed deadline - extension of NUMBER_PLACEHOLDER working days under Article 10(3)2 on DATE_PLACEHOLDER"",""url"":""""}]}",2016-06-08 | 2016-06-06 | 2016-02-25 | 2016-04-20,HUTCHISON 3G ITALY / WIND / JV,"{""code"":""MergerCaseType1"",""label"":""Merger""}",en,M.7758,METADATA_CASE,2016-09-01,,"{""items"":[{}]}",{760499BC-D1CF-45C8-A5B8-645E90CA2382},"{""items"":[{""reference"":""C:2016:391:"",""webDescription"":"""",""pageNumber"":"""",""referenceNumber"":""391"",""referenceYear"":""2016"",""referenceSeries"":""C"",""publishedDate"":""2016-10-22""}]}",2016-10-22,,"{""items"":[{""reference"":""IP_16_2932"",""webDescription"":"""",""publicationDate"":""2016-10-22""}]}",2016-10-22,"{""code"":""DecisionType20600"",""label"":""Art. 8(2) with conditions & obligations""}",en,M.7758-DEC{760499BC-D1CF-45C8-A5B8-645E90CA2382},METADATA_DECISION
255,5182,https://ec.europa.eu/competition/mergers/cases/decisions/m7764_1066_3.pdf,M.7764-DEC49454-ATT1066,arbitrag*,FR,"ces de New NP qu'ont apporté les difficultés sur le chantier d'OL3 et de Flamanville 3207. Ainsi, l’arbitrage relatif aux difficultés rencontrées sur le chantier OL3 démontre qu’une relation conflictu",2026-06-05T17:23:30.660332,,,1066,FR,DDOC,Decision Art. 6(1)(b) - public version - m7764-FR,2017-11-06,,2017-05-29,fr,METADATA_DECISION_ATTACHMENT,Section 1.2 of Form CO,,601,FR,https://ec.europa.eu/competition/mergers/cases/additional_data/m7764_601_3.pdf,DOCS,Publication of Section 1.2 of Form CO - M7764_Section1_2,2017-04-20,,2017-04-18,fr,M.7764-ATT601,METADATA_CASE_ATTACHMENT,,Antitrust,EDF / AREVA REACTOR BUSINESS,,2017-05-29,,,,,2017-04-18,Merger,,2017-05-29,,,2017-04-18,M.7764,7764,{},,{},,,,Council Regulation 139/2004,,,"{""code"":""NaceSectorsC_27"",""label"":""C.27 - Manufacture of electrical equipment""} | {""code"":""NaceSectorsC_33"",""label"":""C.33 - Repair and installation of machinery and equipment""} | {""code"":""NaceSectorsC_27_9_0"",""label"":""C.27.90 - Manufacture of other electrical equipment""} | {""code"":""NaceSectorsD_35_1_1"",""label"":""D.35.11 - Production of electricity""} | {""code"":""NaceSectorsC_28_1"",""label"":""C.28.1 - Manufacture of general-purpose machinery""}",Normal procedure,,,,EDF / AREVA REACTOR BUSINESS,,en,M.7764,METADATA_CASE,2017-05-29,,,49454,"{""items"":[{""reference"":""C377"",""publishedDate"":""2017-11-09"",""priorPublication"":""false""}]}",2017-11-09,false,"{""items"":[{""reference"":""IP/17/1466""}]}",,"{""code"":""DecisionType20310"",""label"":""Art. 6(1)(b)""}",en,M.7764-DEC49454,METADATA_DECISION
256,5215,https://ec.europa.eu/competition/mergers/cases/decisions/m6447_20120330_20212_2452290_EN.pdf,M.6447-DEC46540-ATT4913,arbitrat*,EN,ew entrant can decide to settle any dispute with the Parties in relation to the Commitments through arbitration. Both the new entrant and the Parties will then be bound by the arbitration decision. 15,2026-06-05T17:24:05.358315,,,4913,EN,DDOC,Art. 6(1)(b) with conditions & obligations -  - m6447-6(2),2012-06-07,,2012-06-06,en,METADATA_DECISION_ATTACHMENT,Trustee details,,6067,EN,https://ec.europa.eu/competition/mergers/cases/additional_data/m6447_6067_3.pdf,DOCS,Publication of Trustee details,2019-04-02,,2019-03-29,en,M.6447-ATT6067,METADATA_CASE_ATTACHMENT,,Antitrust,IAG / BMI,,,,"{""items"":[{""date"":""2012-03-09"",""name"":""Commitments submitted in N/1 on"",""type"":""MEvent3""}]}",2012-03-09,,2012-02-10,Merger,,2024-06-12,,,2012-02-10,M.6447,6447,{},,{},,,,Council Regulation 139/2004,,,"{""code"":""NaceSectorsH_51_1"",""label"":""H.51.1 - Passenger air transport""} | {""code"":""NaceSectorsH_51_2_1"",""label"":""H.51.21 - Freight air transport""} | {""code"":""NaceSectorsH_52_2_3"",""label"":""H.52.23 - Service activities incidental to air transportation""}",Normal procedure,,,,IAG / BMI,,en,M.6447,METADATA_CASE,2012-03-30,,,46540,"{""items"":[{""reference"":""C161"",""publishedDate"":""2012-06-07"",""priorPublication"":""false""}]}",2012-06-07,false,"{""items"":[{""reference"":""IP/12/338""}]}",,"{""code"":""DecisionType20212"",""label"":""Art. 6(1)(b) with conditions & obligations""}",en,M.6447-DEC46540,METADATA_DECISION
257,5220,https://ec.europa.eu/competition/mergers/cases1/202118/m6447_6952_5.pdf,M.6447-DEC51927-ATT6952,arbitrat*,EN,"iation attempt failed, on 5 June 2020, Flybe’s Administrators served a Notice to the ICC requesting arbitration pursuant to Clause 7.4 of the Commitments.29 Since then, the Parties have agreed to stay",2026-06-05T17:24:16.415378,,,6952,EN,DDOC,Decision on the implementation of remedies - public version (1),2021-04-27,,2020-08-04,en,METADATA_DECISION_ATTACHMENT,Trustee details,,6067,EN,https://ec.europa.eu/competition/mergers/cases/additional_data/m6447_6067_3.pdf,DOCS,Publication of Trustee details,2019-04-02,,2019-03-29,en,M.6447-ATT6067,METADATA_CASE_ATTACHMENT,,Antitrust,IAG / BMI,,,,"{""items"":[{""date"":""2012-03-09"",""name"":""Commitments submitted in N/1 on"",""type"":""MEvent3""}]}",2012-03-09,,2012-02-10,Merger,,2024-06-12,,,2012-02-10,M.6447,6447,{},,{},,,,Council Regulation 139/2004,,,"{""code"":""NaceSectorsH_51_1"",""label"":""H.51.1 - Passenger air transport""} | {""code"":""NaceSectorsH_51_2_1"",""label"":""H.51.21 - Freight air transport""} | {""code"":""NaceSectorsH_52_2_3"",""label"":""H.52.23 - Service activities incidental to air transportation""}",Normal procedure,,,,IAG / BMI,,en,M.6447,METADATA_CASE,2020-08-04,,,51927,,,false,,,"{""code"":""DecisionType20730"",""label"":""Decision on the implementation of remedies""}",en,M.6447-DEC51927,METADATA_DECISION
258,5221,https://ec.europa.eu/competition/mergers/cases1/202118/m6447_7043_3.pdf,M.6447-DEC52111-ATT7043,arbitrat*,EN,claw back of Slots by IAG. They served a Notice to the International Chamber of Commerce requesting arbitration pursuant to Clause 7.4 of the Commitments. The arbitration proceedings are on-going at t,2026-06-05T17:24:17.909462,,,7043,EN,DDOC,Decision: Decision on the implementation of remedies - public version(1),2021-04-26,,2020-11-17,en,METADATA_DECISION_ATTACHMENT,Trustee details,,6067,EN,https://ec.europa.eu/competition/mergers/cases/additional_data/m6447_6067_3.pdf,DOCS,Publication of Trustee details,2019-04-02,,2019-03-29,en,M.6447-ATT6067,METADATA_CASE_ATTACHMENT,,Antitrust,IAG / BMI,,,,"{""items"":[{""date"":""2012-03-09"",""name"":""Commitments submitted in N/1 on"",""type"":""MEvent3""}]}",2012-03-09,,2012-02-10,Merger,,2024-06-12,,,2012-02-10,M.6447,6447,{},,{},,,,Council Regulation 139/2004,,,"{""code"":""NaceSectorsH_51_1"",""label"":""H.51.1 - Passenger air transport""} | {""code"":""NaceSectorsH_51_2_1"",""label"":""H.51.21 - Freight air transport""} | {""code"":""NaceSectorsH_52_2_3"",""label"":""H.52.23 - Service activities incidental to air transportation""}",Normal procedure,,,,IAG / BMI,,en,M.6447,METADATA_CASE,2020-11-17,,,52111,,,false,,,"{""code"":""DecisionType20730"",""label"":""Decision on the implementation of remedies""}",en,M.6447-DEC52111,METADATA_DECISION
259,5222,https://ec.europa.eu/competition/mergers/cases1/202435/M_6447_10209990_9149_5.pdf,M.6447-DEC52623-ATT9149,arbitrat*,EN,"claw back of Slots by IAG. They served a Notice to the International Chamber of Commerce requesting arbitration pursuant to Clause 7.4 of the Commitments. On 9 March 2021, following Flybe’s request to",2026-06-05T17:24:19.939819,,,9149,EN,DDOC,Decision: Decision on the implementation of remedies - public version(1),2024-08-27,,2021-06-15,en,METADATA_DECISION_ATTACHMENT,Trustee details,,6067,EN,https://ec.europa.eu/competition/mergers/cases/additional_data/m6447_6067_3.pdf,DOCS,Publication of Trustee details,2019-04-02,,2019-03-29,en,M.6447-ATT6067,METADATA_CASE_ATTACHMENT,,Antitrust,IAG / BMI,,,,"{""items"":[{""date"":""2012-03-09"",""name"":""Commitments submitted in N/1 on"",""type"":""MEvent3""}]}",2012-03-09,,2012-02-10,Merger,,2024-06-12,,,2012-02-10,M.6447,6447,{},,{},,,,Council Regulation 139/2004,,,"{""code"":""NaceSectorsH_51_1"",""label"":""H.51.1 - Passenger air transport""} | {""code"":""NaceSectorsH_51_2_1"",""label"":""H.51.21 - Freight air transport""} | {""code"":""NaceSectorsH_52_2_3"",""label"":""H.52.23 - Service activities incidental to air transportation""}",Normal procedure,,,,IAG / BMI,,en,M.6447,METADATA_CASE,2021-06-15,,,52623,,,false,,,"{""code"":""DecisionType20730"",""label"":""Decision on the implementation of remedies""}",en,M.6447-DEC52623,METADATA_DECISION
260,5224,https://ec.europa.eu/competition/mergers/cases1/202443/M_6447_10305856_9155_3.pdf,M.6447-DEC52964-ATT9155,arbitrat*,EN,"claw back of Slots by IAG. They served a Notice to the International Chamber of Commerce requesting arbitration pursuant to Clause 7.4 of the Commitments. On 9 March 2021, following Flybe’s request to",2026-06-05T17:24:22.996399,,,9155,EN,DDOC,Decision: Decision on the implementation of remedies - Public version(1),2024-10-23,,2021-11-15,en,METADATA_DECISION_ATTACHMENT,Trustee details,,6067,EN,https://ec.europa.eu/competition/mergers/cases/additional_data/m6447_6067_3.pdf,DOCS,Publication of Trustee details,2019-04-02,,2019-03-29,en,M.6447-ATT6067,METADATA_CASE_ATTACHMENT,,Antitrust,IAG / BMI,,,,"{""items"":[{""date"":""2012-03-09"",""name"":""Commitments submitted in N/1 on"",""type"":""MEvent3""}]}",2012-03-09,,2012-02-10,Merger,,2024-06-12,,,2012-02-10,M.6447,6447,{},,{},,,,Council Regulation 139/2004,,,"{""code"":""NaceSectorsH_51_1"",""label"":""H.51.1 - Passenger air transport""} | {""code"":""NaceSectorsH_51_2_1"",""label"":""H.51.21 - Freight air transport""} | {""code"":""NaceSectorsH_52_2_3"",""label"":""H.52.23 - Service activities incidental to air transportation""}",Normal procedure,,,,IAG / BMI,,en,M.6447,METADATA_CASE,2021-11-15,,,52964,,,false,,,"{""code"":""DecisionType20730"",""label"":""Decision on the implementation of remedies""}",en,M.6447-DEC52964,METADATA_DECISION
261,5225,https://ec.europa.eu/competition/mergers/cases1/202443/M_6447_10308286_9156_3.pdf,M.6447-DEC53367-ATT9156,arbitrat*,EN,"claw back of Slots by IAG. They served a Notice to the International Chamber of Commerce requesting arbitration pursuant to Clause 7.4 of the Commitments. On 9 March 2021, following Flybe’s request to",2026-06-05T17:24:25.887809,,,9156,EN,DDOC,"Decision: Decision on the implementation of remedies) - Public version
(1)",2024-10-24,,2022-06-17,en,METADATA_DECISION_ATTACHMENT,Trustee details,,6067,EN,https://ec.europa.eu/competition/mergers/cases/additional_data/m6447_6067_3.pdf,DOCS,Publication of Trustee details,2019-04-02,,2019-03-29,en,M.6447-ATT6067,METADATA_CASE_ATTACHMENT,,Antitrust,IAG / BMI,,,,"{""items"":[{""date"":""2012-03-09"",""name"":""Commitments submitted in N/1 on"",""type"":""MEvent3""}]}",2012-03-09,,2012-02-10,Merger,,2024-06-12,,,2012-02-10,M.6447,6447,{},,{},,,,Council Regulation 139/2004,,,"{""code"":""NaceSectorsH_51_1"",""label"":""H.51.1 - Passenger air transport""} | {""code"":""NaceSectorsH_51_2_1"",""label"":""H.51.21 - Freight air transport""} | {""code"":""NaceSectorsH_52_2_3"",""label"":""H.52.23 - Service activities incidental to air transportation""}",Normal procedure,,,,IAG / BMI,,en,M.6447,METADATA_CASE,2022-06-17,,,53367,,,false,,,"{""code"":""DecisionType20730"",""label"":""Decision on the implementation of remedies""}",en,M.6447-DEC53367,METADATA_DECISION
262,5226,https://ec.europa.eu/competition/mergers/cases1/202444/M_6447_10316171_9161_3.pdf,M.6447-DEC53667-ATT9161,arbitrat*,EN,"claw back of Slots by IAG. They served a Notice to the International Chamber of Commerce requesting arbitration pursuant to Clause 7.4 of the Commitments. On 9 March 2021, following Flybe’s request to",2026-06-05T17:24:28.127803,,,9161,EN,DDOC,Decision on the implementation of remedies (1),2024-10-28,,2022-11-14,en,METADATA_DECISION_ATTACHMENT,Trustee details,,6067,EN,https://ec.europa.eu/competition/mergers/cases/additional_data/m6447_6067_3.pdf,DOCS,Publication of Trustee details,2019-04-02,,2019-03-29,en,M.6447-ATT6067,METADATA_CASE_ATTACHMENT,,Antitrust,IAG / BMI,,,,"{""items"":[{""date"":""2012-03-09"",""name"":""Commitments submitted in N/1 on"",""type"":""MEvent3""}]}",2012-03-09,,2012-02-10,Merger,,2024-06-12,,,2012-02-10,M.6447,6447,{},,{},,,,Council Regulation 139/2004,,,"{""code"":""NaceSectorsH_51_1"",""label"":""H.51.1 - Passenger air transport""} | {""code"":""NaceSectorsH_51_2_1"",""label"":""H.51.21 - Freight air transport""} | {""code"":""NaceSectorsH_52_2_3"",""label"":""H.52.23 - Service activities incidental to air transportation""}",Normal procedure,,,,IAG / BMI,,en,M.6447,METADATA_CASE,2022-11-14,,,53667,,,false,,,"{""code"":""DecisionType20730"",""label"":""Decision on the implementation of remedies""}",en,M.6447-DEC53667,METADATA_DECISION
263,5227,https://ec.europa.eu/competition/mergers/cases1/202503/M_6447_10453638_9175_3.pdf,M.6447-DEC54274-ATT9175,arbitrat*,EN,"claw back of Slots by IAG. They served a Notice to the International Chamber of Commerce requesting arbitration pursuant to Clause 7.4 of the Commitments. On 9 March 2021, following Flybe’s request to",2026-06-05T17:24:29.907371,,,9175,EN,DDOC,Decision Article 6(2) Assessment of viability – public version(1),2025-01-17,,2023-11-10,en,METADATA_DECISION_ATTACHMENT,Trustee details,,6067,EN,https://ec.europa.eu/competition/mergers/cases/additional_data/m6447_6067_3.pdf,DOCS,Publication of Trustee details,2019-04-02,,2019-03-29,en,M.6447-ATT6067,METADATA_CASE_ATTACHMENT,,Antitrust,IAG / BMI,,,,"{""items"":[{""date"":""2012-03-09"",""name"":""Commitments submitted in N/1 on"",""type"":""MEvent3""}]}",2012-03-09,,2012-02-10,Merger,,2024-06-12,,,2012-02-10,M.6447,6447,{},,{},,,,Council Regulation 139/2004,,,"{""code"":""NaceSectorsH_51_1"",""label"":""H.51.1 - Passenger air transport""} | {""code"":""NaceSectorsH_51_2_1"",""label"":""H.51.21 - Freight air transport""} | {""code"":""NaceSectorsH_52_2_3"",""label"":""H.52.23 - Service activities incidental to air transportation""}",Normal procedure,,,,IAG / BMI,,en,M.6447,METADATA_CASE,2023-11-10,,,54274,,,false,,,"{""code"":""DecisionType20730"",""label"":""Decision on the implementation of remedies""}",en,M.6447-DEC54274,METADATA_DECISION
264,5230,https://ec.europa.eu/competition/mergers/cases/decisions/m7777_669_3.pdf,M.7777-DEC48515-ATT669,arbitrat*,EN,"and consultation as provided for in the previous paragraph, the Requesting Party shall nominate an arbitrator. 53. The other Party shall, within two (2) weeks of receiving notification in writing of",2026-06-05T17:24:35.866290,,,669,EN,DDOC,Decision 6(1)b & 6(2) - public version(1),2016-01-22,,2015-12-02,en,METADATA_DECISION_ATTACHMENT,Trustee details,,629,EN,https://ec.europa.eu/competition/mergers/cases/additional_data/m7777_629_3.pdf,DOCS,Trustee_publication of details,2015-12-09,,2015-12-08,en,M.7777-ATT629,METADATA_CASE_ATTACHMENT,,Antitrust,SOLVAY / CYTEC,,,,"{""items"":[{""date"":""2015-11-11"",""name"":""Commitments submitted in N/1 on"",""type"":""MEvent3""}]}",2015-11-11,,2015-10-13,Merger,,2016-09-07,,,2015-10-13,M.7777,7777,{},,{},,,,Council Regulation 139/2004,,,"{""code"":""NaceSectorsC_20"",""label"":""C.20 - Manufacture of chemicals and chemical products""}",Normal procedure,,,,SOLVAY / CYTEC,,en,M.7777,METADATA_CASE,2015-12-02,,,48515,"{""items"":[{""reference"":""C7777"",""publishedDate"":""2016-01-23"",""priorPublication"":""false""}]}",2016-01-23,false,"{""items"":[{""reference"":""IP/15/6236""}]}",,"{""code"":""DecisionType20212"",""label"":""Art. 6(1)(b) with conditions & obligations""}",en,M.7777-DEC48515,METADATA_DECISION
265,5254,https://ec.europa.eu/competition/mergers/cases/decisions/m6458_20120921_20600_3188150_EN.pdf,M.6458-DEC46786-ATT10760,arbitrat*,EN,"the settlement of the dispute. 39 Should the Requesting Party and UMG (together the “Parties to the Arbitration”) fail to resolve their differences of opinion in the consultation phase, the Requesting",2026-06-05T17:25:20.516897,,,10760,EN,DDOC,Art. 8(2) with conditions & obligations -  - Case M 6458 - Decision_Non-confidential_version_FINAL,2013-07-23,,2013-07-22,en,METADATA_DECISION_ATTACHMENT,Trustee details,,9928,EN,https://ec.europa.eu/competition/mergers/cases/additional_data/m6458_9928_3.pdf,DOCS,Publication Trustee details,2012-10-03,,2012-10-02,en,M.6458-ATT9928,METADATA_CASE_ATTACHMENT,,Antitrust,UNIVERSAL MUSIC GROUP / EMI MUSIC,,,,"{""items"":[{""date"":""2012-07-27"",""name"":""Commitments submitted in N/2 on"",""type"":""MEvent4""},{""date"":""2012-03-29"",""name"":""Deadline extended by 20 working days under article 10(3)2 on"",""type"":""MEvent10""}]}",2012-07-27 | 2012-03-29,,2012-02-17,Merger,,2012-09-21,,M.6884 | M.6459,2012-02-17,M.6458,6458,{},,{},,,,Council Regulation 139/2004,,,"{""code"":""NaceSectorsJ_59_2"",""label"":""J.59.2 - Sound recording and music publishing activities""} | {""code"":""NaceV2Sector_J_59.2"",""label"":""J.59.2 - Sound recording and music publishing activities""}",Normal procedure,,,,UNIVERSAL MUSIC GROUP / EMI MUSIC,,en,M.6458,METADATA_CASE,2012-09-21,,,46786,"{""items"":[{""reference"":""C220"",""publishedDate"":""2013-08-01"",""priorPublication"":""false""}]}",2013-08-01,false,"{""items"":[{""reference"":""IP/12/999""}]}",,"{""code"":""DecisionType20600"",""label"":""Art. 8(2) with conditions & obligations""}",en,M.6458-DEC46786,METADATA_DECISION
266,5313,https://ec.europa.eu/competition/mergers/cases/decisions/m7333_2319_2.pdf,M.7333-DEC{C8076B71-7256-4B29-AA60-793AB6FBE372}-ATT2319,arbitrat*,EN,"n Clause 7.2, the Requesting Party shall serve a notice (the Notice), in the sense of a request for arbitration, to the ICC (""Arbitral Institution""), with a copy of such Notice and request for arbitra",2026-06-05T17:26:54.498589,"{""code"":""DocumentCategory0587"",""label"":""Decision - web publication""}",2015-01-27,2319,EN,,,2015-01-28,,2015-01-27,en,METADATA_DECISION_ATTACHMENT,"{""code"":""DocumentCategory0250"",""label"":""Description of the concentration""}",2014-10-01,538,EN,https://ec.europa.eu/competition/mergers/cases/additional_data/m7333_538_3.pdf,,,2014-10-02,,2014-10-01,en,M.7333-ATT538,METADATA_CASE_ATTACHMENT,,,,,,Competition DG,,,"{""items"":[{}]}",2014-06-23,Merger,,2014-11-14,,,2014-09-29,M.7333,7333,"{""items"":[{""reference"":""C:2014:352:"",""webDescription"":"""",""pageNumber"":"""",""referenceNumber"":""352"",""referenceYear"":""2014"",""referenceSeries"":""C"",""publishedDate"":""2014-10-07""}]}",2014-10-07,"{""items"":[{}]}",,,,Council Regulation 139/2004,,,"{""code"":""NaceSectorsH_51_1_0"",""label"":""H.51.10 - Passenger air transport""}",Normal,,"{""items"":[{""date"":""2014-10-27"",""description"":""Changed deadline - Commitments submitted in N/1 on 27.10.2014"",""type"":""MEvent3"",""label"":""Changed deadline - Commitments submitted in N/1 on DATE_PLACEHOLDER"",""url"":""""}]}",2014-10-27,ALITALIA / ETIHAD,"{""code"":""MergerCaseType1"",""label"":""Merger""}",en,M.7333,METADATA_CASE,2014-11-14,,"{""items"":[{}]}",{C8076B71-7256-4B29-AA60-793AB6FBE372},"{""items"":[{""reference"":""C:2015:031:"",""webDescription"":"""",""pageNumber"":"""",""referenceNumber"":""31"",""referenceYear"":""2015"",""referenceSeries"":""C"",""publishedDate"":""2015-01-30""}]}",2015-01-30,,"{""items"":[{""reference"":""IP_14_1766"",""webDescription"":"""",""publicationDate"":""2015-01-30""}]}",2015-01-30,"{""code"":""DecisionType20212"",""label"":""Art. 6(1)(b) with conditions & obligations""}",en,M.7333-DEC{C8076B71-7256-4B29-AA60-793AB6FBE372},METADATA_DECISION
267,5314,https://ec.europa.eu/competition/mergers/cases/decisions/m7333_20141114_20212_4015913_EN.pdf,M.7333-DEC{C8076B71-7256-4B29-AA60-793AB6FBE372}-ATT2322,arbitrat*,EN,"n Clause 7.2, the Requesting Party shall serve a notice (the Notice), in the sense of a request for arbitration, to the ICC (""Arbitral Institution""), with a copy of such Notice and request for arbitra",2026-06-05T17:26:57.714909,"{""code"":""DocumentCategory0587"",""label"":""Decision - web publication""}",2014-12-17,2322,EN,,,2014-12-18,,2014-12-17,en,METADATA_DECISION_ATTACHMENT,"{""code"":""DocumentCategory0250"",""label"":""Description of the concentration""}",2014-10-01,538,EN,https://ec.europa.eu/competition/mergers/cases/additional_data/m7333_538_3.pdf,,,2014-10-02,,2014-10-01,en,M.7333-ATT538,METADATA_CASE_ATTACHMENT,,,,,,Competition DG,,,"{""items"":[{}]}",2014-06-23,Merger,,2014-11-14,,,2014-09-29,M.7333,7333,"{""items"":[{""reference"":""C:2014:352:"",""webDescription"":"""",""pageNumber"":"""",""referenceNumber"":""352"",""referenceYear"":""2014"",""referenceSeries"":""C"",""publishedDate"":""2014-10-07""}]}",2014-10-07,"{""items"":[{}]}",,,,Council Regulation 139/2004,,,"{""code"":""NaceSectorsH_51_1_0"",""label"":""H.51.10 - Passenger air transport""}",Normal,,"{""items"":[{""date"":""2014-10-27"",""description"":""Changed deadline - Commitments submitted in N/1 on 27.10.2014"",""type"":""MEvent3"",""label"":""Changed deadline - Commitments submitted in N/1 on DATE_PLACEHOLDER"",""url"":""""}]}",2014-10-27,ALITALIA / ETIHAD,"{""code"":""MergerCaseType1"",""label"":""Merger""}",en,M.7333,METADATA_CASE,2014-11-14,,"{""items"":[{}]}",{C8076B71-7256-4B29-AA60-793AB6FBE372},"{""items"":[{""reference"":""C:2015:031:"",""webDescription"":"""",""pageNumber"":"""",""referenceNumber"":""31"",""referenceYear"":""2015"",""referenceSeries"":""C"",""publishedDate"":""2015-01-30""}]}",2015-01-30,,"{""items"":[{""reference"":""IP_14_1766"",""webDescription"":"""",""publicationDate"":""2015-01-30""}]}",2015-01-30,"{""code"":""DecisionType20212"",""label"":""Art. 6(1)(b) with conditions & obligations""}",en,M.7333-DEC{C8076B71-7256-4B29-AA60-793AB6FBE372},METADATA_DECISION
268,5328,https://ec.europa.eu/competition/mergers/cases/decisions/m7337_20141219_20212_4101276_EN.pdf,M.7337-DEC47922-ATT1831,arbitrat*,EN,"customers, following discussions with IMS and the mediation of a Monitoring Trustee, to initiate an arbitration procedure. (285) Under the terms of the Access Commitment, the review of the terms and c",2026-06-05T17:27:13.384531,,,1831,EN,DDOC,Art. 6(1)(b) with conditions & obligations -  - m7337-6(2),2015-02-12,,2015-02-11,en,METADATA_DECISION_ATTACHMENT,Section 1.2 of Form CO,,369,EN,https://ec.europa.eu/competition/mergers/cases/additional_data/m7337_369_3.pdf,DOCS,M 7337 Section 1_2,2014-11-05,,2014-11-04,en,M.7337-ATT369,METADATA_CASE_ATTACHMENT,,Antitrust,IMS HEALTH / CEGEDIM BUSINESS,,,,"{""items"":[{""date"":""2014-12-02"",""name"":""Commitments submitted in N/1 on"",""type"":""MEvent3""}]}",2014-12-02,,2014-11-04,Merger,,2014-12-19,,,2014-11-04,M.7337,7337,{},,{},,,,Council Regulation 139/2004,,,"{""code"":""NaceSectorsJ_63_1"",""label"":""J.63.1 - Data processing, hosting and related activities; web portals""} | {""code"":""NaceSectorsM_73_2"",""label"":""M.73.2 - Market research and public opinion polling""}",Normal procedure,,,,IMS HEALTH / CEGEDIM BUSINESS,,en,M.7337,METADATA_CASE,2014-12-19,,,47922,"{""items"":[{""reference"":""C57"",""publishedDate"":""2015-02-17"",""priorPublication"":""false""}]}",2015-02-17,false,"{""items"":[{""reference"":""IP/14/2826""}]}",,"{""code"":""DecisionType20212"",""label"":""Art. 6(1)(b) with conditions & obligations""}",en,M.7337-DEC47922,METADATA_DECISION
269,5344,https://ec.europa.eu/competition/mergers/cases/decisions/m6497_20121212_20600_3210969_EN.pdf,M.6497-DEC{20F256BC-693F-40D3-AF8C-8AD8BFD096C8}-ATT7455,arbitrat*,EN,"the procedure to be followed within 5 calendar days of their appointment, which may be the rules of arbitration and conciliation of the International Arbitral Centre of the Austrian Federal Economic C",2026-06-05T17:27:30.551160,"{""code"":""DocumentCategory0587"",""label"":""Decision - web publication""}",2013-07-24,7455,EN,,,2013-07-24,,2013-07-24,en,METADATA_DECISION_ATTACHMENT,"{""code"":""DocumentCategory0599"",""label"":""Other document for publication""}",2019-03-28,7523,EN,https://ec.europa.eu/competition/mergers/cases/additional_data/m6497_7523_3.pdf,,,2019-03-29,Trustee details,2019-03-28,en,M.6497-ATT7523,METADATA_CASE_ATTACHMENT,,,,,,Competition DG,,,"{""items"":[{}]}",2011-12-19,Merger,,2012-12-12,,,2012-05-07,M.6497,6497,"{""items"":[{""reference"":""C:2012:144:"",""webDescription"":"""",""pageNumber"":"""",""referenceNumber"":""144"",""referenceYear"":""2012"",""referenceSeries"":""C"",""publishedDate"":""2012-05-23""}]}",2012-05-23,"{""items"":[{}]}",,,,Council Regulation 139/2004,,,"{""code"":""NaceSectorsJ_61_2"",""label"":""J.61.2 - Wireless telecommunications activities""}",Normal,,"{""items"":[{""date"":""2012-05-29"",""description"":""Changed deadline - Art. 9 request received on 29.05.2012"",""type"":""MEvent30"",""label"":""Changed deadline - Art. 9 request received on DATE_PLACEHOLDER"",""url"":""""},{""date"":""2012-10-19"",""description"":""Changed deadline - Commitments submitted in N/2 on 19.10.2012"",""type"":""MEvent4"",""label"":""Changed deadline - Commitments submitted in N/2 on DATE_PLACEHOLDER"",""url"":""""},{""date"":""2012-08-21"",""description"":""Commitments submitted in N/2 on 21.08.2012"",""type"":""MEvent46"",""label"":""Commitments submitted in N/2 on DATE_PLACEHOLDER"",""url"":""""},{""date"":""2012-08-28"",""description"":""Changed deadline - extension of 3 working days under Article 10(3)2 on 28.08.2012"",""type"":""MEvent58"",""label"":""Changed deadline - extension of NUMBER_PLACEHOLDER working days under Article 10(3)2 on DATE_PLACEHOLDER"",""url"":""""},{""date"":""2012-07-30"",""description"":""Changed deadline - extension of 15 working days under Article 10(3)2 on 30.07.2012"",""type"":""MEvent58"",""label"":""Changed deadline - extension of NUMBER_PLACEHOLDER working days under Article 10(3)2 on DATE_PLACEHOLDER"",""url"":""""}]}",2012-05-29 | 2012-10-19 | 2012-08-21 | 2012-08-28 | 2012-07-30,HUTCHISON 3G AUSTRIA / ORANGE AUSTRIA,"{""code"":""MergerCaseType1"",""label"":""Merger""}",en,M.6497,METADATA_CASE,2012-12-12,,"{""items"":[{}]}",{20F256BC-693F-40D3-AF8C-8AD8BFD096C8},"{""items"":[{""reference"":""C:2013:224:"",""webDescription"":"""",""pageNumber"":"""",""referenceNumber"":""224"",""referenceYear"":""2013"",""referenceSeries"":""C"",""publishedDate"":""2013-08-03""}]}",2013-08-03,,"{""items"":[{""reference"":""IP_12_1361"",""webDescription"":"""",""publicationDate"":""2013-08-03""}]}",2013-08-03,"{""code"":""DecisionType20600"",""label"":""Art. 8(2) with conditions & obligations""}",en,M.6497-DEC{20F256BC-693F-40D3-AF8C-8AD8BFD096C8},METADATA_DECISION
270,5361,https://ec.europa.eu/competition/mergers/cases/decisions/m7353_1239_2.pdf,M.7353-DEC47873-ATT1239,arbitrat*,EN,ime contractor. iii. to create a fast-track dispute resolution mechanism that would be overseen and arbitrated by ESA. 10.2.2. Assessment of the Initial Commitments proposal (534) The Commission asses,2026-06-05T17:27:46.520942,,,1239,EN,DDOC,Art. 6(1)(b) with conditions & obligations -  - m7353-6(2),2015-06-18,,2015-06-17,en,METADATA_DECISION_ATTACHMENT,Section 1.2 of Form CO,,206,EN,https://ec.europa.eu/competition/mergers/cases/additional_data/m7353_206_3.pdf,DOCS,M7353_Section1_2,2014-10-10,,2014-10-08,en,M.7353-ATT206,METADATA_CASE_ATTACHMENT,,Antitrust,AIRBUS / SAFRAN / JV,,,,"{""items"":[{""date"":""2014-11-05"",""name"":""Commitments submitted in N/1 on"",""type"":""MEvent3""}]}",2014-11-05,,2014-10-08,Merger,,2014-11-26,,M.6104,2014-10-08,M.7353,7353,{},,{},,,,Council Regulation 139/2004,,,"{""code"":""NaceSectorsC_30_3_0"",""label"":""C.30.30 - Manufacture of air and spacecraft and related machinery""} | {""code"":""NaceSectorsC_25_4_0"",""label"":""C.25.40 - Manufacture of weapons and ammunition""}",Normal procedure,,,,AIRBUS / SAFRAN / JV,,en,M.7353,METADATA_CASE,2014-11-26,,,47873,"{""items"":[{""reference"":""C210"",""publishedDate"":""2015-06-26"",""priorPublication"":""false""}]}",2015-06-26,false,"{""items"":[{""reference"":""IP/14/2164""}]}",,"{""code"":""DecisionType20212"",""label"":""Art. 6(1)(b) with conditions & obligations""}",en,M.7353-DEC47873,METADATA_DECISION
271,5504,https://ec.europa.eu/competition/mergers/cases/decisions/m6800_20150616_20600_4523168_EN.pdf,M.6800-DEC48187-ATT2564,arbitrat*,EN,mechanisms. The Notifying Parties also submit that a finding of ''unreasonable'' rates in court or arbitration procedures would constrain CMOs' negotiation behaviour vis-à-vis DSPs because the rates,2026-06-05T17:29:55.821316,,,2564,EN,DDOC,Art. 8(2) with conditions & obligations -  - m6800-8(2)-EN,2015-10-09,,2015-10-08,en,METADATA_DECISION_ATTACHMENT,Section 1.2 of Form CO,,349,EN,https://ec.europa.eu/competition/mergers/cases/additional_data/m6800_349_4.pdf,DOCS,M6800_Section1_2,2014-12-01,,2014-12-01,en,M.6800-ATT349,METADATA_CASE_ATTACHMENT,,Antitrust,PRSfM / STIM / GEMA / JV,,,,"{""items"":[{""date"":""2015-02-04"",""name"":""Deadline extended by 20 working days under article 10(3)2 on"",""type"":""MEvent10""},{""date"":""2015-03-13"",""name"":""Commitments submitted in N/2 on"",""type"":""MEvent46""}]}",2015-02-04 | 2015-03-13,,2014-11-28,Merger,,2015-06-16,,,2014-11-28,M.6800,6800,{},,{},,,,Council Regulation 139/2004,,,"{""code"":""NaceSectorsJ_59_2"",""label"":""J.59.2 - Sound recording and music publishing activities""}",Normal procedure,,,,PRSfM / STIM / GEMA / JV,,en,M.6800,METADATA_CASE,2015-06-16,,,48187,,,false,"{""items"":[{""reference"":""IP/15/5204""}]}",,"{""code"":""DecisionType20600"",""label"":""Art. 8(2) with conditions & obligations""}",en,M.6800-DEC48187,METADATA_DECISION
272,5556,https://ec.europa.eu/competition/mergers/cases/decisions/m6828_20130620_20310_3232613_EN.pdf,M.6828-DEC47131-ATT2028,arbitrat*,EN,"rs on the board, Singapore Airlines had joint control of the Virgin through its veto rights and the arbitration procedure which was provided for the case of disagreement in certain strategic business",2026-06-05T17:30:32.966928,,,2028,EN,DDOC,Art. 6(1)(b) -  - m6828,2013-08-28,,2013-08-27,en,METADATA_DECISION_ATTACHMENT,Section 1.2 of Form CO,,891,EN,https://ec.europa.eu/competition/mergers/cases/additional_data/m6828_891_3.pdf,DOCS,Publication of Section 1.2 of Form CO - M6828_Section1_2,2013-05-16,,2013-05-15,en,M.6828-ATT891,METADATA_CASE_ATTACHMENT,,Antitrust,DELTA AIR LINES / VIRGIN GROUP / VIRGIN ATLANTIC LIMITED,,2013-06-20,,,,,2013-05-15,Merger,,2013-06-20,,,2013-05-15,M.6828,6828,,,,,,,Council Regulation 139/2004,,,"{""code"":""NaceSectorsH_51_2_1"",""label"":""H.51.21 - Freight air transport""} | {""code"":""NaceSectorsH_51_1_0"",""label"":""H.51.10 - Passenger air transport""} | {""code"":""NaceSectorsH_52_2_3"",""label"":""H.52.23 - Service activities incidental to air transportation""} | {""code"":""NaceSectorsN_79_1_2"",""label"":""N.79.12 - Tour operator activities""}",Normal procedure,false,,,DELTA AIR LINES / VIRGIN GROUP / VIRGIN ATLANTIC LIMITED,,en,M.6828,METADATA_CASE,2013-06-20,,,47131,"{""items"":[{""reference"":""C253"",""publishedDate"":""2013-09-03"",""priorPublication"":""false""}]}",2013-09-03,false,"{""items"":[{""reference"":""IP/13/587""}]}",,"{""code"":""DecisionType20310"",""label"":""Art. 6(1)(b)""}",en,M.6828-DEC47131,METADATA_DECISION
273,5569,https://ec.europa.eu/competition/mergers/cases/decisions/m5984_1922_2.pdf,M.5984-DEC45940-ATT1922,arbitrat*,EN,"assured via a dispute settlement mechanism, including a fast-track dispute settlement procedure and arbitration. 303. These commitments would be effective worldwide and would remain in effect for five",2026-06-05T17:30:42.687462,,,1922,EN,DDOC,Art. 6(1)(b) with conditions & obligations -  - m5984-6_2_,2011-03-28,,2011-03-25,en,METADATA_DECISION_ATTACHMENT,Section 1.2 of Form CO,,567,EN,https://ec.europa.eu/competition/mergers/cases/additional_data/m5984_567_3.pdf,DOCS,M5984_Section1_2,2010-12-02,,2010-12-01,en,M.5984-ATT567,METADATA_CASE_ATTACHMENT,,Antitrust,INTEL / MCAFEE,,,,"{""items"":[{""date"":""2011-01-05"",""name"":""Commitments submitted in N/1 on"",""type"":""MEvent3""}]}",2011-01-05,,2010-11-29,Merger,,2011-01-26,,,2010-11-29,M.5984,5984,,,,,,,Council Regulation 139/2004,,,"{""code"":""NaceSectorsC_26_1"",""label"":""C.26.1 - Manufacture of electronic components and boards""} | {""code"":""NaceSectorsJ_62"",""label"":""J.62 - Computer programming, consultancy and related activities""}",Normal procedure,false,,,INTEL / MCAFEE,,en,M.5984,METADATA_CASE,2011-01-26,,,45940,"{""items"":[{""reference"":""C98"",""publishedDate"":""2011-03-30"",""priorPublication"":""false""}]}",2011-03-30,false,"{""items"":[{""reference"":""IP/11/70""}]}",,"{""code"":""DecisionType20212"",""label"":""Art. 6(1)(b) with conditions & obligations""}",en,M.5984-DEC45940,METADATA_DECISION
274,5583,https://ec.europa.eu/competition/mergers/cases/decisions/m6844_20130701_20212_3423812_EN.pdf,M.6844-DEC{6EF307F1-06B7-486D-AB88-3EFE5F03D26A}-ATT2180,arbitrat*,EN,"influence 249. GE commits that Avio will […]. 250. In addition, a fast track dispute resolution and arbitration process is put in place. c) […] Eurojet Shareholders Board with an Advisory Committee 52",2026-06-05T17:30:58.456430,"{""code"":""DocumentCategory0587"",""label"":""Decision - web publication""}",2013-12-19,2180,EN,,,2013-12-20,,2013-12-19,en,METADATA_DECISION_ATTACHMENT,"{""code"":""DocumentCategory0599"",""label"":""Other document for publication""}",2020-03-23,2198,EN,https://ec.europa.eu/competition/mergers/cases/additional_data/m6844_2198_3.pdf,,,2020-03-24,Trustee details,2020-03-23,en,M.6844-ATT2198,METADATA_CASE_ATTACHMENT,,,,,,Competition DG,,,"{""items"":[{}]}",2012-12-17,Merger,,2013-07-01,,,2013-05-13,M.6844,6844,"{""items"":[{""reference"":""C:2013:143:"",""webDescription"":"""",""pageNumber"":"""",""referenceNumber"":""143"",""referenceYear"":""2013"",""referenceSeries"":""C"",""publishedDate"":""2013-05-23""}]}",2013-05-23,"{""items"":[{}]}",,,,Council Regulation 139/2004,,,"{""code"":""NaceSectorsC_33_1_6"",""label"":""C.33.16 - Repair and maintenance of aircraft and spacecraft""} | {""code"":""NaceSectorsC_30_3_0"",""label"":""C.30.30 - Manufacture of air and spacecraft and related machinery""}",Normal,,"{""items"":[{""date"":""2013-06-11"",""description"":""Changed deadline - Commitments submitted in N/1 on 11.06.2013"",""type"":""MEvent3"",""label"":""Changed deadline - Commitments submitted in N/1 on DATE_PLACEHOLDER"",""url"":""""}]}",2013-06-11,GE / AVIO,"{""code"":""MergerCaseType1"",""label"":""Merger""}",en,M.6844,METADATA_CASE,2013-07-01,,"{""items"":[{}]}",{6EF307F1-06B7-486D-AB88-3EFE5F03D26A},"{""items"":[{""reference"":""C:2013:378:"",""webDescription"":"""",""pageNumber"":"""",""referenceNumber"":""378"",""referenceYear"":""2013"",""referenceSeries"":""C"",""publishedDate"":""2013-12-24""}]}",2013-12-24,,"{""items"":[{""reference"":""IP_13_642"",""webDescription"":"""",""publicationDate"":""2013-12-24""}]}",2013-12-24,"{""code"":""DecisionType20212"",""label"":""Art. 6(1)(b) with conditions & obligations""}",en,M.6844-DEC{6EF307F1-06B7-486D-AB88-3EFE5F03D26A},METADATA_DECISION
275,5596,https://ec.europa.eu/competition/mergers/cases/decisions/m6857_4443_2.pdf,M.6857-DEC47168-ATT4443,arbitrat*,EN,"y. Should Crane and the Purchaser disagree on the matter, they will refer the matter to an (ad hoc) arbitration proceeding, which will rule on the matter expeditiously. Toll Manufacturing Commitment 1",2026-06-05T17:31:24.217283,,,4443,EN,DDOC,Art. 6(1)(b) with conditions & obligations -  - m6857-6(2),2014-01-28,,2014-01-27,en,METADATA_DECISION_ATTACHMENT,Trustee details,,4385,EN,https://ec.europa.eu/competition/mergers/cases/additional_data/m6857_4385_7.pdf,DOCS,M6857 Trustee_publication of details 2015,2015-02-24,,2015-02-19,en,M.6857-ATT4385,METADATA_CASE_ATTACHMENT,,Antitrust,CRANE CO / MEI GROUP,,,,"{""items"":[{""date"":""2013-06-28"",""name"":""Commitments submitted in N/1 on"",""type"":""MEvent3""}]}",2013-06-28,,2013-05-31,Merger,,2013-07-19,,,2013-05-31,M.6857,6857,,,,,,,Council Regulation 139/2004,,,"{""code"":""NaceSectorsC_32"",""label"":""C.32 - Other manufacturing""}",Normal procedure,false,,,CRANE CO / MEI GROUP,,en,M.6857,METADATA_CASE,2013-07-19,,,47168,"{""items"":[{""reference"":""C28"",""publishedDate"":""2014-01-31"",""priorPublication"":""false""}]}",2014-01-31,false,"{""items"":[{""reference"":""IP/13/717""}]}",,"{""code"":""DecisionType20212"",""label"":""Art. 6(1)(b) with conditions & obligations""}",en,M.6857-DEC47168,METADATA_DECISION
276,5677,https://ec.europa.eu/competition/mergers/cases/decisions/m7631_20150902_20310_4570768_EN.pdf,M.7631-DEC48331-ATT525,arbitrat*,EN,act's price basis (e.g. a material change of gas price indexes such as Henry Hub) and/or subject to arbitration. (72) This would likely limit the ability of the merged entity to exercise any form of m,2026-06-05T17:33:23.773495,,,525,EN,DDOC,Art. 6(1)(b) -  - m7631,2015-11-06,,2015-11-06,en,METADATA_DECISION_ATTACHMENT,Section 1.2 of Form CO,,281,EN,https://ec.europa.eu/competition/mergers/cases/additional_data/m7631_281_3.pdf,DOCS,M7631Section1_2,2015-07-31,,2015-07-29,en,M.7631-ATT281,METADATA_CASE_ATTACHMENT,,Antitrust,ROYAL DUTCH SHELL / BG GROUP,,2015-09-02,,,,,2015-07-29,Merger,,2015-09-02,,,2015-07-29,M.7631,7631,,,,,,,Council Regulation 139/2004,,,"{""code"":""NaceSectorsH_49_5_0"",""label"":""H.49.50 - Transport via pipeline""} | {""code"":""NaceSectorsG_46_7_1"",""label"":""G.46.71 - Wholesale of solid, liquid and gaseous fuels and related products""} | {""code"":""NaceSectorsB_6"",""label"":""B.06 - Extraction of crude petroleum and natural gas""}",Normal procedure,false,,,ROYAL DUTCH SHELL / BG GROUP,,en,M.7631,METADATA_CASE,2015-09-02,,,48331,"{""items"":[{""reference"":""C374"",""publishedDate"":""2015-11-11"",""priorPublication"":""false""}]}",2015-11-11,false,"{""items"":[{""reference"":""IP/15/5581""}]}",,"{""code"":""DecisionType20310"",""label"":""Art. 6(1)(b)""}",en,M.7631-DEC48331,METADATA_DECISION
277,5686,https://ec.europa.eu/competition/mergers/cases/decisions/m7637_1290_3.pdf,M.7637-DEC48632-ATT1290,arbitrat*,EN,annot be resolved between BASE and the Purchaser within a reasonable time period will be brought to arbitration via an independent third party. In any event the decrease of the wholesale prices result,2026-06-05T17:34:03.788241,,,1290,EN,DDOC,Decision 8(2) with commitments - public version(1),2016-04-18,,2016-02-04,en,METADATA_DECISION_ATTACHMENT,Section 1.2 of Form CO,,211,EN,https://ec.europa.eu/competition/mergers/cases/additional_data/m7637_211_4.pdf,DOCS,Publication of section 1.2 of Form CO - M7637_Section1_2,2015-08-19,,2015-08-18,en,M.7637-ATT211,METADATA_CASE_ATTACHMENT,,Antitrust,LIBERTY GLOBAL / BASE BELGIUM,,,,"{""items"":[{""date"":""2015-09-14"",""name"":""Commitments submitted in N/1 on"",""type"":""MEvent3""},{""date"":""2015-10-27"",""name"":""Commitments submitted in N/2 on"",""type"":""MEvent46""},{""date"":""2015-10-06"",""name"":""Deadline extended by 10 working days under article 10(3)2 on"",""type"":""MEvent10""},{""date"":""2015-10-30"",""name"":""Deadline extended by 10 working days under article 10(3)2 on"",""type"":""MEvent58""}]}",2015-09-14 | 2015-10-27 | 2015-10-06 | 2015-10-30,,2015-08-17,Merger,,2016-02-04,,,2015-08-17,M.7637,7637,{},,{},,,,Council Regulation 139/2004,,,"{""code"":""NaceSectorsJ_61"",""label"":""J.61 - Telecommunications""}",Normal procedure,,,,LIBERTY GLOBAL / BASE BELGIUM,,en,M.7637,METADATA_CASE,2016-02-04,,,48632,"{""items"":[{""reference"":""C141"",""publishedDate"":""2016-04-22"",""priorPublication"":""false""}]}",2016-04-22,false,"{""items"":[{""reference"":""IP/16/241""}]}",,"{""code"":""DecisionType20600"",""label"":""Art. 8(2) with conditions & obligations""}",en,M.7637-DEC48632,METADATA_DECISION
278,5847,https://ec.europa.eu/competition/mergers/cases/decisions/m6381_20120213_20310_2277480_EN.pdf,M.6381-DEC46481-ATT2227,arbitrat*,EN,he terms of the cash-only option licence assessed by an independent third party (whether a court or arbitrator) without the threat of immediately being excluded from the market. Once an independent th,2026-06-05T17:36:13.672728,,,2227,EN,DDOC,Art. 6(1)(b) -  - m6381,2012-03-09,,2012-03-08,en,METADATA_DECISION_ATTACHMENT,,,,,,,,,,,,,,,Antitrust,GOOGLE / MOTOROLA MOBILITY,,2012-02-13,,"{""items"":[{""date"":""2011-12-06"",""name"":""Deadline suspended under Article 11(3) [date may differ from the Article 11(3) decision date] from"",""type"":""MEvent7""},{""date"":""2012-01-17"",""name"":""Deadline suspension under Article 11(3) ended on"",""type"":""MEvent8""}]}",2011-12-06 | 2012-01-17,,2011-11-25,Merger,,2012-02-13,,,2011-11-25,M.6381,6381,{},,{},,,,Council Regulation 139/2004,,,"{""code"":""NaceSectorsC_26_3_0"",""label"":""C.26.30 - Manufacture of communication equipment""} | {""code"":""NaceSectorsJ_61_2_0"",""label"":""J.61.20 - Wireless telecommunications activities""} | {""code"":""NaceSectorsJ_61"",""label"":""J.61 - Telecommunications""}",Normal procedure,,,,GOOGLE / MOTOROLA MOBILITY,,en,M.6381,METADATA_CASE,2012-02-13,,,46481,"{""items"":[{""reference"":""C75"",""publishedDate"":""2012-03-14"",""priorPublication"":""false""}]}",2012-03-14,false,"{""items"":[{""reference"":""IP/12/129""}]}",,"{""code"":""DecisionType20310"",""label"":""Art. 6(1)(b)""}",en,M.6381-DEC46481,METADATA_DECISION
279,5961,https://ec.europa.eu/competition/mergers/cases/decisions/m7194_20150224_20600_4264271_EN.pdf,M.7194-DEC{F88E2777-6860-4821-9673-D74EF9E652E1}-ATT1670,arbitrat*,EN,ry for which the channels can be licensed under the commitments. (627) The commitments provided for arbitration as a means of resolving possible disputes relating to the commitment to offer access to,2026-06-05T17:39:46.562879,"{""code"":""DocumentCategory0587"",""label"":""Decision - web publication""}",2015-05-27,1670,EN,,,2015-05-28,,2015-05-27,en,METADATA_DECISION_ATTACHMENT,"{""code"":""DocumentCategory0583"",""label"":""Opinion of the Advisory Committee""}",2015-05-27,1591,EN,https://ec.europa.eu/competition/mergers/cases/additional_data/m7194_1591_3.pdf,,,2015-05-28,,2015-05-27,en,M.7194-ATT1591,METADATA_CASE_ATTACHMENT,,,,,,Competition DG,,,"{""items"":[{}]}",2014-02-10,Merger,,2015-02-24,,M.8944,2014-08-18,M.7194,7194,"{""items"":[{""reference"":""C:2014:281:"",""webDescription"":"""",""pageNumber"":"""",""referenceNumber"":""281"",""referenceYear"":""2014"",""referenceSeries"":""C"",""publishedDate"":""2014-08-23""}]}",2014-08-23,"{""items"":[{}]}",,,,Council Regulation 139/2004,,,"{""code"":""NaceSectorsJ_60_2"",""label"":""J.60.2 - Television programming and broadcasting activities""} | {""code"":""NaceSectorsJ_61_1"",""label"":""J.61.1 - Wired telecommunications activities""} | {""code"":""NaceSectorsJ_59_1"",""label"":""J.59.1 - Motion picture, video and television programme activities""}",Normal,,"{""items"":[{""date"":""2014-10-16"",""description"":""Changed deadline - extension of 20 working days under Article 10(3)2 on 16.10.2014"",""type"":""MEvent58"",""label"":""Changed deadline - extension of NUMBER_PLACEHOLDER working days under Article 10(3)2 on DATE_PLACEHOLDER"",""url"":""""},{""date"":""2014-11-24"",""description"":""Commitments submitted in N/2 on 24.11.2014"",""type"":""MEvent46"",""label"":""Commitments submitted in N/2 on DATE_PLACEHOLDER"",""url"":""""}]}",2014-10-16 | 2014-11-24,LIBERTY GLOBAL / CORELIO / W&W / DE VIJVER MEDIA,"{""code"":""MergerCaseType1"",""label"":""Merger""}",en,M.7194,METADATA_CASE,2015-02-24,,"{""items"":[{}]}",{F88E2777-6860-4821-9673-D74EF9E652E1},"{""items"":[{""reference"":""C:2015:175:"",""webDescription"":"""",""pageNumber"":"""",""referenceNumber"":""175"",""referenceYear"":""2015"",""referenceSeries"":""C"",""publishedDate"":""2015-05-29""}]}",2015-05-29,,"{""items"":[{""reference"":""IP_15_4481"",""webDescription"":"""",""publicationDate"":""2015-05-29""}]}",2015-05-29,"{""code"":""DecisionType20600"",""label"":""Art. 8(2) with conditions & obligations""}",en,M.7194-DEC{F88E2777-6860-4821-9673-D74EF9E652E1},METADATA_DECISION
280,6063,https://ec.europa.eu/competition/mergers/cases/decisions/m6722_20130412_20212_3045451_EN.pdf,M.6722-DEC47045-ATT2188,arbitrat*,EN,"s of opinion, the Requesting Party may serve a notice (the ""Notice""), in the sense of a request for arbitration, to the Netherlands Arbitration Institute (the ""NAI""), with a copy of such Notice and re",2026-06-05T17:41:27.961851,,,2188,EN,DDOC,Art. 6(1)(b) with conditions & obligations -  - m6722-6(2),2013-05-03,,2013-05-02,en,METADATA_DECISION_ATTACHMENT,Section 1.2 of Form CO,,374,EN,https://ec.europa.eu/competition/mergers/cases/additional_data/m6722_374_3.pdf,DOCS,M6722_Section1_2,2013-02-22,,2013-02-19,en,M.6722-ATT374,METADATA_CASE_ATTACHMENT,,Antitrust,FRIESLANDCAMPINA / ZIJERVELD & VELDHUYZEN AND DEN HOLLANDER,,,,"{""items"":[{""date"":""2013-03-19"",""name"":""Commitments submitted in N/1 on"",""type"":""MEvent3""}]}",2013-03-19,,2013-02-19,Merger,,2013-04-12,,,2013-02-19,M.6722,6722,{},,{},,,,Council Regulation 139/2004,,,"{""code"":""NaceSectorsC_10_5_1"",""label"":""C.10.51 - Operation of dairies and cheese making""} | {""code"":""NaceSectorsG_46_3_3"",""label"":""G.46.33 - Wholesale of dairy products, eggs and edible oils and fats""}",Normal procedure,,,,FRIESLANDCAMPINA / ZIJERVELD & VELDHUYZEN AND DEN HOLLANDER,,en,M.6722,METADATA_CASE,2013-04-12,,,47045,"{""items"":[{""reference"":""C130"",""publishedDate"":""2013-05-07"",""priorPublication"":""false""}]}",2013-05-07,false,"{""items"":[{""reference"":""IP/13/319""}]}",,"{""code"":""DecisionType20212"",""label"":""Art. 6(1)(b) with conditions & obligations""}",en,M.6722-DEC47045,METADATA_DECISION
281,6107,https://ec.europa.eu/competition/mergers/cases/decisions/m7962_4097_3.pdf,M.7962-DEC49362-ATT4097,arbitrat*,EN,"e their differences of opinion through cooperation and consultation, the Purchaser may initiate the arbitration process described below. The arbitration process shall be used only to resolve disputes",2026-06-05T17:42:13.372863,,,4097,EN,DDOC,Decision Article 8(2)b – public version - m7962-8(2)-EN,2017-06-07,,2017-04-05,en,METADATA_DECISION_ATTACHMENT,Section 1.2 of Form CO,,639,EN,https://ec.europa.eu/competition/mergers/cases/additional_data/m7962_639_3.pdf,DOCS,Publication of Section 1.2 of Form CO - M7962_Section1_2,2016-09-27,,2016-09-26,en,M.7962-ATT639,METADATA_CASE_ATTACHMENT,,Antitrust,CHEMCHINA / SYNGENTA,,,,"{""items"":[{""date"":""2017-01-03"",""name"":""Deadline extended by 10 working days under article 10(3)2 on"",""type"":""MEvent58""},{""date"":""2016-11-16"",""name"":""Deadline extended by 10 working days under article 10(3)2 on"",""type"":""MEvent10""},{""date"":""2017-01-09"",""name"":""Commitments submitted in N/2 on"",""type"":""MEvent46""}]}",2017-01-03 | 2016-11-16 | 2017-01-09,,2016-09-23,Merger,,2018-03-15,,M.8170,2016-09-23,M.7962,7962,{},,{},,,,Council Regulation 139/2004,,,"{""code"":""NaceSectorsC_20"",""label"":""C.20 - Manufacture of chemicals and chemical products""}",Normal procedure,,,,CHEMCHINA / SYNGENTA,,en,M.7962,METADATA_CASE,2017-04-05,,,49362,"{""items"":[{""reference"":""C186"",""publishedDate"":""2017-06-10"",""priorPublication"":""false""}]}",2017-06-10,false,"{""items"":[{""reference"":""IP/17/882""}]}",,"{""code"":""DecisionType20600"",""label"":""Art. 8(2) with conditions & obligations""}",en,M.7962-DEC49362,METADATA_DECISION
282,6165,https://ec.europa.eu/competition/mergers/cases/decisions/m6663_20130227_20610_3904642_EN.pdf,M.6663-DEC46985-ATT9078,arbitrat*,EN,"this respect that ""It will be a tortuous process to agree the detail in the business plan, but the arbitrator mechanism is as good a method of achieving agreement as can be found in the circumstances",2026-06-05T17:44:25.054312,,,9078,EN,DDOC,Art. 8(3) -  - m6663-8(3)-EN,2014-10-17,,2014-10-16,en,METADATA_DECISION_ATTACHMENT,Opinion of the Advisory Committee,,8679,EN,https://ec.europa.eu/competition/mergers/cases/additional_data/m6663_8679_3.pdf,DOCS,m6663-8(3)-EN-AC Opinion,2013-07-31,,2013-07-24,en,M.6663-ATT8679,METADATA_CASE_ATTACHMENT,,Antitrust,RYANAIR / AER LINGUS III,,2013-03-06,,"{""items"":[{""date"":""2012-12-07"",""name"":""Commitments submitted in N/2 on"",""type"":""MEvent4""},{""date"":""2012-09-06"",""name"":""Deadline extended by 15 working days under article 10(3)2 on"",""type"":""MEvent10""},{""date"":""2012-10-17"",""name"":""Commitments submitted in N/2 on"",""type"":""MEvent46""},{""date"":""2013-01-22"",""name"":""Deadline extended by 5 working days under article 10(3)2 on"",""type"":""MEvent58""}]}",2012-12-07 | 2012-09-06 | 2012-10-17 | 2013-01-22,,2012-07-24,Merger,,2013-02-27,,M.4439 | M.5434,2012-07-24,M.6663,6663,{},,{},,,,Council Regulation 139/2004,,,"{""code"":""NaceSectorsH_51_1_0"",""label"":""H.51.10 - Passenger air transport""} | {""code"":""NaceSectorsH_51_1"",""label"":""H.51.1 - Passenger air transport""}",Normal procedure,,,,RYANAIR / AER LINGUS III,,en,M.6663,METADATA_CASE,2013-02-27,,,46985,"{""items"":[{""reference"":""C216"",""publishedDate"":""2013-07-30"",""priorPublication"":""false""}]}",2013-07-30,false,"{""items"":[{""reference"":""IP/13/167""}]}",,"{""code"":""DecisionType20610"",""label"":""Art. 8(3)""}",en,M.6663-DEC46985,METADATA_DECISION
283,6239,https://ec.europa.eu/competition/mergers/cases/decisions/m7541_20150714_20212_4564413_EN.pdf,M.7541-DEC{0BD318EA-C614-4139-8A06-8DD18363DB0C}-ATT3292,arbitrat*,EN,lution according to which the new entrant can decide to settle any dispute with the Parties through arbitration. In the event of disagreement between the parties to the arbitration regarding the inter,2026-06-05T17:45:39.974194,"{""code"":""DocumentCategory0587"",""label"":""Decision - web publication""}",2015-11-03,3292,EN,,,2015-11-04,,2015-11-03,en,METADATA_DECISION_ATTACHMENT,"{""code"":""DocumentCategory0250"",""label"":""Description of the concentration""}",2015-05-27,856,EN,https://ec.europa.eu/competition/mergers/cases/additional_data/m7541_856_3.pdf,,,2015-05-28,,2015-05-27,en,M.7541-ATT856,METADATA_CASE_ATTACHMENT,,,,,,Competition DG,,,"{""items"":[{}]}",2015-01-27,Merger,,2016-05-26,,,2015-05-27,M.7541,7541,"{""items"":[{""reference"":""C:2015:182:"",""webDescription"":"""",""pageNumber"":"""",""referenceNumber"":""182"",""referenceYear"":""2015"",""referenceSeries"":""C"",""publishedDate"":""2015-06-03""}]}",2015-06-03,"{""items"":[{}]}",,,,Council Regulation 139/2004,,,"{""code"":""NaceSectorsH_51_1"",""label"":""H.51.1 - Passenger air transport""} | {""code"":""NaceSectorsH_51_2_1"",""label"":""H.51.21 - Freight air transport""}",Normal,,"{""items"":[{""date"":""2015-06-24"",""description"":""Changed deadline - Commitments submitted in N/1 on 24.06.2015"",""type"":""MEvent3"",""label"":""Changed deadline - Commitments submitted in N/1 on DATE_PLACEHOLDER"",""url"":""""}]}",2015-06-24,IAG / AER LINGUS,"{""code"":""MergerCaseType1"",""label"":""Merger""}",en,M.7541,METADATA_CASE,2015-07-14,,"{""items"":[{}]}",{0BD318EA-C614-4139-8A06-8DD18363DB0C},"{""items"":[{""reference"":""C:2015:314:"",""webDescription"":"""",""pageNumber"":"""",""referenceNumber"":""314"",""referenceYear"":""2015"",""referenceSeries"":""C"",""publishedDate"":""2015-09-23""}]}",2015-09-23,,"{""items"":[{""reference"":""IP_15_5371"",""webDescription"":"""",""publicationDate"":""2015-09-23""}]}",2015-09-23,"{""code"":""DecisionType20212"",""label"":""Art. 6(1)(b) with conditions & obligations""}",en,M.7541-DEC{0BD318EA-C614-4139-8A06-8DD18363DB0C},METADATA_DECISION
284,6256,https://ec.europa.eu/competition/mergers/cases/decisions/m6214_3522_2.pdf,M.6214-DEC46324-ATT3522,Schieds*,DE,"arktuntersuchung geantwortet haben, führten generell aus, dass SSDs trotz des erheblichen Preisunterschieds zu HDDs zunehmend in die bislang von HDDs dominierten Marktsegmente eindringen, insbesondere",2026-06-05T17:46:35.184424,,,3522,DE,DDOC,Art. 8(1) -  - m6214-8(1)-DE,2012-05-10,,2012-05-08,de,METADATA_DECISION_ATTACHMENT,Section 1.2 of Form CO,,509,EN,https://ec.europa.eu/competition/mergers/cases/additional_data/m6214_509_4.pdf,DOCS,M6214_Section1_2,2011-04-28,,2011-04-27,en,M.6214-ATT509,METADATA_CASE_ATTACHMENT,,Antitrust,SEAGATE TECHNOLOGY / THE HDD BUSINESS OF SAMSUNG ELECTRONICS | PROJECT PEARL,,2011-10-26,,"{""items"":[{""date"":""2011-06-10"",""name"":""Deadline extended by 12 working days under article 10(3)2 on"",""type"":""MEvent10""}]}",2011-06-10,,2011-04-19,Merger,,2011-10-19,,,2011-04-19,M.6214,6214,{},,{},,,,Council Regulation 139/2004,,,"{""code"":""NaceSectorsC_26_2"",""label"":""C.26.2 - Manufacture of computers and peripheral equipment""}",Normal procedure,,,,SEAGATE TECHNOLOGY / THE HDD BUSINESS OF SAMSUNG ELECTRONICS,,en,M.6214,METADATA_CASE,2011-10-19,,,46324,"{""items"":[{""reference"":""C154"",""publishedDate"":""2012-05-31"",""priorPublication"":""false""}]}",2012-05-31,false,"{""items"":[{""reference"":""IP/11/1213""}]}",,"{""code"":""DecisionType20682"",""label"":""Art. 8(1)""}",en,M.6214-DEC46324,METADATA_DECISION
285,6325,https://ec.europa.eu/competition/mergers/cases/decisions/m7585_925_3.pdf,M.7585-DEC48367-ATT925,arbitrat*,EN,"erally because of a material breach by the Purchaser, in the absence of a final order of a court of arbitration or a court of competent jurisdiction. 6 5. In order to maintain the structural effect of",2026-06-05T17:48:13.836642,,,925,EN,DDOC,Decision 6(1)b with 6(2) - public version(1),2016-02-23,,2015-09-17,en,METADATA_DECISION_ATTACHMENT,Trustee details,,829,EN,https://ec.europa.eu/competition/mergers/cases/additional_data/m7585_829_3.pdf,DOCS,Trustee_publication of details,2015-10-27,,2015-10-21,en,M.7585-ATT829,METADATA_CASE_ATTACHMENT,,Antitrust,NXP SEMICONDUCTORS / FREESCALE SEMICONDUCTOR,,,,"{""items"":[{""date"":""2015-07-31"",""name"":""Commitments submitted in N/1 on"",""type"":""MEvent3""}]}",2015-07-31,,2015-07-31,Merger,,2015-09-17,,,2015-07-31,M.7585,7585,{},,{},,,,Council Regulation 139/2004,,,"{""code"":""NaceSectorsC_26_1_1"",""label"":""C.26.11 - Manufacture of electronic components""}",Normal procedure,,,,NXP SEMICONDUCTORS / FREESCALE SEMICONDUCTOR,,en,M.7585,METADATA_CASE,2015-09-17,,,48367,"{""items"":[{""reference"":""C375"",""publishedDate"":""2015-11-12"",""priorPublication"":""false""}]}",2015-11-12,false,"{""items"":[{""reference"":""IP/15/5674""}]}",,"{""code"":""DecisionType20212"",""label"":""Art. 6(1)(b) with conditions & obligations""}",en,M.7585-DEC48367,METADATA_DECISION
286,6361,https://ec.europa.eu/competition/mergers/cases/decisions/m6263_20111020_20310_2069139_.pdf,M.6263-DEC46329-ATT520,arbitrag*,FR,"ns au niveau de l'EEE25. Cette pression concurrentielle semble due non seulement aux possibilités d'arbitrage dont jouissent les usagers du transport aérien, qui en principe peuvent comparer les prix",2026-06-05T17:49:10.466240,,,520,FR,DDOC,Art. 6(1)(b) -  - m6263-FR,2011-11-11,,2011-11-10,fr,METADATA_DECISION_ATTACHMENT,,,,,,,,,,,,,,,Antitrust,AELIA / AEROPORTS DE PARIS / JV,,2011-10-20,,,,,2011-09-15,Merger,,2011-10-20,,,2011-09-15,M.6263,6263,,,,,,,Council Regulation 139/2004,,,"{""code"":""NaceSectorsL_68_2"",""label"":""L.68.2 - Rental and operating of own or leased real estate""} | {""code"":""NaceSectorsG_47_7"",""label"":""G.47.7 - Retail sale of other goods in specialised stores""}",Normal procedure,false,,,AELIA / AEROPORTS DE PARIS / JV,,en,M.6263,METADATA_CASE,2011-10-20,,,46329,,,false,"{""items"":[{""reference"":""IP/11/1225""}]}",,"{""code"":""DecisionType20310"",""label"":""Art. 6(1)(b)""}",en,M.6263-DEC46329,METADATA_DECISION
287,6393,https://ec.europa.eu/competition/mergers/cases/decisions/m7137_20140625_20310_3804903_FR.pdf,M.7137-DEC47605-ATT1859,arbitrag*,FR,"2. 232. Quatrièmement, les règles de monotonie ont été fixées par la réglementation pour éviter des arbitrages entre semestres par les fournisseurs entre l’ARENH et le prix de marché, et obéir à la lo",2026-06-05T17:49:34.128218,,,1859,FR,DDOC,Art. 6(1)(b) -  - m7137-FR,2014-08-07,,2014-08-06,fr,METADATA_DECISION_ATTACHMENT,Section 1.2 of Form CO,,787,FR,https://ec.europa.eu/competition/mergers/cases/additional_data/m7137_787_3.pdf,DOCS,M7137_Section1_2,2014-05-19,,2014-05-19,fr,M.7137-ATT787,METADATA_CASE_ATTACHMENT,,Antitrust,EDF / DALKIA EN FRANCE,,2014-06-25,,,,,2014-05-16,Merger,,2014-06-25,,M.7145,2014-05-16,M.7137,7137,,,,,,,Council Regulation 139/2004,,,"{""code"":""NaceSectorsD_35"",""label"":""D.35 - Electricity, gas, steam and air conditioning supply""} | {""code"":""NaceSectorsN_81"",""label"":""N.81 - Services to buildings and landscape activities""} | {""code"":""NaceSectorsD_35_1_1"",""label"":""D.35.11 - Production of electricity""} | {""code"":""NaceSectorsD_35_3"",""label"":""D.35.3 - Steam and air conditioning supply""} | {""code"":""NaceSectorsE_38"",""label"":""E.38 - Waste collection, treatment and disposal activities; materials recovery""} | {""code"":""NaceSectorsD_35_1_3"",""label"":""D.35.13 - Distribution of electricity""} | {""code"":""NaceSectorsD_35_2_2"",""label"":""D.35.22 - Distribution of gaseous fuels through mains""}",Normal procedure,false,,,EDF / DALKIA EN FRANCE,,en,M.7137,METADATA_CASE,2014-06-25,,,47605,"{""items"":[{""reference"":""C260"",""publishedDate"":""2014-08-09"",""priorPublication"":""false""}]}",2014-08-09,false,"{""items"":[{""reference"":""IP/14/729""}]}",,"{""code"":""DecisionType20310"",""label"":""Art. 6(1)(b)""}",en,M.7137-DEC47605,METADATA_DECISION
288,6401,https://ec.europa.eu/competition/mergers/cases/decisions/m6286_20120516_20600_3495062_EN.pdf,M.6286-DEC46613-ATT4536,arbitrat*,EN,final set of the proposed commitments with certain clarifications and the addition of a fast-track arbitration clause was submitted on 30 March 2012. 7.3. SFIR's response on the currently proposed co,2026-06-05T17:49:52.152999,,,4536,EN,DDOC,Art. 8(2) with conditions & obligations -  - m6826-8(2)-EN,2014-02-11,,2014-02-10,en,METADATA_DECISION_ATTACHMENT,Opinion of the Advisory Committee,,4518,EN,https://ec.europa.eu/competition/mergers/cases/additional_data/m6286_4518_3.pdf,DOCS,m6286-8(1)-Advisory Opinion-EN,2014-02-11,,2014-02-10,en,M.6286-ATT4518,METADATA_CASE_ATTACHMENT,,Antitrust,SÜDZUCKER / ED&F MAN,,,,"{""items"":[{""date"":""2012-01-24"",""name"":""Commitments submitted in N/2 on"",""type"":""MEvent46""},{""date"":""2011-10-17"",""name"":""Commitments submitted in N/1 on"",""type"":""MEvent3""},{""date"":""2011-12-21"",""name"":""Deadline extended by 5 working days under article 10(3)2 on"",""type"":""MEvent58""},{""date"":""2012-03-16"",""name"":""Commitments submitted in N/2 on"",""type"":""MEvent4""},{""date"":""2012-01-17"",""name"":""Deadline extended by 15 working days under article 10(3)2 on"",""type"":""MEvent58""}]}",2012-01-24 | 2011-10-17 | 2011-12-21 | 2012-03-16 | 2012-01-17,,2011-09-19,Merger,,2012-05-16,,,2011-09-19,M.6286,6286,{},,{},,,,Council Regulation 139/2004,,,"{""code"":""NaceSectorsG_46_3_6"",""label"":""G.46.36 - Wholesale of sugar and chocolate and sugar confectionery""} | {""code"":""NaceSectorsC_10_8_1"",""label"":""C.10.81 - Manufacture of sugar""}",Normal procedure,,,,SÜDZUCKER / ED&F MAN,,en,M.6286,METADATA_CASE,2012-05-16,,,46613,"{""items"":[{""reference"":""C160"",""publishedDate"":""2014-05-27"",""priorPublication"":""false""}]}",2014-05-27,false,"{""items"":[{""reference"":""IP/12/486""}]}",,"{""code"":""DecisionType20600"",""label"":""Art. 8(2) with conditions & obligations""}",en,M.6286-DEC46613,METADATA_DECISION
289,6454,https://ec.europa.eu/competition/mergers/cases/decisions/m7047_687_2.pdf,M.7047-DEC47320-ATT687,arbitrat*,EN,"h Nokia until 2018, […]. Any disagreement regarding royalty payments will be solved through binding arbitration under the rules of arbitration of the International Chamber of Commerce. While Nokia's p",2026-06-05T17:50:24.338597,,,687,EN,DDOC,Art. 6(1)(b) -  - m7047,2014-02-11,,2014-02-10,en,METADATA_DECISION_ATTACHMENT,Section 1.2 of Form CO,,142,EN,https://ec.europa.eu/competition/mergers/cases/additional_data/m7047_142_3.pdf,DOCS,M.7048_Section1_2,2013-11-04,,2013-10-31,en,M.7047-ATT142,METADATA_CASE_ATTACHMENT,,Antitrust,MICROSOFT / NOKIA,,2013-12-04,,,,,2013-10-29,Merger,,2013-12-04,,,2013-10-29,M.7047,7047,{},,{},,,,Council Regulation 139/2004,,,"{""code"":""NaceSectorsC_26_3"",""label"":""C.26.3 - Manufacture of communication equipment""}",Normal procedure,,,,MICROSOFT / NOKIA,,en,M.7047,METADATA_CASE,2013-12-04,,,47320,"{""items"":[{""reference"":""C44"",""publishedDate"":""2014-02-15"",""priorPublication"":""false""}]}",2014-02-15,false,"{""items"":[{""reference"":""IP/13/1210""}]}",,"{""code"":""DecisionType20310"",""label"":""Art. 6(1)(b)""}",en,M.7047-DEC47320,METADATA_DECISION
290,6556,https://ec.europa.eu/competition/mergers/cases/decisions/m6607_20130805_20212_3206867_EN.pdf,M.6607-DEC{C306C917-ECDB-46E5-9DDE-AE88BC1DD155}-ATT2258,arbitrat*,EN,"Clause 6.2, the Requesting Party shall serve a notice (the “Notice”), in the sense of a request for arbitration, to the International Chamber of Commerce (“ICC”) (the “Arbitral Institution”), with a c",2026-06-05T17:53:41.105668,"{""code"":""DocumentCategory0587"",""label"":""Decision - web publication""}",2013-08-05,2258,EN,,,2013-08-06,,2013-08-05,en,METADATA_DECISION_ATTACHMENT,"{""code"":""DocumentCategory0250"",""label"":""Description of the concentration""}",2013-06-18,640,EN,https://ec.europa.eu/competition/mergers/cases/additional_data/m6607_640_3.pdf,,,2013-06-20,,2013-06-18,en,M.6607-ATT640,METADATA_CASE_ATTACHMENT,,,,,,Competition DG,,,"{""items"":[{}]}",2012-05-02,Merger,,2018-04-30,,,2013-06-18,M.6607,6607,"{""items"":[{""reference"":""C:2013:180:"",""webDescription"":"""",""pageNumber"":"""",""referenceNumber"":""180"",""referenceYear"":""2013"",""referenceSeries"":""C"",""publishedDate"":""2013-06-26""}]}",2013-06-26,"{""items"":[{}]}",,,,Council Regulation 139/2004,,,"{""code"":""NaceSectorsH_51_1"",""label"":""H.51.1 - Passenger air transport""}",Normal,,"{""items"":[{""date"":""2013-07-16"",""description"":""Changed deadline - Commitments submitted in N/1 on 16.07.2013"",""type"":""MEvent3"",""label"":""Changed deadline - Commitments submitted in N/1 on DATE_PLACEHOLDER"",""url"":""""}]}",2013-07-16,US AIRWAYS / AMERICAN AIRLINES,"{""code"":""MergerCaseType1"",""label"":""Merger""}",en,M.6607,METADATA_CASE,2013-08-05,,"{""items"":[{}]}",{C306C917-ECDB-46E5-9DDE-AE88BC1DD155},"{""items"":[{""reference"":""C:2013:279:"",""webDescription"":"""",""pageNumber"":"""",""referenceNumber"":""279"",""referenceYear"":""2013"",""referenceSeries"":""C"",""publishedDate"":""2013-09-27""}]}",2013-09-27,,"{""items"":[{""reference"":""IP_13_764"",""webDescription"":"""",""publicationDate"":""2013-09-27""}]}",2013-09-27,"{""code"":""DecisionType20212"",""label"":""Art. 6(1)(b) with conditions & obligations""}",en,M.6607-DEC{C306C917-ECDB-46E5-9DDE-AE88BC1DD155},METADATA_DECISION
291,6557,https://ec.europa.eu/competition/mergers/cases/decisions/m6607_2259_2.pdf,M.6607-DEC{C306C917-ECDB-46E5-9DDE-AE88BC1DD155}-ATT2259,arbitrat*,EN,"Clause 6.2, the Requesting Party shall serve a notice (the “Notice”), in the sense of a request for arbitration, to the International Chamber of Commerce (“ICC”) (the “Arbitral Institution”), with a c",2026-06-05T17:53:53.689900,"{""code"":""DocumentCategory0587"",""label"":""Decision - web publication""}",2013-09-24,2259,EN,,,2013-09-25,,2013-09-24,en,METADATA_DECISION_ATTACHMENT,"{""code"":""DocumentCategory0250"",""label"":""Description of the concentration""}",2013-06-18,640,EN,https://ec.europa.eu/competition/mergers/cases/additional_data/m6607_640_3.pdf,,,2013-06-20,,2013-06-18,en,M.6607-ATT640,METADATA_CASE_ATTACHMENT,,,,,,Competition DG,,,"{""items"":[{}]}",2012-05-02,Merger,,2018-04-30,,,2013-06-18,M.6607,6607,"{""items"":[{""reference"":""C:2013:180:"",""webDescription"":"""",""pageNumber"":"""",""referenceNumber"":""180"",""referenceYear"":""2013"",""referenceSeries"":""C"",""publishedDate"":""2013-06-26""}]}",2013-06-26,"{""items"":[{}]}",,,,Council Regulation 139/2004,,,"{""code"":""NaceSectorsH_51_1"",""label"":""H.51.1 - Passenger air transport""}",Normal,,"{""items"":[{""date"":""2013-07-16"",""description"":""Changed deadline - Commitments submitted in N/1 on 16.07.2013"",""type"":""MEvent3"",""label"":""Changed deadline - Commitments submitted in N/1 on DATE_PLACEHOLDER"",""url"":""""}]}",2013-07-16,US AIRWAYS / AMERICAN AIRLINES,"{""code"":""MergerCaseType1"",""label"":""Merger""}",en,M.6607,METADATA_CASE,2013-08-05,,"{""items"":[{}]}",{C306C917-ECDB-46E5-9DDE-AE88BC1DD155},"{""items"":[{""reference"":""C:2013:279:"",""webDescription"":"""",""pageNumber"":"""",""referenceNumber"":""279"",""referenceYear"":""2013"",""referenceSeries"":""C"",""publishedDate"":""2013-09-27""}]}",2013-09-27,,"{""items"":[{""reference"":""IP_13_764"",""webDescription"":"""",""publicationDate"":""2013-09-27""}]}",2013-09-27,"{""code"":""DecisionType20212"",""label"":""Art. 6(1)(b) with conditions & obligations""}",en,M.6607-DEC{C306C917-ECDB-46E5-9DDE-AE88BC1DD155},METADATA_DECISION
292,6668,https://ec.europa.eu/competition/mergers/cases/decisions/m7873_1821_3.pdf,M.7873-DEC{B7A9913D-4B96-4A76-BC96-0D3934DE2A17}-ATT1821,arbitrat*,EN,rmined by the industry body; e. create a fast track dispute resolution system leading ultimately to arbitration before the International Chamber of Commerce. V.1.2. The results of the market test Merc,2026-06-05T17:55:50.999270,"{""code"":""DocumentCategory0587"",""label"":""Decision - web publication""}",2016-04-20,1821,EN,,,2017-08-18,,2016-04-20,en,METADATA_DECISION_ATTACHMENT,"{""code"":""DocumentCategory0250"",""label"":""Description of the concentration""}",2016-02-26,309,EN,https://ec.europa.eu/competition/mergers/cases/additional_data/m7873_309_3.pdf,,,2016-02-29,,2016-02-26,en,M.7873-ATT309,METADATA_CASE_ATTACHMENT,,,,,,Competition DG,,,"{""items"":[{}]}",2015-11-16,Merger,,2017-03-14,,,2016-02-26,M.7873,7873,"{""items"":[{""reference"":""C:2016:089:"",""webDescription"":"""",""pageNumber"":"""",""referenceNumber"":""89"",""referenceYear"":""2016"",""referenceSeries"":""C"",""publishedDate"":""2016-03-05""}]}",2016-03-05,"{""items"":[{}]}",,,,Council Regulation 139/2004,,,"{""code"":""NaceSectorsK_64"",""label"":""K.64 - Financial service activities, except insurance and pension funding""} | {""code"":""NaceSectorsK_66"",""label"":""K.66 - Activities auxiliary to financial services and insurance activities""}",Normal,,"{""items"":[{""date"":""2016-03-30"",""description"":""Changed deadline - Commitments submitted in N/1 on 30.03.2016"",""type"":""MEvent3"",""label"":""Changed deadline - Commitments submitted in N/1 on DATE_PLACEHOLDER"",""url"":""""}]}",2016-03-30,WORLDLINE / EQUENS / PAYSQUARE,"{""code"":""MergerCaseType1"",""label"":""Merger""}",en,M.7873,METADATA_CASE,2016-04-20,,"{""items"":[{}]}",{B7A9913D-4B96-4A76-BC96-0D3934DE2A17},"{""items"":[{""reference"":""C:2017:279:"",""webDescription"":"""",""pageNumber"":"""",""referenceNumber"":""279"",""referenceYear"":""2017"",""referenceSeries"":""C"",""publishedDate"":""2017-08-23""}]}",2017-08-23,,"{""items"":[{""reference"":""IP_16_1462"",""webDescription"":"""",""publicationDate"":""2017-08-23""}]}",2017-08-23,"{""code"":""DecisionType20212"",""label"":""Art. 6(1)(b) with conditions & obligations""}",en,M.7873-DEC{B7A9913D-4B96-4A76-BC96-0D3934DE2A17},METADATA_DECISION
293,6716,https://ec.europa.eu/competition/mergers/cases/decisions/m6564_20121106_20212_2779342_EN.pdf,M.6564-DEC46827-ATT1341,arbitrat*,EN,lementation. The Final Commitments also foresee a dispute settlement procedure including fast-track arbitration in the event that any dispute arises out of their implementation. 5. COMMISSION'S ASSESS,2026-06-05T17:57:01.458298,,,1341,EN,DDOC,Art. 6(1)(b) with conditions & obligations -  - m6564-6(2),2012-11-26,,2012-11-23,en,METADATA_DECISION_ATTACHMENT,Section 1.2 of Form CO,,601,EN,https://ec.europa.eu/competition/mergers/cases/additional_data/m6564_601_3.pdf,DOCS,M6564_Section1_2,2012-09-18,,2012-09-17,en,M.6564-ATT601,METADATA_CASE_ATTACHMENT,,Antitrust,ARM / GIESECKE & DEVRIENT / GEMALTO / JV | ARM / GIESECKE & DEVRIENT / GEMALTO,,,,"{""items"":[{""date"":""2012-10-12"",""name"":""Commitments submitted in N/1 on"",""type"":""MEvent3""}]}",2012-10-12,,2012-09-14,Merger,,2012-11-06,,,2012-09-14,M.6564,6564,,,,,,,Council Regulation 139/2004,,,"{""code"":""NaceSectorsJ_62"",""label"":""J.62 - Computer programming, consultancy and related activities""}",Normal procedure,false,,,ARM / GIESECKE & DEVRIENT / GEMALTO / JV,,en,M.6564,METADATA_CASE,2012-11-06,,,46827,"{""items"":[{""reference"":""C368"",""publishedDate"":""2012-11-28"",""priorPublication"":""false""}]}",2012-11-28,false,"{""items"":[{""reference"":""IP/12/1181""}]}",,"{""code"":""DecisionType20212"",""label"":""Art. 6(1)(b) with conditions & obligations""}",en,M.6564-DEC46827,METADATA_DECISION
294,6746,https://ec.europa.eu/competition/mergers/cases/decisions/m7421_3169_4.pdf,M.7421-DEC48137-ATT3169,arbitrat*,EN,"ween undertakings (the ""Consolidated Jurisdictional Notice""). Answer: As specified in Section E. 4. Arbitrational Institution: As specified in Section E. 3. Arbitral Tribunal: As specified in Section",2026-06-05T17:57:48.585800,,,3169,EN,DDOC,Decision Article 6(1)b – public version - m7421-8(2)-EN-final,2016-12-19,,2015-05-19,en,METADATA_DECISION_ATTACHMENT,Section 1.2 of Form CO,,99,EN,https://ec.europa.eu/competition/mergers/cases/additional_data/m7421_99_5.pdf,DOCS,M7421_Section1_2,2014-10-17,,2014-10-16,en,M.7421-ATT99,METADATA_CASE_ATTACHMENT,,Antitrust,ORANGE / JAZZTEL,,,,"{""items"":[{""date"":""2014-11-05"",""name"":""Art. 9 request received on"",""type"":""MEvent12""},{""date"":""2015-01-14"",""name"":""Deadline suspended under Article 11(3) [date may differ from the Article 11(3) decision date] from"",""type"":""MEvent7""},{""date"":""2015-03-06"",""name"":""Commitments submitted in N/2 on"",""type"":""MEvent46""},{""date"":""2015-03-27"",""name"":""Deadline suspension under Article 11(3) ended on"",""type"":""MEvent8""},{""date"":""2014-11-13"",""name"":""Commitments submitted in N/1 on"",""type"":""MEvent3""},{""date"":""2015-03-04"",""name"":""Deadline suspended under Article 11(3) [date may differ from the Article 11(3) decision date] from"",""type"":""MEvent7""},{""date"":""2015-01-19"",""name"":""Deadline suspension under Article 11(3) ended on"",""type"":""MEvent8""}]}",2014-11-05 | 2015-01-14 | 2015-03-06 | 2015-03-27 | 2014-11-13 | 2015-03-04 | 2015-01-19,,2014-10-16,Merger,,2015-05-19,,,2014-10-16,M.7421,7421,{},,{},,,,Council Regulation 139/2004,,,"{""code"":""NaceSectorsJ_61"",""label"":""J.61 - Telecommunications""}",Normal procedure,,,,ORANGE / JAZZTEL,,en,M.7421,METADATA_CASE,2015-05-19,,,48137,"{""items"":[{""reference"":""C407"",""publishedDate"":""2015-12-08"",""priorPublication"":""false""}]}",2015-12-08,false,"{""items"":[{""reference"":""IP/15/4997""}]}",,"{""code"":""DecisionType20600"",""label"":""Art. 8(2) with conditions & obligations""}",en,M.7421-DEC48137,METADATA_DECISION
295,6811,https://ec.europa.eu/competition/mergers/cases/decisions/m7449_356_3.pdf,M.7449-DEC{BC2BDAB5-6A89-45C7-B6AD-952D5DF337B3}-ATT356,arbitrag*,FR,pour les horaires de services de 2015 et de 2016 doit être réexaminée en vue d'assurer un meilleur arbitrage entre la prévisibilité des tarifs pour les EF et l'intérêt d'une estimation au plus juste,2026-06-05T17:59:33.833131,"{""code"":""DocumentCategory0587"",""label"":""Decision - web publication""}",2015-05-13,356,FR,,,2016-02-05,,2015-05-13,fr,METADATA_DECISION_ATTACHMENT,"{""code"":""DocumentCategory0599"",""label"":""Other document for publication""}",2016-07-01,419,EN,https://ec.europa.eu/competition/mergers/cases/additional_data/m7449_419_3.pdf,,,2016-07-05,Trustee details,2016-07-01,en,M.7449-ATT419,METADATA_CASE_ATTACHMENT,,,,,,Competition DG,,,"{""items"":[{}]}",2014-10-20,Merger,,2015-05-13,,,2015-03-19,M.7449,7449,"{""items"":[{""reference"":""C:2015:099:"",""webDescription"":"""",""pageNumber"":"""",""referenceNumber"":""99"",""referenceYear"":""2015"",""referenceSeries"":""C"",""publishedDate"":""2015-03-26""}]}",2015-03-26,"{""items"":[{}]}",,,,Council Regulation 139/2004,,,"{""code"":""NaceSectorsH_49_1_0"",""label"":""H.49.10 - Passenger rail transport, interurban""}",Normal,,"{""items"":[{""date"":""2015-04-21"",""description"":""Changed deadline - Commitments submitted in N/1 on 21.04.2015"",""type"":""MEvent3"",""label"":""Changed deadline - Commitments submitted in N/1 on DATE_PLACEHOLDER"",""url"":""""}]}",2015-04-21,SNCF MOBILITES / EUROSTAR INTERNATIONAL LIMITED,"{""code"":""MergerCaseType1"",""label"":""Merger""}",en,M.7449,METADATA_CASE,2015-05-13,,"{""items"":[{}]}",{BC2BDAB5-6A89-45C7-B6AD-952D5DF337B3},"{""items"":[{""reference"":""C:2016:050:"",""webDescription"":"""",""pageNumber"":"""",""referenceNumber"":""50"",""referenceYear"":""2016"",""referenceSeries"":""C"",""publishedDate"":""2016-02-10""}]}",2016-02-10,,"{""items"":[{""reference"":""IP_15_4976"",""webDescription"":"""",""publicationDate"":""2016-02-10""}]}",2016-02-10,"{""code"":""DecisionType20212"",""label"":""Art. 6(1)(b) with conditions & obligations""}",en,M.7449-DEC{BC2BDAB5-6A89-45C7-B6AD-952D5DF337B3},METADATA_DECISION
296,6891,https://ec.europa.eu/competition/mergers/cases/decisions/m7000_20141010_20600_4221982_EN.pdf,M.7000-DEC{D395652D-8DFE-441A-99B8-649E8A3D5474}-ATT3272,arbitrat*,EN,"d the Notifying Party cannot resolve their differences of opinion, the dispute shall be resolved by arbitration under the Rules of the Arbitration Court of the International Chamber of Commerce. The a",2026-06-05T18:00:35.226557,"{""code"":""DocumentCategory0587"",""label"":""Decision - web publication""}",2015-04-28,3272,EN,,,2015-04-29,,2015-04-28,en,METADATA_DECISION_ATTACHMENT,"{""code"":""DocumentCategory0250"",""label"":""Description of the concentration""}",2014-03-14,567,EN,https://ec.europa.eu/competition/mergers/cases/additional_data/m7000_567_4.pdf,,,2014-03-17,,2014-03-14,en,M.7000-ATT567,METADATA_CASE_ATTACHMENT,,,,,,Competition DG,,,"{""items"":[{}]}",2013-07-08,Merger,,2018-05-30,,M.12369,2014-03-14,M.7000,7000,"{""items"":[{""reference"":""C:2018:125:"",""webDescription"":"""",""pageNumber"":"""",""referenceNumber"":""125"",""referenceYear"":""2018"",""referenceSeries"":""C"",""publishedDate"":""2018-04-10""}]}",2018-04-10,"{""items"":[{}]}",,,,Council Regulation 139/2004,2018-04-04,,"{""code"":""NaceSectorsJ_61"",""label"":""J.61 - Telecommunications""} | {""code"":""NaceSectorsJ_60"",""label"":""J.60 - Programming and broadcasting activities""} | {""code"":""NaceSectorsJ_63"",""label"":""J.63 - Information service activities""}",Normal,,"{""items"":[{""date"":""2018-05-03"",""description"":""Changed deadline - Commitments submitted in N/1 on 03.05.2018"",""type"":""MEvent3"",""label"":""Changed deadline - Commitments submitted in N/1 on DATE_PLACEHOLDER"",""url"":""""},{""date"":""2014-08-04"",""description"":""Deadline suspended under Article 11(3) [date may differ from the Article 11(3) decision date] from 04.08.2014"",""type"":""MEvent59"",""label"":""Deadline suspended under Article 11(3) [date may differ from the Article 11(3) decision date] from DATE_PLACEHOLDER"",""url"":""""},{""date"":""2014-05-14"",""description"":""Changed deadline - extension of 20 working days under Article 10(3)2 on 14.05.2014"",""type"":""MEvent10"",""label"":""Changed deadline - extension of NUMBER_PLACEHOLDER working days under Article 10(3)2 on DATE_PLACEHOLDER"",""url"":""""},{""date"":""2014-07-14"",""description"":""Commitments submitted in N/2 on 14.07.2014"",""type"":""MEvent46"",""label"":""Commitments submitted in N/2 on DATE_PLACEHOLDER"",""url"":""""},{""date"":""2014-08-19"",""description"":""Changed deadline - suspension under Article 11(3) ended on 19.08.2014"",""type"":""MEvent60"",""label"":""Changed deadline - suspension under Article 11(3) ended on DATE_PLACEHOLDER"",""url"":""""},{""date"":""2014-03-25"",""description"":""Changed deadline - Art. 9 request received on 25.03.2014"",""type"":""MEvent30"",""label"":""Changed deadline - Art. 9 request received on DATE_PLACEHOLDER"",""url"":""""}]}",2018-05-03 | 2014-08-04 | 2014-05-14 | 2014-07-14 | 2014-08-19 | 2014-03-25,LIBERTY GLOBAL / ZIGGO,"{""code"":""MergerCaseType1"",""label"":""Merger""}",en,M.7000,METADATA_CASE,2014-10-10,,"{""items"":[{}]}",{D395652D-8DFE-441A-99B8-649E8A3D5474},"{""items"":[{}]}",,,"{""items"":[{""reference"":""IP_14_1123"",""webDescription"":"""",""publicationDate"":""2014-10-10""}]}",2014-10-10,"{""code"":""DecisionType20600"",""label"":""Art. 8(2) with conditions & obligations""}",en,M.7000-DEC{D395652D-8DFE-441A-99B8-649E8A3D5474},METADATA_DECISION
297,6892,https://ec.europa.eu/competition/mergers/cases/decisions/m7000_4325_3.pdf,M.7000-DEC{E5681D2A-BBBC-4194-84C0-4AF725FDCF30}-ATT4325,arbitrat*,EN,"Notifying Parties could not resolve their differences of opinion, the dispute had to be resolved by arbitration under the Rules of the Arbitration Court of the International Chamber of Commerce. The a",2026-06-05T18:01:03.287913,"{""code"":""DocumentCategory0587"",""label"":""Decision - web publication""}",2018-05-30,4325,EN,,,2018-09-13,,2018-05-30,en,METADATA_DECISION_ATTACHMENT,"{""code"":""DocumentCategory0250"",""label"":""Description of the concentration""}",2014-03-14,567,EN,https://ec.europa.eu/competition/mergers/cases/additional_data/m7000_567_4.pdf,,,2014-03-17,,2014-03-14,en,M.7000-ATT567,METADATA_CASE_ATTACHMENT,,,,,,Competition DG,,,"{""items"":[{}]}",2013-07-08,Merger,,2018-05-30,,M.12369,2014-03-14,M.7000,7000,"{""items"":[{""reference"":""C:2018:125:"",""webDescription"":"""",""pageNumber"":"""",""referenceNumber"":""125"",""referenceYear"":""2018"",""referenceSeries"":""C"",""publishedDate"":""2018-04-10""}]}",2018-04-10,"{""items"":[{}]}",,,,Council Regulation 139/2004,2018-04-04,,"{""code"":""NaceSectorsJ_61"",""label"":""J.61 - Telecommunications""} | {""code"":""NaceSectorsJ_60"",""label"":""J.60 - Programming and broadcasting activities""} | {""code"":""NaceSectorsJ_63"",""label"":""J.63 - Information service activities""}",Normal,,"{""items"":[{""date"":""2018-05-03"",""description"":""Changed deadline - Commitments submitted in N/1 on 03.05.2018"",""type"":""MEvent3"",""label"":""Changed deadline - Commitments submitted in N/1 on DATE_PLACEHOLDER"",""url"":""""},{""date"":""2014-08-04"",""description"":""Deadline suspended under Article 11(3) [date may differ from the Article 11(3) decision date] from 04.08.2014"",""type"":""MEvent59"",""label"":""Deadline suspended under Article 11(3) [date may differ from the Article 11(3) decision date] from DATE_PLACEHOLDER"",""url"":""""},{""date"":""2014-05-14"",""description"":""Changed deadline - extension of 20 working days under Article 10(3)2 on 14.05.2014"",""type"":""MEvent10"",""label"":""Changed deadline - extension of NUMBER_PLACEHOLDER working days under Article 10(3)2 on DATE_PLACEHOLDER"",""url"":""""},{""date"":""2014-07-14"",""description"":""Commitments submitted in N/2 on 14.07.2014"",""type"":""MEvent46"",""label"":""Commitments submitted in N/2 on DATE_PLACEHOLDER"",""url"":""""},{""date"":""2014-08-19"",""description"":""Changed deadline - suspension under Article 11(3) ended on 19.08.2014"",""type"":""MEvent60"",""label"":""Changed deadline - suspension under Article 11(3) ended on DATE_PLACEHOLDER"",""url"":""""},{""date"":""2014-03-25"",""description"":""Changed deadline - Art. 9 request received on 25.03.2014"",""type"":""MEvent30"",""label"":""Changed deadline - Art. 9 request received on DATE_PLACEHOLDER"",""url"":""""}]}",2018-05-03 | 2014-08-04 | 2014-05-14 | 2014-07-14 | 2014-08-19 | 2014-03-25,LIBERTY GLOBAL / ZIGGO,"{""code"":""MergerCaseType1"",""label"":""Merger""}",en,M.7000,METADATA_CASE,2018-05-30,,"{""items"":[{}]}",{E5681D2A-BBBC-4194-84C0-4AF725FDCF30},"{""items"":[{""reference"":""C:2018:327:"",""webDescription"":"""",""pageNumber"":"""",""referenceNumber"":""327"",""referenceYear"":""2018"",""referenceSeries"":""C"",""publishedDate"":""2018-09-17""}]}",2018-09-17,,"{""items"":[{""reference"":""IP_18_3984"",""webDescription"":"""",""publicationDate"":""2018-09-17""}]}",2018-09-17,"{""code"":""DecisionType20212"",""label"":""Art. 6(1)(b) with conditions & obligations""}",en,M.7000-DEC{E5681D2A-BBBC-4194-84C0-4AF725FDCF30},METADATA_DECISION
298,6913,https://ec.europa.eu/competition/mergers/cases/decisions/m6166_20120201_20610_2711467_EN.pdf,M.6166-DEC46464-ATT7692,arbitrat*,EN,"ion indicated that customers generally tend to value different characteristics of ETDs and OTCs and arbitrate between them depending on their needs at the time of trade. Indeed, customers generally co",2026-06-05T18:02:05.892322,,,7692,EN,DDOC,Art. 8(3) -  - m6166-8(3)-EN,2012-10-17,,2012-10-16,en,METADATA_DECISION_ATTACHMENT,Opinion of the Advisory Committee,,7556,FR,https://ec.europa.eu/competition/mergers/cases/additional_data/m6166_7556_3.pdf,DOCS,m6166-8(3)-AC Opinion-FR,2012-10-18,,2012-10-17,fr,M.6166-ATT7556,METADATA_CASE_ATTACHMENT,,Antitrust,DEUTSCHE BÖRSE / NYSE EURONEXT | DEUTSCHE BÖRSE / NYSE EURONEXT ,,2012-02-09,,"{""items"":[{""date"":""2011-12-16"",""name"":""Deadline extended by 13 working days under article 10(3)2 on"",""type"":""MEvent58""},{""date"":""2011-11-17"",""name"":""Commitments submitted in N/2 on"",""type"":""MEvent4""},{""date"":""2011-10-20"",""name"":""Deadline extended by 7 working days under article 10(3)2 on"",""type"":""MEvent58""}]}",2011-12-16 | 2011-11-17 | 2011-10-20,,2011-06-29,Merger,,2012-02-01,,,2011-06-29,M.6166,6166,{},,{},,,,Council Regulation 139/2004,,,"{""code"":""NaceSectorsK_66"",""label"":""K.66 - Activities auxiliary to financial services and insurance activities""}",Normal procedure,,,,DEUTSCHE BÖRSE / NYSE EURONEXT,,en,M.6166,METADATA_CASE,2012-02-01,,,46464,,,false,"{""items"":[{""reference"":""IP/12/94""}]}",,"{""code"":""DecisionType20610"",""label"":""Art. 8(3)""}",en,M.6166-DEC46464,METADATA_DECISION
299,6921,https://ec.europa.eu/competition/mergers/cases/decisions/m7011_20140919_20310_3981322_FR.pdf,M.7011-DEC47749-ATT747,arbitrag*,FR,"être le cas si cette voix prépondérante ne peut être exprimée qu'à l'issue d'une longue procédure d'arbitrage ou de plusieurs tentatives de conciliation, si elle ne porte que sur un domaine très restr",2026-06-05T18:02:10.101278,,,747,FR,DDOC,Art. 6(1)(b) -  - m7011-FR,2014-12-01,,2014-11-28,fr,METADATA_DECISION_ATTACHMENT,Section 1.2 of Form CO,,363,FR,https://ec.europa.eu/competition/mergers/cases/additional_data/m7011_363_3.pdf,DOCS,M7011_Section1_2,2014-08-20,,2014-08-18,fr,M.7011-ATT363,METADATA_CASE_ATTACHMENT,,Antitrust,SNCF / SNCB / THALYS JV,,2014-09-19,,,,,2014-08-14,Merger,,2014-09-19,,,2014-08-14,M.7011,7011,{},,{},,,,Council Regulation 139/2004,,,"{""code"":""NaceSectorsH_49_1_0"",""label"":""H.49.10 - Passenger rail transport, interurban""}",Normal procedure,,,,SNCF / SNCB / THALYS JV,,en,M.7011,METADATA_CASE,2014-09-19,,,47749,"{""items"":[{""reference"":""C436"",""publishedDate"":""2014-12-05"",""priorPublication"":""false""}]}",2014-12-05,false,"{""items"":[{""reference"":""MEX/14/0922""}]}",,"{""code"":""DecisionType20310"",""label"":""Art. 6(1)(b)""}",en,M.7011-DEC47749,METADATA_DECISION
300,6928,https://ec.europa.eu/competition/mergers/cases/decisions/m7018_6053_3.pdf,M.7018-DEC{DF014291-D3E6-49FD-9266-966D3AD82894}-ATT6053,arbitrat*,EN,"en undertakings (""the Consolidated Jurisdictional No- tice""). Answer: As specified in Section F. 4. Arbitrational Institution: As specified in Section F. 3. Arbitral Tribunal: As specified in Section",2026-06-05T18:02:54.923785,"{""code"":""DocumentCategory0587"",""label"":""Decision - web publication""}",2014-07-02,6053,EN,,,2015-12-15,,2014-07-02,en,METADATA_DECISION_ATTACHMENT,"{""code"":""DocumentCategory0599"",""label"":""Other document for publication""}",2019-02-04,7437,DE,https://ec.europa.eu/competition/mergers/cases/additional_data/m7018_7437_3.pdf,,,2019-08-29,"Arbitration Award DIS-SV-KR-833-18, mobilcom-debitel v Telefónica Germany and Telefónica Deutschland Holding",2019-02-04,de,M.7018-ATT7437,METADATA_CASE_ATTACHMENT,,,,,,Competition DG,,,"{""items"":[{}]}",2013-07-29,Merger,,2014-07-02,,M.9003.AP,2013-10-31,M.7018,7018,"{""items"":[{""reference"":""C:2013:351:"",""webDescription"":"""",""pageNumber"":"""",""referenceNumber"":""351"",""referenceYear"":""2013"",""referenceSeries"":""C"",""publishedDate"":""2013-11-30""}]}",2013-11-30,"{""items"":[{}]}",,,,Council Regulation 139/2004,,,"{""code"":""NaceSectorsJ_61_2_0"",""label"":""J.61.20 - Wireless telecommunications activities""}",Normal,,"{""items"":[{""date"":""2014-04-10"",""description"":""Changed deadline - Commitments submitted in N/2 on 10.04.2014"",""type"":""MEvent4"",""label"":""Changed deadline - Commitments submitted in N/2 on DATE_PLACEHOLDER"",""url"":""""},{""date"":""2014-05-23"",""description"":""Changed deadline - extension of 5 working days under Article 10(3)2 on 23.05.2014"",""type"":""MEvent58"",""label"":""Changed deadline - extension of NUMBER_PLACEHOLDER working days under Article 10(3)2 on DATE_PLACEHOLDER"",""url"":""""},{""date"":""2014-05-05"",""description"":""Deadline suspended under Article 11(3) [date may differ from the Article 11(3) decision date] from 05.05.2014"",""type"":""MEvent59"",""label"":""Deadline suspended under Article 11(3) [date may differ from the Article 11(3) decision date] from DATE_PLACEHOLDER"",""url"":""""},{""date"":""2014-04-02"",""description"":""Changed deadline - extension of 10 working days under Article 10(3)2 on 02.04.2014"",""type"":""MEvent58"",""label"":""Changed deadline - extension of NUMBER_PLACEHOLDER working days under Article 10(3)2 on DATE_PLACEHOLDER"",""url"":""""},{""date"":""2014-05-07"",""description"":""Changed deadline - suspension under Article 11(3) ended on 07.05.2014"",""type"":""MEvent60"",""label"":""Changed deadline - suspension under Article 11(3) ended on DATE_PLACEHOLDER"",""url"":""""},{""date"":""2013-11-20"",""description"":""Changed deadline - Art. 9 request received on 20.11.2013"",""type"":""MEvent30"",""label"":""Changed deadline - Art. 9 request received on DATE_PLACEHOLDER"",""url"":""""}]}",2014-04-10 | 2014-05-23 | 2014-05-05 | 2014-04-02 | 2014-05-07 | 2013-11-20,TELEFONICA DEUTSCHLAND / E-PLUS,"{""code"":""MergerCaseType1"",""label"":""Merger""}",en,M.7018,METADATA_CASE,2014-07-02,,"{""items"":[{}]}",{DF014291-D3E6-49FD-9266-966D3AD82894},"{""items"":[{""reference"":""C:2015:086:"",""webDescription"":"""",""pageNumber"":"""",""referenceNumber"":""86"",""referenceYear"":""2015"",""referenceSeries"":""C"",""publishedDate"":""2015-03-13""}]}",2015-03-13,,"{""items"":[{""reference"":""IP_14_771"",""webDescription"":"""",""publicationDate"":""2015-03-13""}]}",2015-03-13,"{""code"":""DecisionType20600"",""label"":""Art. 8(2) with conditions & obligations""}",en,M.7018-DEC{DF014291-D3E6-49FD-9266-966D3AD82894},METADATA_DECISION
301,6982,https://ec.europa.eu/competition/mergers/cases/decisions/m6095_417_2.pdf,M.6095-DEC45984-ATT417,arbitrat*,EN,", except in exceptional circumstances and agreed with Alcatel-Lucent in advance. 114. Moreover, the arbitration provisions in the Extended Agreement provide an effective check of Ericsson’s compliance",2026-06-05T18:03:41.283475,,,417,EN,DDOC,Art. 6(1)(b) -  - m6095,2011-04-08,,2011-04-07,en,METADATA_DECISION_ATTACHMENT,Section 1.2 of Form CO,,176,EN,https://ec.europa.eu/competition/mergers/cases/additional_data/m6095_176_3.pdf,DOCS,M 6095_Section1_2,2011-01-21,,2011-01-20,en,M.6095-ATT176,METADATA_CASE_ATTACHMENT,,Antitrust,ERICSSON / NORTEL GROUP (MSS & GLOBAL SERVICES),,2011-03-03,,"{""items"":[{""date"":""2011-02-10"",""name"":""Commitments submitted in N/1 on"",""type"":""MEvent3""}]}",2011-02-10,,2011-01-13,Merger,,2011-03-02,,M.6027,2011-01-13,M.6095,6095,,,,,,,Council Regulation 139/2004,,,"{""code"":""NaceSectorsJ_61"",""label"":""J.61 - Telecommunications""}",Normal procedure,false,,,ERICSSON / NORTEL GROUP (MSS & GLOBAL SERVICES),,en,M.6095,METADATA_CASE,2011-03-02,,,45984,"{""items"":[{""reference"":""C117"",""publishedDate"":""2011-04-15"",""priorPublication"":""false""}]}",2011-04-15,false,"{""items"":[{""reference"":""IP/11/249""}]}",,"{""code"":""DecisionType20310"",""label"":""Art. 6(1)(b)""}",en,M.6095-DEC45984,METADATA_DECISION
302,7079,https://ec.europa.eu/competition/mergers/cases/decisions/m7822_494_3.pdf,M.7822-DEC{03DECCF5-CA90-4DC3-975E-0A922126736B}-ATT494,arbitrat*,EN,"ubstantially improved the enforcement provisions of the Commitments, which now include a fast track arbitration procedure for dispute settlement. (172) The revised Commitments address the problems ide",2026-06-05T18:05:35.120379,"{""code"":""DocumentCategory0587"",""label"":""Decision - web publication""}",2016-02-25,494,EN,,,2016-07-15,,2016-02-25,en,METADATA_DECISION_ATTACHMENT,"{""code"":""DocumentCategory0250"",""label"":""Description of the concentration""}",2016-01-07,57,EN,https://ec.europa.eu/competition/mergers/cases/additional_data/m7822_57_3.pdf,,,2016-01-08,,2016-01-07,en,M.7822-ATT57,METADATA_CASE_ATTACHMENT,,,,,,Competition DG,,,"{""items"":[{}]}",2015-10-12,Merger,,2016-02-25,,,2016-01-07,M.7822,7822,"{""items"":[{""reference"":""C:2016:012:"",""webDescription"":"""",""pageNumber"":"""",""referenceNumber"":""12"",""referenceYear"":""2016"",""referenceSeries"":""C"",""publishedDate"":""2016-01-15""}]}",2016-01-15,"{""items"":[{}]}",,,,Council Regulation 139/2004,,,"{""code"":""NaceSectorsC_32_5"",""label"":""C.32.5 - Manufacture of medical and dental instruments and supplies""}",Normal,,"{""items"":[{""date"":""2016-02-04"",""description"":""Changed deadline - Commitments submitted in N/1 on 04.02.2016"",""type"":""MEvent3"",""label"":""Changed deadline - Commitments submitted in N/1 on DATE_PLACEHOLDER"",""url"":""""}]}",2016-02-04,DENTSPLY / SIRONA,"{""code"":""MergerCaseType1"",""label"":""Merger""}",en,M.7822,METADATA_CASE,2016-02-25,,"{""items"":[{}]}",{03DECCF5-CA90-4DC3-975E-0A922126736B},"{""items"":[{}]}",,,"{""items"":[{""reference"":""IP_16_425"",""webDescription"":"""",""publicationDate"":""2016-02-25""}]}",2016-02-25,"{""code"":""DecisionType20212"",""label"":""Art. 6(1)(b) with conditions & obligations""}",en,M.7822-DEC{03DECCF5-CA90-4DC3-975E-0A922126736B},METADATA_DECISION
303,7162,https://ec.europa.eu/competition/mergers/cases1/202114/m9945_1174_3.pdf,M.9945-DEC{DA7CA69D-168E-466D-AA52-F71C1EF98EDF}-ATT1174,arbitrat*,EN,", which would enable third parties to receive speedy and effective adjudication through independent arbitrators. Importantly, the Commission would retain control of the procedure as the arbitrators wo",2026-06-05T18:06:23.076155,"{""code"":""DocumentCategory0587"",""label"":""Decision - web publication""}",2021-02-19,1174,EN,,,2021-03-31,,2021-02-19,en,METADATA_DECISION_ATTACHMENT,"{""code"":""DocumentCategory0250"",""label"":""Description of the concentration""}",2021-01-04,377,EN,https://ec.europa.eu/competition/mergers/cases1/20212/m9945_377_3.pdf,,,2021-01-06,,2021-01-04,en,M.9945-ATT377,METADATA_CASE_ATTACHMENT,,,,,,Competition DG,,,"{""items"":[{}]}",2020-08-11,Merger,,2021-02-19,,,2020-12-23,M.9945,9945,"{""items"":[{""reference"":""C:2021:008:"",""webDescription"":"""",""pageNumber"":"""",""referenceNumber"":""8"",""referenceYear"":""2021"",""referenceSeries"":""C"",""publishedDate"":""2021-01-11""}]}",2021-01-11,"{""items"":[{}]}",,,,Council Regulation 139/2004,,,"{""code"":""NaceSectorsC_26_6_0"",""label"":""C.26.60 - Manufacture of irradiation, electromedical and electrotherapeutic equipment""}",Normal,,"{""items"":[{""date"":""2021-01-29"",""description"":""Changed deadline - Commitments submitted in N/1 on 29.01.2021"",""type"":""MEvent3"",""label"":""Changed deadline - Commitments submitted in N/1 on DATE_PLACEHOLDER"",""url"":""""}]}",2021-01-29,SIEMENS HEALTHINEERS / VARIAN MEDICAL SYSTEMS,"{""code"":""MergerCaseType1"",""label"":""Merger""}",en,M.9945,METADATA_CASE,2021-02-19,,"{""items"":[{}]}",{DA7CA69D-168E-466D-AA52-F71C1EF98EDF},"{""items"":[{""reference"":""C:2021:121:"",""webDescription"":"""",""pageNumber"":"""",""referenceNumber"":""121"",""referenceYear"":""2021"",""referenceSeries"":""C"",""publishedDate"":""2021-04-09""}]}",2021-04-09,,"{""items"":[{""reference"":""IP_21_704"",""webDescription"":"""",""publicationDate"":""2021-04-09""}]}",2021-04-09,"{""code"":""DecisionType20212"",""label"":""Art. 6(1)(b) with conditions & obligations""}",en,M.9945-DEC{DA7CA69D-168E-466D-AA52-F71C1EF98EDF},METADATA_DECISION
304,7243,https://ec.europa.eu/competition/mergers/cases/decisions/m9502_1378_3.pdf,M.9502-DEC{FBDFA30A-85C5-4688-8D67-1E1FC647B50C}-ATT1378,arbitrat*,EN,"eration and consultation as provided for in the previous paragraph, the Purchaser shall nominate an arbitrator. 53. Synthomer shall, within two (2) weeks of receiving notification in writing of the ap",2026-06-05T18:08:13.554699,"{""code"":""DocumentCategory0587"",""label"":""Decision - web publication""}",2020-01-15,1378,EN,,,2020-04-15,,2020-01-15,en,METADATA_DECISION_ATTACHMENT,"{""code"":""DocumentCategory0250"",""label"":""Description of the concentration""}",2019-11-18,239,EN,https://ec.europa.eu/competition/mergers/cases/additional_data/m9502_239_3.pdf,,,2019-11-19,,2019-11-18,en,M.9502-ATT239,METADATA_CASE_ATTACHMENT,,,,,,Competition DG,,,"{""items"":[{}]}",2019-07-29,Merger,,2020-03-26,,,2019-11-15,M.9502,9502,"{""items"":[{""reference"":""C:2019:398:"",""webDescription"":"""",""pageNumber"":"""",""referenceNumber"":""398"",""referenceYear"":""2019"",""referenceSeries"":""C"",""publishedDate"":""2019-11-25""}]}",2019-11-25,"{""items"":[{}]}",,,,Council Regulation 139/2004,,,"{""code"":""NaceSectorsC_20"",""label"":""C.20 - Manufacture of chemicals and chemical products""}",Normal,,"{""items"":[{""date"":""2019-12-13"",""description"":""Changed deadline - Commitments submitted in N/1 on 13.12.2019"",""type"":""MEvent3"",""label"":""Changed deadline - Commitments submitted in N/1 on DATE_PLACEHOLDER"",""url"":""""}]}",2019-12-13,SYNTHOMER / OMNOVA SOLUTIONS,"{""code"":""MergerCaseType1"",""label"":""Merger""}",en,M.9502,METADATA_CASE,2020-01-15,,"{""items"":[{}]}",{FBDFA30A-85C5-4688-8D67-1E1FC647B50C},"{""items"":[{""reference"":""C:2020:127:"",""webDescription"":"""",""pageNumber"":"""",""referenceNumber"":""127"",""referenceYear"":""2020"",""referenceSeries"":""C"",""publishedDate"":""2020-04-20""}]}",2020-04-20,,"{""items"":[{""reference"":""IP_20_65"",""webDescription"":"""",""publicationDate"":""2020-04-20""}]}",2020-04-20,"{""code"":""DecisionType20212"",""label"":""Art. 6(1)(b) with conditions & obligations""}",en,M.9502-DEC{FBDFA30A-85C5-4688-8D67-1E1FC647B50C},METADATA_DECISION
305,7288,https://ec.europa.eu/competition/mergers/cases/decisions/m8665_687_3.pdf,M.8665-DEC49909-ATT687,arbitrat*,EN,"tice, Paragraph 10. 70 Remedies Notice, Paragraph 61. 24 (115) The Initial Commitments provided for arbitration as a means of resolving possible disputes relating to the Notifying Party's compliance w",2026-06-05T18:10:09.468856,,,687,EN,DDOC,Decision Article 6(2) – public version - m8665-6(2),2018-02-27,,2018-02-06,en,METADATA_DECISION_ATTACHMENT,Trustee details,,688,EN,https://ec.europa.eu/competition/mergers/cases/additional_data/m8665_688_3.pdf,DOCS,Publication of Trustee details - M.8665 Trustee_publication of details,2018-02-27,,2018-02-26,en,M.8665-ATT688,METADATA_CASE_ATTACHMENT,,Antitrust,DISCOVERY / SCRIPPS,,,,"{""items"":[{""date"":""2018-01-04"",""name"":""Art. 9 request received on"",""type"":""MEvent12""},{""date"":""2018-01-16"",""name"":""Commitments submitted in N/1 on"",""type"":""MEvent3""}]}",2018-01-04 | 2018-01-16,,2017-12-08,Merger,,2018-02-06,,,2017-12-08,M.8665,8665,{},,{},,,,Council Regulation 139/2004,,,"{""code"":""NaceSectorsJ_61"",""label"":""J.61 - Telecommunications""} | {""code"":""NaceSectorsJ_60_2"",""label"":""J.60.2 - Television programming and broadcasting activities""} | {""code"":""NaceSectorsM_73"",""label"":""M.73 - Advertising and market research""}",Normal procedure,,,,DISCOVERY / SCRIPPS,,en,M.8665,METADATA_CASE,2018-02-06,,,49909,"{""items"":[{""reference"":""C77"",""publishedDate"":""2018-03-01"",""priorPublication"":""false""}]}",2018-03-01,false,"{""items"":[{""reference"":""IP/18/670""}]}",,"{""code"":""DecisionType20212"",""label"":""Art. 6(1)(b) with conditions & obligations""}",en,M.8665-DEC49909,METADATA_DECISION
306,7420,https://ec.europa.eu/competition/mergers/cases1/202111/m9554_2093_4.pdf,M.9554-DEC{08B7C752-E7A6-42BF-88F8-68E92C901FBB}-ATT2093,arbitrat*,EN,"Consultation Phase, the Purchaser may serve a notice (the “Notice”), in the sense of a request for arbitration, to the International Chamber of Commerce (the “Arbitral Institution”), with a copy of s",2026-06-05T18:13:12.101753,"{""code"":""DocumentCategory0587"",""label"":""Decision - web publication""}",2020-06-08,2093,EN,,,2021-03-12,,2020-06-08,en,METADATA_DECISION_ATTACHMENT,"{""code"":""DocumentCategory0250"",""label"":""Description of the concentration""}",2020-04-15,355,EN,https://ec.europa.eu/competition/mergers/cases/additional_data/m9554_355_3.pdf,,,2020-04-16,,2020-04-15,en,M.9554-ATT355,METADATA_CASE_ATTACHMENT,,,,,,Competition DG,,,"{""items"":[{}]}",2019-08-27,Merger,,2021-02-05,,,2020-04-14,M.9554,9554,"{""items"":[{""reference"":""C:2020:132:"",""webDescription"":"""",""pageNumber"":"""",""referenceNumber"":""132"",""referenceYear"":""2020"",""referenceSeries"":""C"",""publishedDate"":""2020-04-23""}]}",2020-04-23,"{""items"":[{}]}",,,,Council Regulation 139/2004,,,"{""code"":""NaceSectorsC_21_1"",""label"":""C.21.1 - Manufacture of basic pharmaceutical products""}",Normal,,"{""items"":[{""date"":""2020-05-13"",""description"":""Changed deadline - Commitments submitted in N/1 on 13.05.2020"",""type"":""MEvent3"",""label"":""Changed deadline - Commitments submitted in N/1 on DATE_PLACEHOLDER"",""url"":""""}]}",2020-05-13,ELANCO ANIMAL HEALTH / BAYER ANIMAL HEALTH DIVISION,"{""code"":""MergerCaseType1"",""label"":""Merger""}",en,M.9554,METADATA_CASE,2020-06-08,,"{""items"":[{}]}",{08B7C752-E7A6-42BF-88F8-68E92C901FBB},"{""items"":[{""reference"":""C:2021:091:"",""webDescription"":"""",""pageNumber"":"""",""referenceNumber"":""91"",""referenceYear"":""2021"",""referenceSeries"":""C"",""publishedDate"":""2021-03-18""}]}",2021-03-18,,"{""items"":[{""reference"":""IP_20_1020"",""webDescription"":"""",""publicationDate"":""2021-03-18""}]}",2021-03-18,"{""code"":""DecisionType20212"",""label"":""Art. 6(1)(b) with conditions & obligations""}",en,M.9554-DEC{08B7C752-E7A6-42BF-88F8-68E92C901FBB},METADATA_DECISION
307,7450,https://ec.europa.eu/competition/mergers/cases1/202143/M_9564_7982342_9230_3.pdf,M.9564-DEC{37CF2B5A-FC54-427B-B677-824A3051006F}-ATT9230,arbitrat*,EN,".................................................................. 710 5.3.1.4. Monitoring Trustee, arbitration and duration of the Initial Commitments .............. 712 5.3.2. Results of the Market",2026-06-05T18:15:00.375849,"{""code"":""DocumentCategory0587"",""label"":""Decision - web publication""}",2021-01-13,9230,EN,,,2021-10-22,,2021-01-13,en,METADATA_DECISION_ATTACHMENT,"{""code"":""DocumentCategory0250"",""label"":""Description of the concentration""}",2020-05-14,952,EN,https://ec.europa.eu/competition/mergers/cases1/202039/m9564_952_6.pdf,,,2020-05-15,,2020-05-14,en,M.9564-ATT952,METADATA_CASE_ATTACHMENT,,,,,,Competition DG,,,"{""items"":[{}]}",2019-09-03,Merger,,2021-02-26,,,2020-05-13,M.9564,9564,"{""items"":[{""reference"":""C:2020:174:"",""webDescription"":"""",""pageNumber"":"""",""referenceNumber"":""174"",""referenceYear"":""2020"",""referenceSeries"":""C"",""publishedDate"":""2020-05-25""}]}",2020-05-25,"{""items"":[{}]}",,,,Council Regulation 139/2004,,,"{""code"":""NaceSectorsK_66_1_9"",""label"":""K.66.19 - Other activities auxiliary to financial services, except insurance and pension funding""} | {""code"":""NaceSectorsK_66_1_1"",""label"":""K.66.11 - Administration of financial markets""}",Normal,,"{""items"":[{""date"":""2020-08-31"",""description"":""Changed deadline - suspension under Article 11(3) ended on 31.08.2020"",""type"":""MEvent60"",""label"":""Changed deadline - suspension under Article 11(3) ended on DATE_PLACEHOLDER"",""url"":""""},{""date"":""2020-07-13"",""description"":""Deadline suspended under Article 11(3) [date may differ from the Article 11(3) decision date] from 13.07.2020"",""type"":""MEvent59"",""label"":""Deadline suspended under Article 11(3) [date may differ from the Article 11(3) decision date] from DATE_PLACEHOLDER"",""url"":""""},{""date"":""2020-11-23"",""description"":""Changed deadline - extension of 4 working days under Article 10(3)2 on 23.11.2020"",""type"":""MEvent58"",""label"":""Changed deadline - extension of NUMBER_PLACEHOLDER working days under Article 10(3)2 on DATE_PLACEHOLDER"",""url"":""""},{""date"":""2020-11-05"",""description"":""Changed deadline - Commitments submitted in N/2 on 05.11.2020"",""type"":""MEvent4"",""label"":""Changed deadline - Commitments submitted in N/2 on DATE_PLACEHOLDER"",""url"":""""}]}",2020-08-31 | 2020-07-13 | 2020-11-23 | 2020-11-05,LSEG / REFINITIV BUSINESS,"{""code"":""MergerCaseType1"",""label"":""Merger""}",en,M.9564,METADATA_CASE,2021-01-13,,"{""items"":[{}]}",{37CF2B5A-FC54-427B-B677-824A3051006F},"{""items"":[{""reference"":""C:2021:434:"",""webDescription"":"""",""pageNumber"":"""",""referenceNumber"":""434"",""referenceYear"":""2021"",""referenceSeries"":""C"",""publishedDate"":""2021-10-27""}]}",2021-10-27,,"{""items"":[{""reference"":""IP_21_103"",""webDescription"":"""",""publicationDate"":""2021-10-27""}]}",2021-10-27,"{""code"":""DecisionType20600"",""label"":""Art. 8(2) with conditions & obligations""}",en,M.9564-DEC{37CF2B5A-FC54-427B-B677-824A3051006F},METADATA_DECISION
308,7495,https://ec.europa.eu/competition/mergers/cases/decisions/m8242_701_7.pdf,M.8242-DEC49386-ATT701,arbitrat*,EN,"Commitments, an EPI Conflict of Interest arises […]. (255) The Initial Commitments also include an arbitration mechanism (under the ICC Rules of Arbitration), that [members of the EPI consortium] can",2026-06-05T18:16:44.079102,,,701,EN,DDOC,Decision 6(1)b & 6(2) - public version,2017-07-05,,2017-04-19,en,METADATA_DECISION_ATTACHMENT,Trustee details,,684,EN,https://ec.europa.eu/competition/mergers/cases/additional_data/m8242_684_5.pdf,DOCS,Publication of Trustee details - M.8242-Trustee_publication of details,2017-05-17,,2017-05-17,en,M.8242-ATT684,METADATA_CASE_ATTACHMENT,,Antitrust,ROLLS-ROYCE / ITP,,,,"{""items"":[{""date"":""2017-03-24"",""name"":""Commitments submitted in N/1 on"",""type"":""MEvent3""}]}",2017-03-24,,2017-02-24,Merger,,2017-04-19,,,2017-02-24,M.8242,8242,{},,{},,,,Council Regulation 139/2004,,,"{""code"":""NaceSectorsC_33_1_6"",""label"":""C.33.16 - Repair and maintenance of aircraft and spacecraft""} | {""code"":""NaceSectorsC_30_3"",""label"":""C.30.3 - Manufacture of air and spacecraft and related machinery""} | {""code"":""NaceSectorsC_28_1_1"",""label"":""C.28.11 - Manufacture of engines and turbines, except aircraft, vehicle and cycle engines""}",Normal procedure,,,,ROLLS-ROYCE / ITP,,en,M.8242,METADATA_CASE,2017-04-19,,,49386,"{""items"":[{""reference"":""C220"",""publishedDate"":""2017-07-08"",""priorPublication"":""false""}]}",2017-07-08,false,"{""items"":[{""reference"":""IP/17/1024""}]}",,"{""code"":""DecisionType20212"",""label"":""Art. 6(1)(b) with conditions & obligations""}",en,M.8242-DEC49386,METADATA_DECISION
309,7508,https://ec.europa.eu/competition/mergers/cases/decisions/m8137_359_2.pdf,M.8137-DEC49156-ATT359,arbitrat*,EN,"e BoD, which takes a final decision at the simple majority of its members. As a consequence, if the arbitration procedure fails, HNA may ultimately exercise a casting vote and decide alone on the budg",2026-06-05T18:16:58.179269,,,359,EN,DDOC,Decision Art. 6(1)(b) - public version - M.8137ID000357-m8137,2017-02-07,,2016-12-08,en,METADATA_DECISION_ATTACHMENT,Section 1.2 of Form CO,,133,EN,https://ec.europa.eu/competition/mergers/cases/additional_data/m8137_133_3.pdf,DOCS,Publication of Section 1.2 of Form CO - M.8137_Section1_2,2016-11-04,,2016-11-03,en,M.8137-ATT133,METADATA_CASE_ATTACHMENT,,Antitrust,HNA GROUP / SERVAIR,,2016-12-08,,,,,2016-11-03,Merger,,2016-12-08,,,2016-11-03,M.8137,8137,,,,,,,Council Regulation 139/2004,,,"{""code"":""NaceSectorsH_51_1"",""label"":""H.51.1 - Passenger air transport""} | {""code"":""NaceSectorsH_52_2_3"",""label"":""H.52.23 - Service activities incidental to air transportation""}",Normal procedure,false,,,HNA GROUP / SERVAIR,,en,M.8137,METADATA_CASE,2016-12-08,,,49156,"{""items"":[{""reference"":""C45"",""publishedDate"":""2017-02-11"",""priorPublication"":""false""}]}",2017-02-11,false,"{""items"":[{""reference"":""MEX/16/4341""}]}",,"{""code"":""DecisionType20310"",""label"":""Art. 6(1)(b)""}",en,M.8137-DEC49156,METADATA_DECISION
310,7529,https://ec.europa.eu/competition/mergers/cases/decisions/m8146_288_3.pdf,M.8146-DEC49108-ATT288,arbitrat*,EN,"year with each individual hospital the budgets for the year to come.35 In case of disagreement, an arbitration procedure is initiated.36 (32) Concerning somatic illnesses, acute hospital services are",2026-06-05T18:17:22.647034,,,288,EN,DDOC,Decision Article 6(1)b – public version - m8146,2016-12-05,,2016-11-15,en,METADATA_DECISION_ATTACHMENT,Section 1.2 of Form CO,,116,EN,https://ec.europa.eu/competition/mergers/cases/additional_data/m8146_116_5.pdf,DOCS,Publication of Section 1.2 of Form CO - M.8146_Section1_2,2016-10-10,,2016-10-07,en,M.8146-ATT116,METADATA_CASE_ATTACHMENT,,Antitrust,CARLYLE / SCHÖN KLINIK | CARLYLE / SCHÖN FAMILY / SCHÖN KLINIK,,2016-11-15,,,,,2016-10-07,Merger,,2016-11-15,,,2016-10-07,M.8146,8146,,,,,,,Council Regulation 139/2004,,,"{""code"":""NaceSectorsQ_86_1_0"",""label"":""Q.86.10 - Hospital activities""}",Normal procedure,false,,,CARLYLE / SCHÖN FAMILY / SCHÖN KLINIK,,en,M.8146,METADATA_CASE,2016-11-15,,,49108,"{""items"":[{""reference"":""C456"",""publishedDate"":""2016-12-07"",""priorPublication"":""false""}]}",2016-12-07,false,"{""items"":[{""reference"":""MEX/16/3742""}]}",,"{""code"":""DecisionType20310"",""label"":""Art. 6(1)(b)""}",en,M.8146-DEC49108,METADATA_DECISION
311,7567,https://ec.europa.eu/competition/mergers/cases1/202121/m9014_8817_6.pdf,M.9014-DEC{F85A0DF3-6760-452A-9440-6CDC67C6A3A9}-ATT8817,arbitrat*,EN,"differences of opinion through cooperation and consultation, the Requesting Party may initiate the arbitration process described below. The arbitration process shall be used only to resolve disputes",2026-06-05T18:18:59.464562,"{""code"":""DocumentCategory0587"",""label"":""Decision - web publication""}",2020-07-14,8817,EN,,,2021-05-18,,2020-07-14,en,METADATA_DECISION_ATTACHMENT,"{""code"":""DocumentCategory0582"",""label"":""Final report of the Hearing Officer""}",2020-07-02,8818,EN,https://ec.europa.eu/competition/mergers/cases1/202121/m9014_8818_3.pdf,,,2021-05-18,,2020-07-02,en,M.9014-ATT8818,METADATA_CASE_ATTACHMENT,,,,,,Competition DG,,,"{""items"":[{}]}",2018-06-19,Merger,,2022-06-20,,M.10649 | M.10696 | M.10697 | M.10652,2019-07-03,M.9014,9014,"{""items"":[{""reference"":""C:2019:232:"",""webDescription"":"""",""pageNumber"":"""",""referenceNumber"":""232"",""referenceYear"":""2019"",""referenceSeries"":""C"",""publishedDate"":""2019-07-10""}]}",2019-07-10,"{""items"":[{}]}",,,,Council Regulation 139/2004,,,"{""code"":""NaceSectorsC_19_2"",""label"":""C.19.2 - Manufacture of refined petroleum products""} | {""code"":""NaceSectorsB_9_1"",""label"":""B.09.1 - Support activities for petroleum and natural gas extraction""} | {""code"":""NaceSectorsG_47_3_0"",""label"":""G.47.30 - Retail sale of automotive fuel in specialised stores""} | {""code"":""NaceSectorsD_35_1"",""label"":""D.35.1 - Electric power generation, transmission and distribution""} | {""code"":""NaceSectorsB_6"",""label"":""B.06 - Extraction of crude petroleum and natural gas""} | {""code"":""NaceSectorsD_35"",""label"":""D.35 - Electricity, gas, steam and air conditioning supply""}",Normal,,"{""items"":[{""date"":""2020-02-28"",""description"":""Changed deadline - suspension under Article 11(3) ended on 28.02.2020"",""type"":""MEvent60"",""label"":""Changed deadline - suspension under Article 11(3) ended on DATE_PLACEHOLDER"",""url"":""""},{""date"":""2019-08-07"",""description"":""Changed deadline - extension of 20 working days under Article 10(3)2 on 07.08.2019"",""type"":""MEvent10"",""label"":""Changed deadline - extension of NUMBER_PLACEHOLDER working days under Article 10(3)2 on DATE_PLACEHOLDER"",""url"":""""},{""date"":""2019-09-20"",""description"":""Deadline suspended under Article 11(3) [date may differ from the Article 11(3) decision date] from 20.09.2019"",""type"":""MEvent59"",""label"":""Deadline suspended under Article 11(3) [date may differ from the Article 11(3) decision date] from DATE_PLACEHOLDER"",""url"":""""},{""date"":""2020-05-25"",""description"":""Changed deadline - Commitments submitted in N/2 on 25.05.2020"",""type"":""MEvent4"",""label"":""Changed deadline - Commitments submitted in N/2 on DATE_PLACEHOLDER"",""url"":""""},{""date"":""2020-05-04"",""description"":""Commitments submitted in N/2 on 04.05.2020"",""type"":""MEvent46"",""label"":""Commitments submitted in N/2 on DATE_PLACEHOLDER"",""url"":""""}]}",2020-02-28 | 2019-08-07 | 2019-09-20 | 2020-05-25 | 2020-05-04,PKN ORLEN / GRUPA LOTOS,"{""code"":""MergerCaseType1"",""label"":""Merger""}",en,M.9014,METADATA_CASE,2020-07-14,,"{""items"":[{}]}",{F85A0DF3-6760-452A-9440-6CDC67C6A3A9},"{""items"":[{""reference"":""C:2021:196:"",""webDescription"":"""",""pageNumber"":"""",""referenceNumber"":""196"",""referenceYear"":""2021"",""referenceSeries"":""C"",""publishedDate"":""2021-05-25""}]}",2021-05-25,,"{""items"":[{""reference"":""IP_20_1346"",""webDescription"":"""",""publicationDate"":""2021-05-25""}]}",2021-05-25,"{""code"":""DecisionType20600"",""label"":""Art. 8(2) with conditions & obligations""}",en,M.9014-DEC{F85A0DF3-6760-452A-9440-6CDC67C6A3A9},METADATA_DECISION
312,7635,https://ec.europa.eu/competition/mergers/cases/decisions/m9041_263_7.pdf,M.9041-DEC{5B0C9D16-E8DE-43BE-913C-51615BBA6665}-ATT263,arbitrat*,EN,"e procedure to be followed within […] calendar days of their appointment, which may be the rules of arbitration of the London Court of International Arbitration; 15 (d) the Parties and the New MNO sha",2026-06-05T18:20:19.207284,"{""code"":""DocumentCategory0587"",""label"":""Decision - web publication""}",2018-08-31,263,EN,,,2018-10-16,,2018-08-31,en,METADATA_DECISION_ATTACHMENT,"{""code"":""DocumentCategory0599"",""label"":""Other document for publication""}",2025-06-06,361,EN,https://ec.europa.eu/competition/mergers/cases1/202524/M_9041_10656061_361_3.pdf,,,2025-06-10,Trustee details,2025-06-06,en,M.9041-ATT361,METADATA_CASE_ATTACHMENT,,,,,,Competition DG,,,"{""items"":[{}]}",2018-07-05,Merger,,2022-09-09,,M.7758,2018-07-12,M.9041,9041,"{""items"":[{""reference"":""C:2018:253:"",""webDescription"":"""",""pageNumber"":"""",""referenceNumber"":""253"",""referenceYear"":""2018"",""referenceSeries"":""C"",""publishedDate"":""2018-07-19""}]}",2018-07-19,"{""items"":[{}]}",,,,Council Regulation 139/2004,,,"{""code"":""NaceSectorsJ_61"",""label"":""J.61 - Telecommunications""}",Normal,,"{""items"":[{""date"":""2018-08-09"",""description"":""Changed deadline - Commitments submitted in N/1 on 09.08.2018"",""type"":""MEvent3"",""label"":""Changed deadline - Commitments submitted in N/1 on DATE_PLACEHOLDER"",""url"":""""}]}",2018-08-09,HUTCHISON / WIND TRE,"{""code"":""MergerCaseType1"",""label"":""Merger""}",en,M.9041,METADATA_CASE,2018-08-31,,"{""items"":[{}]}",{5B0C9D16-E8DE-43BE-913C-51615BBA6665},"{""items"":[{""reference"":""C:2018:378:"",""webDescription"":"""",""pageNumber"":"""",""referenceNumber"":""378"",""referenceYear"":""2018"",""referenceSeries"":""C"",""publishedDate"":""2018-10-19""}]}",2018-10-19,,"{""items"":[{""reference"":""IP_18_5383"",""webDescription"":"""",""publicationDate"":""2018-10-19""}]}",2018-10-19,"{""code"":""DecisionType20212"",""label"":""Art. 6(1)(b) with conditions & obligations""}",en,M.9041-DEC{5B0C9D16-E8DE-43BE-913C-51615BBA6665},METADATA_DECISION
313,7659,https://ec.europa.eu/competition/mergers/cases1/202110/m9064_3542_11.pdf,M.9064-DEC{C4FFC95A-7244-4744-91B2-2BF1F7369849}-ATT3542,arbitrat*,EN,"dvertising space to rivals ...................................... 276 10.3.1.5. Monitoring trustee, arbitration, duration .................................................................. 277 10.3.2.",2026-06-05T18:21:07.413684,"{""code"":""DocumentCategory0587"",""label"":""Decision - web publication""}",2019-11-12,3542,EN,,,2020-04-29,,2019-11-12,en,METADATA_DECISION_ATTACHMENT,"{""code"":""DocumentCategory0250"",""label"":""Description of the concentration""}",2019-03-15,405,EN,https://ec.europa.eu/competition/mergers/cases/additional_data/m9064_405_3.pdf,,,2019-03-18,,2019-03-15,en,M.9064-ATT405,METADATA_CASE_ATTACHMENT,,,,,,Competition DG,,,"{""items"":[{}]}",2018-07-23,Merger,,2025-12-16,,,2019-03-15,M.9064,9064,"{""items"":[{""reference"":""C:2019:107:"",""webDescription"":"""",""pageNumber"":"""",""referenceNumber"":""107"",""referenceYear"":""2019"",""referenceSeries"":""C"",""publishedDate"":""2019-03-21""}]}",2019-03-21,"{""items"":[{}]}",,,,Council Regulation 139/2004,,,"{""code"":""NaceSectorsM_73_1"",""label"":""M.73.1 - Advertising""} | {""code"":""NaceSectorsJ_60_2_0"",""label"":""J.60.20 - Television programming and broadcasting activities""} | {""code"":""NaceSectorsJ_59_1_3"",""label"":""J.59.13 - Motion picture, video and television programme distribution activities""} | {""code"":""NaceSectorsJ_59_1_1"",""label"":""J.59.11 - Motion picture, video and television programme production activities""} | {""code"":""NaceSectorsJ_59_1"",""label"":""J.59.1 - Motion picture, video and television programme activities""}",Normal,,"{""items"":[{""date"":""2019-06-04"",""description"":""Deadline suspended under Article 11(3) [date may differ from the Article 11(3) decision date] from 04.06.2019"",""type"":""MEvent59"",""label"":""Deadline suspended under Article 11(3) [date may differ from the Article 11(3) decision date] from DATE_PLACEHOLDER"",""url"":""""},{""date"":""2019-07-04"",""description"":""Changed deadline - suspension under Article 11(3) ended on 04.07.2019"",""type"":""MEvent60"",""label"":""Changed deadline - suspension under Article 11(3) ended on DATE_PLACEHOLDER"",""url"":""""},{""date"":""2019-07-05"",""description"":""Changed deadline - extension of 20 working days under Article 10(3)2 on 05.07.2019"",""type"":""MEvent10"",""label"":""Changed deadline - extension of NUMBER_PLACEHOLDER working days under Article 10(3)2 on DATE_PLACEHOLDER"",""url"":""""},{""date"":""2019-08-12"",""description"":""Commitments submitted in N/2 on 12.08.2019"",""type"":""MEvent46"",""label"":""Commitments submitted in N/2 on DATE_PLACEHOLDER"",""url"":""""},{""date"":""2019-04-12"",""description"":""Changed deadline - Commitments submitted in N/1 on 12.04.2019"",""type"":""MEvent3"",""label"":""Changed deadline - Commitments submitted in N/1 on DATE_PLACEHOLDER"",""url"":""""}]}",2019-06-04 | 2019-07-04 | 2019-07-05 | 2019-08-12 | 2019-04-12,TELIA COMPANY / BONNIER BROADCASTING HOLDING,"{""code"":""MergerCaseType1"",""label"":""Merger""}",en,M.9064,METADATA_CASE,2019-11-12,,"{""items"":[{}]}",{C4FFC95A-7244-4744-91B2-2BF1F7369849},"{""items"":[{""reference"":""C:2020:160:"",""webDescription"":"""",""pageNumber"":"""",""referenceNumber"":""160"",""referenceYear"":""2020"",""referenceSeries"":""C"",""publishedDate"":""2020-05-11""}]}",2020-05-11,,"{""items"":[{""reference"":""IP_19_6271"",""webDescription"":"""",""publicationDate"":""2020-05-11""}]}",2020-05-11,"{""code"":""DecisionType20600"",""label"":""Art. 8(2) with conditions & obligations""}",en,M.9064-DEC{C4FFC95A-7244-4744-91B2-2BF1F7369849},METADATA_DECISION
314,7674,https://ec.europa.eu/competition/mergers/cases1/202229/M_9076_8414684_5964_3.pdf,M.9076-DEC52393-ATT5964,arbitrat*,EN,"m ABS constitutes a relevant product market under the applicable antitrust laws. (85) In its public Arbitration Term sheet, the US DOJ explained that a possible remedy could resolve the US’ competitiv",2026-06-05T18:21:48.041444,,,5964,EN,DDOC,Decision: Art. 8(4)(b) - public version(1),2022-07-15,,2021-02-18,en,METADATA_DECISION_ATTACHMENT,Opinion of the Advisory Committee,,5966,EN,https://ec.europa.eu/competition/mergers/cases1/202229/M_9076_8415268_5966_3.pdf,DOCS,Publication of the Opinion of the Advisory Committee - m9076-8(4)-AC Opinion,2022-07-15,,2022-07-14,en,M.9076-ATT5966,METADATA_CASE_ATTACHMENT,,Antitrust,NOVELIS / ALERIS,,,,"{""items"":[{""date"":""2019-08-09"",""name"":""Commitments submitted in N/2 on"",""type"":""MEvent4""},{""date"":""2019-05-07"",""name"":""Deadline suspended under Article 11(3) [date may differ from the Article 11(3) decision date] from"",""type"":""MEvent7""},{""date"":""2019-04-10"",""name"":""Deadline extended by 20 working days under article 10(3)2 on"",""type"":""MEvent10""},{""date"":""2019-05-15"",""name"":""Deadline suspension under Article 11(3) ended on"",""type"":""MEvent8""}]}",2019-08-09 | 2019-05-07 | 2019-04-10 | 2019-05-15,,2019-02-18,Merger,,2021-02-18,,M.9693,2019-02-18,M.9076,9076,{},,{},,,,Council Regulation 139/2004,,,"{""code"":""NaceSectorsC_24_4_2"",""label"":""C.24.42 - Aluminium production""}",Normal procedure,,,,NOVELIS / ALERIS,,en,M.9076,METADATA_CASE,2021-02-18,,,52393,"{""items"":[{""reference"":""C283"",""publishedDate"":""2022-07-25"",""priorPublication"":""false""}]}",2022-07-25,false,"{""items"":[{""reference"":""IP/21/687""}]}",,"{""code"":""DecisionType201343"",""label"":""Art. 8(4)(b)""}",en,M.9076-DEC52393,METADATA_DECISION
315,7731,https://ec.europa.eu/competition/mergers/cases/decisions/m8948_1004_3.pdf,M.8948-DEC50857-ATT1004,arbitrat*,EN,"der a confidentiality obligation regarding the information of the other shareholders; (5) insert an arbitration clause into the agreements bringing about the commitments; 134 Remedies Notice, paragrap",2026-06-05T18:23:07.575670,,,1004,EN,DDOC,Decision: Art. 6(1)(b) with conditions & obligations - public version - m8948-6(2),2019-11-27,,2019-03-20,en,METADATA_DECISION_ATTACHMENT,Trustee details,,871,EN,https://ec.europa.eu/competition/mergers/cases/additional_data/m8948_871_3.pdf,DOCS,Publication of Trustee details,2019-04-15,,2019-04-15,en,M.8948-ATT871,METADATA_CASE_ATTACHMENT,,Antitrust,SPIRIT / ASCO,,,,"{""items"":[{""date"":""2019-02-27"",""name"":""Commitments submitted in N/1 on"",""type"":""MEvent3""},{""date"":""2018-10-15"",""name"":""Commitments submitted in N/1 on"",""type"":""MEvent3""}]}",2019-02-27 | 2018-10-15,,2019-01-30,Merger,,2019-03-20,,M.8948,2019-01-30,M.8948,8948,{},,{},,,,Council Regulation 139/2004,,,"{""code"":""NaceSectorsC_30_3"",""label"":""C.30.3 - Manufacture of air and spacecraft and related machinery""}",Normal procedure,,,,SPIRIT / ASCO,,en,M.8948,METADATA_CASE,2019-03-20,,,50857,"{""items"":[{""reference"":""C416"",""publishedDate"":""2019-12-11"",""priorPublication"":""false""}]}",2019-12-11,false,"{""items"":[{""reference"":""IP/19/1775""}]}",,"{""code"":""DecisionType20212"",""label"":""Art. 6(1)(b) with conditions & obligations""}",en,M.8948-DEC50857,METADATA_DECISION
316,7790,https://ec.europa.eu/competition/mergers/cases1/202148/M_9820_8034733_3778_3.pdf,M.9820-DEC{0344B5C1-C37D-43B5-91D2-699F07517835}-ATT3778,arbitrat*,EN,"se Agreements, the progress of negotiations with them, the grant of any ESV Patents license and any arbitration proceedings commenced and their outcome. It shall also provide without delay to the Moni",2026-06-05T18:25:10.500456,"{""code"":""DocumentCategory0587"",""label"":""Decision - web publication""}",2021-03-18,3778,EN,,,2021-11-23,,2021-03-18,en,METADATA_DECISION_ATTACHMENT,"{""code"":""DocumentCategory0582"",""label"":""Final report of the Hearing Officer""}",2021-11-22,3779,EN,https://ec.europa.eu/competition/mergers/cases1/202148/M_9820_8034741_3779_3.pdf,,,2021-11-23,,2021-11-22,en,M.9820-ATT3779,METADATA_CASE_ATTACHMENT,,,,,,Competition DG,,,"{""items"":[{}]}",2020-03-10,Merger,,2021-07-14,,,2020-08-17,M.9820,9820,"{""items"":[{""reference"":""C:2020:280:"",""webDescription"":"""",""pageNumber"":"""",""referenceNumber"":""280"",""referenceYear"":""2020"",""referenceSeries"":""C"",""publishedDate"":""2020-08-25""}]}",2020-08-25,"{""items"":[{}]}",,,,Council Regulation 139/2004,,,"{""code"":""NaceSectorsC_28_1_2"",""label"":""C.28.12 - Manufacture of fluid power equipment""}",Normal,,"{""items"":[{""date"":""2020-10-09"",""description"":""Changed deadline - extension of 10 working days under Article 10(3)2 on 09.10.2020"",""type"":""MEvent10"",""label"":""Changed deadline - extension of NUMBER_PLACEHOLDER working days under Article 10(3)2 on DATE_PLACEHOLDER"",""url"":""""},{""date"":""2020-11-27"",""description"":""Changed deadline - extension of 5 working days under Article 10(3)2 on 27.11.2020"",""type"":""MEvent58"",""label"":""Changed deadline - extension of NUMBER_PLACEHOLDER working days under Article 10(3)2 on DATE_PLACEHOLDER"",""url"":""""},{""date"":""2021-01-28"",""description"":""Changed deadline - Commitments submitted in N/2 on 28.01.2021"",""type"":""MEvent4"",""label"":""Changed deadline - Commitments submitted in N/2 on DATE_PLACEHOLDER"",""url"":""""},{""date"":""2021-01-21"",""description"":""Changed deadline - extension of 5 working days under Article 10(3)2 on 21.01.2021"",""type"":""MEvent58"",""label"":""Changed deadline - extension of NUMBER_PLACEHOLDER working days under Article 10(3)2 on DATE_PLACEHOLDER"",""url"":""""}]}",2020-10-09 | 2020-11-27 | 2021-01-28 | 2021-01-21,DANFOSS / EATON HYDRAULICS,"{""code"":""MergerCaseType1"",""label"":""Merger""}",en,M.9820,METADATA_CASE,2021-03-18,,"{""items"":[{}]}",{0344B5C1-C37D-43B5-91D2-699F07517835},"{""items"":[{""reference"":""C:2021:483:"",""webDescription"":"""",""pageNumber"":"""",""referenceNumber"":""483"",""referenceYear"":""2021"",""referenceSeries"":""C"",""publishedDate"":""2021-12-01""}]}",2021-12-01,,"{""items"":[{""reference"":""IP_21_1243"",""webDescription"":"""",""publicationDate"":""2021-12-01""}]}",2021-12-01,"{""code"":""DecisionType20600"",""label"":""Art. 8(2) with conditions & obligations""}",en,M.9820-DEC{0344B5C1-C37D-43B5-91D2-699F07517835},METADATA_DECISION
317,7809,https://ec.europa.eu/competition/mergers/cases1/202427/M_9829_10140886_13930_3.pdf,M.9829-DEC52678-ATT13930,arbitrat*,EN,ng Party) and WTW (i.e. the undertaking that is the target of the Concentration). Party(ies) to the Arbitration: has the meaning given to it in paragraph 53. Personnel: staff currently employed by Aon,2026-06-05T18:26:31.338673,,,13930,EN,DDOC,Decision: Art. 8(2) with conditions & obligations - m9829-8(2),2024-07-03,,2021-07-09,en,METADATA_DECISION_ATTACHMENT,Section 1.2 of Form CO,,1429,EN,https://ec.europa.eu/competition/mergers/cases1/202047/m9829_1429_3.pdf,DOCS,Publication of Section 1.2 of Form CO - M9829_Section1_2,2020-11-18,,2020-11-17,en,M.9829-ATT1429,METADATA_CASE_ATTACHMENT,,Antitrust,AON / WILLIS TOWERS WATSON,,,,"{""items"":[{""date"":""2021-04-09"",""name"":""Commitments submitted in N/2 on"",""type"":""MEvent46""},{""date"":""2021-04-13"",""name"":""Deadline extended by 10 working days under article 10(3)2 on"",""type"":""MEvent58""},{""date"":""2021-02-08"",""name"":""Deadline suspended under Article 11(3) [date may differ from the Article 11(3) decision date] from"",""type"":""MEvent7""},{""date"":""2021-05-03"",""name"":""Deadline extended by 5 working days under article 10(3)2 on"",""type"":""MEvent58""},{""date"":""2021-04-09"",""name"":""Deadline suspension under Article 11(3) ended on"",""type"":""MEvent8""}]}",2021-04-09 | 2021-04-13 | 2021-02-08 | 2021-05-03 | 2021-04-09,,2020-11-16,Merger,,2021-07-09,,,2020-11-16,M.9829,9829,{},,{},,,,Council Regulation 139/2004,,,"{""code"":""NaceSectorsK_66_2"",""label"":""K.66.2 - Activities auxiliary to insurance and pension funding""} | {""code"":""NaceSectorsK_65_3_0"",""label"":""K.65.30 - Pension funding""} | {""code"":""NaceSectorsK_66_2_2"",""label"":""K.66.22 - Activities of insurance agents and brokers""} | {""code"":""NaceSectorsK_66_2_9"",""label"":""K.66.29 - Other activities auxiliary to insurance and pension funding""} | {""code"":""NaceSectorsK_66_3_0"",""label"":""K.66.30 - Fund management activities""}",Normal procedure,,,,AON / WILLIS TOWERS WATSON,,en,M.9829,METADATA_CASE,2021-07-09,,,52678,,,false,"{""items"":[{""reference"":""IP/21/3626""}]}",,"{""code"":""DecisionType20600"",""label"":""Art. 8(2) with conditions & obligations""}",en,M.9829-DEC52678,METADATA_DECISION
318,7826,https://ec.europa.eu/competition/mergers/cases/decisions/m8988_4908_3.pdf,M.8988-DEC{CFC60C15-7ED3-4D61-B0A4-B4C22C6409A8}-ATT4908,arbitrat*,EN,y appears that the relevant remedies might not have been fully and properly implemented. SECTION F. Arbitration 48. In the event that the Purchaser claims that the Notifying Party or any Affiliated Un,2026-06-05T18:27:03.146216,"{""code"":""DocumentCategory0587"",""label"":""Decision - web publication""}",2018-12-11,4908,EN,,,2019-12-20,,2018-12-11,en,METADATA_DECISION_ATTACHMENT,"{""code"":""DocumentCategory0250"",""label"":""Description of the concentration""}",2018-10-19,507,EN,https://ec.europa.eu/competition/mergers/cases/additional_data/m8988_507_3.pdf,,,2018-10-22,,2018-10-19,en,M.8988-ATT507,METADATA_CASE_ATTACHMENT,,,,,,Competition DG,,,"{""items"":[{}]}",2018-05-30,Merger,,2019-12-03,,M.9449,2018-10-19,M.8988,8988,"{""items"":[{""reference"":""C:2018:388:"",""webDescription"":"""",""pageNumber"":"""",""referenceNumber"":""388"",""referenceYear"":""2018"",""referenceSeries"":""C"",""publishedDate"":""2018-10-26""}]}",2018-10-26,"{""items"":[{}]}",,,,Council Regulation 139/2004,,,"{""code"":""NaceV2Sector_C_27.2"",""label"":""C.27.2 - Manufacture of batteries and accumulators""} | {""code"":""NaceV2Sector_C_27.20"",""label"":""C.27.20 - Manufacture of batteries and accumulators""} | {""code"":""NaceSectorsC_27_2"",""label"":""C.27.2 - Manufacture of batteries and accumulators""}",Normal,,"{""items"":[{""date"":""2018-11-20"",""description"":""Changed deadline - Commitments submitted in N/1 on 20.11.2018"",""type"":""MEvent3"",""label"":""Changed deadline - Commitments submitted in N/1 on DATE_PLACEHOLDER"",""url"":""""}]}",2018-11-20,ENERGIZER / SPECTRUM BRANDS (BATTERY AND PORTABLE LIGHTING BUSINESS),"{""code"":""MergerCaseType1"",""label"":""Merger""}",en,M.8988,METADATA_CASE,2018-12-11,,"{""items"":[{}]}",{CFC60C15-7ED3-4D61-B0A4-B4C22C6409A8},"{""items"":[{}]}",,,"{""items"":[{""reference"":""IP_18_6765"",""webDescription"":"""",""publicationDate"":""2018-12-11""}]}",2018-12-11,"{""code"":""DecisionType20212"",""label"":""Art. 6(1)(b) with conditions & obligations""}",en,M.8988-DEC{CFC60C15-7ED3-4D61-B0A4-B4C22C6409A8},METADATA_DECISION
319,7965,https://ec.europa.eu/competition/mergers/cases1/20212/m9408_2435_3.pdf,M.9408-DEC{8F958A6B-D1C5-4D8F-A6EE-FB2EBAB6414B}-ATT2435,arbitrat*,EN,"eceipt of the request. 55. Should the Requesting Party and ASSA ABLOY (together the ""Parties to the Arbitration"") fail to resolve their differences of opinion within the five (5) days from the day tha",2026-06-05T18:29:09.592700,"{""code"":""DocumentCategory0587"",""label"":""Decision - web publication""}",2020-02-27,2435,EN,,,2020-12-23,,2020-02-27,en,METADATA_DECISION_ATTACHMENT,"{""code"":""DocumentCategory0250"",""label"":""Description of the concentration""}",2020-01-09,354,EN,https://ec.europa.eu/competition/mergers/cases/additional_data/m9408_354_3.pdf,,,2020-01-09,,2020-01-09,en,M.9408-ATT354,METADATA_CASE_ATTACHMENT,,,,,,Competition DG,,,"{""items"":[{}]}",2019-05-27,Merger,,2020-08-14,,,2020-01-09,M.9408,9408,"{""items"":[{""reference"":""C:2020:016:"",""webDescription"":"""",""pageNumber"":"""",""referenceNumber"":""16"",""referenceYear"":""2020"",""referenceSeries"":""C"",""publishedDate"":""2020-01-17""}]}",2020-01-17,"{""items"":[{}]}",,,,Council Regulation 139/2004,,,"{""code"":""NaceSectorsC_28_2_9"",""label"":""C.28.29 - Manufacture of other general-purpose machinery n.e.c.""} | {""code"":""NaceSectorsC_25_7_2"",""label"":""C.25.72 - Manufacture of locks and hinges""} | {""code"":""NaceSectorsC_33"",""label"":""C.33 - Repair and installation of machinery and equipment""}",Normal,,"{""items"":[{""date"":""2020-02-06"",""description"":""Changed deadline - Commitments submitted in N/1 on 06.02.2020"",""type"":""MEvent3"",""label"":""Changed deadline - Commitments submitted in N/1 on DATE_PLACEHOLDER"",""url"":""""}]}",2020-02-06,ASSA ABLOY / AGTA RECORD,"{""code"":""MergerCaseType1"",""label"":""Merger""}",en,M.9408,METADATA_CASE,2020-02-27,,"{""items"":[{}]}",{8F958A6B-D1C5-4D8F-A6EE-FB2EBAB6414B},"{""items"":[{""reference"":""C:2021:006:"",""webDescription"":"""",""pageNumber"":"""",""referenceNumber"":""6"",""referenceYear"":""2021"",""referenceSeries"":""C"",""publishedDate"":""2021-01-08""}]}",2021-01-08,,"{""items"":[{""reference"":""IP_20_346"",""webDescription"":"""",""publicationDate"":""2021-01-08""}]}",2021-01-08,"{""code"":""DecisionType20212"",""label"":""Art. 6(1)(b) with conditions & obligations""}",en,M.9408-DEC{8F958A6B-D1C5-4D8F-A6EE-FB2EBAB6414B},METADATA_DECISION
320,7966,https://ec.europa.eu/competition/mergers/cases/decisions/m9409_3908_3.pdf,M.9409-DEC51778-ATT3908,arbitrat*,EN,"ourth, the absence of an observable price correlation between different regions suggests that price arbitration between different regions occurs only to a small extent, and the impact on price is not",2026-06-05T18:29:28.926445,,,3908,EN,DDOC,Decision: Art. 8(1) - public version(1),2020-07-01,,2020-05-04,en,METADATA_DECISION_ATTACHMENT,Section 1.2 of Form CO,,544,EN,https://ec.europa.eu/competition/mergers/cases/additional_data/m9409_544_12.pdf,DOCS,Publication of Section 1.2 of Form CO - M9409_Section1_2,2019-10-16,,2019-10-15,en,M.9409-ATT544,METADATA_CASE_ATTACHMENT,,Antitrust,AURUBIS / METALLO GROUP HOLDING,,2020-05-07,,"{""items"":[{""date"":""2020-02-27"",""name"":""Commitments submitted in N/2 on"",""type"":""MEvent46""},{""date"":""2020-03-10"",""name"":""Deadline extended by 10 working days under article 10(3)2 on"",""type"":""MEvent58""},{""date"":""2019-12-10"",""name"":""Deadline extended by 10 working days under article 10(3)2 on"",""type"":""MEvent10""}]}",2020-02-27 | 2020-03-10 | 2019-12-10,,2019-10-14,Merger,,2020-05-04,,,2019-10-14,M.9409,9409,{},,{},,,,Council Regulation 139/2004,,,"{""code"":""NaceSectorsE_38_3"",""label"":""E.38.3 - Materials recovery""}",Normal procedure,,,,AURUBIS / METALLO GROUP HOLDING,,en,M.9409,METADATA_CASE,2020-05-04,,,51778,"{""items"":[{""reference"":""C 224"",""publishedDate"":""2020-07-08"",""priorPublication"":""false""}]}",2020-07-08,false,"{""items"":[{""reference"":""IP/20/801""}]}",,"{""code"":""DecisionType20682"",""label"":""Art. 8(1)""}",en,M.9409-DEC51778,METADATA_DECISION
321,7998,https://ec.europa.eu/competition/mergers/cases1/202619/M_10149_20190.pdf,M.10149-DEC{D6E16B60-53FC-4046-9886-CDBA983774D3}-ATT20190,arbitrat*,EN,"ntly binding upon T’way and Korean Air, because their implementation will be enforced by fast-track arbitration,2168 in combination with an indemnity clause.2169 Therefore, the Commission considers th",2026-06-05T18:31:08.288230,"{""code"":""DocumentCategory0587"",""label"":""Decision - web publication""}",2024-02-13,20190,EN,,,2026-05-08,,2024-02-13,en,METADATA_DECISION_ATTACHMENT,"{""code"":""DocumentCategory0250"",""label"":""Description of the concentration""}",2023-01-13,4322,EN,https://ec.europa.eu/competition/mergers/cases1/202303/M_10149_8868893_4322_3.pdf,,,2023-01-17,,2023-01-13,en,M.10149-ATT4322,METADATA_CASE_ATTACHMENT,,,,,,Competition DG,,,"{""items"":[{}]}",2021-01-12,Merger,,2024-11-27,,,2023-01-13,M.10149,10149,"{""items"":[{""reference"":""C:2023:020:"",""webDescription"":"""",""pageNumber"":"""",""referenceNumber"":""20"",""referenceYear"":""2023"",""referenceSeries"":""C"",""publishedDate"":""2023-01-20""},{""reference"":""C:2026:2664:"",""webDescription"":""MEOJWebDesc4"",""webDescriptionLabel"":""Opinion of the Advisory Committee"",""pageNumber"":"""",""referenceNumber"":""2664"",""referenceYear"":""2026"",""referenceSeries"":""C"",""publishedDate"":""2026-05-18""},{""reference"":""C:2026:2665:"",""webDescription"":""MEOJWebDesc2"",""webDescriptionLabel"":""Hearing Officer - Final Report"",""pageNumber"":"""",""referenceNumber"":""2665"",""referenceYear"":""2026"",""referenceSeries"":""C"",""publishedDate"":""2026-05-18""}]}",2023-01-20 | 2026-05-18 | 2026-05-18,"{""items"":[{}]}",,,,Council Regulation 139/2004,,,"{""code"":""NaceSectorsH_51_1"",""label"":""H.51.1 - Passenger air transport""} | {""code"":""NaceSectorsH_50_1"",""label"":""H.50.1 - Sea and coastal passenger water transport""} | {""code"":""NaceSectorsH_51_1_0"",""label"":""H.51.10 - Passenger air transport""} | {""code"":""NaceSectorsH_51_2_1"",""label"":""H.51.21 - Freight air transport""}",Normal,,"{""items"":[{""date"":""2023-06-23"",""description"":""Deadline suspended under Article 11(3) [date may differ from the Article 11(3) decision date] from 23.06.2023"",""type"":""MEvent59"",""label"":""Deadline suspended under Article 11(3) [date may differ from the Article 11(3) decision date] from DATE_PLACEHOLDER"",""url"":""""},{""date"":""2023-03-06"",""description"":""Changed deadline - extension of 20 working days under Article 10(3)2 on 06.03.2023"",""type"":""MEvent10"",""label"":""Changed deadline - extension of NUMBER_PLACEHOLDER working days under Article 10(3)2 on DATE_PLACEHOLDER"",""url"":""""},{""date"":""2023-11-03"",""description"":""Changed deadline - Commitments submitted in N/2 on 03.11.2023"",""type"":""MEvent4"",""label"":""Changed deadline - Commitments submitted in N/2 on DATE_PLACEHOLDER"",""url"":""""},{""date"":""2023-12-05"",""description"":""Changed deadline - suspension under Article 11(3) ended on 05.12.2023"",""type"":""MEvent60"",""label"":""Changed deadline - suspension under Article 11(3) ended on DATE_PLACEHOLDER"",""url"":""""}]}",2023-06-23 | 2023-03-06 | 2023-11-03 | 2023-12-05,KOREAN AIR LINES / ASIANA AIRLINES,"{""code"":""MergerCaseType1"",""label"":""Merger""}",en,M.10149,METADATA_CASE,2024-02-13,,"{""items"":[{}]}",{D6E16B60-53FC-4046-9886-CDBA983774D3},"{""items"":[{""reference"":""C:2026:2666:"",""webDescription"":""MEOJWebDesc1"",""pageNumber"":"""",""referenceNumber"":""2666"",""referenceYear"":""2026"",""referenceSeries"":""C"",""publishedDate"":""2026-05-18""}]}",2026-05-18,,"{""items"":[{""reference"":""IP_24_761"",""webDescription"":"""",""publicationDate"":""2024-02-13""}]}",2024-02-13,"{""code"":""DecisionType20600"",""label"":""Art. 8(2) with conditions & obligations""}",en,M.10149-DEC{D6E16B60-53FC-4046-9886-CDBA983774D3},METADATA_DECISION
322,8008,https://ec.europa.eu/competition/mergers/cases1/202251/M_10144_8278010_1471_5.pdf,M.10144-DEC52895-ATT1471,Schieds*,DE,"ittlungen des Bundeskartellamts ergeben, dass sich UTD und UTV aufgrund eines erheblichen Preisunterschieds unterscheiden. Dies ließ sich bei den bisherigen Vorermittlungen des Bundeskartellamts im vo",2026-06-05T18:31:24.150287,Germany,,1471,DE,DDOC,Decision: Art. 9(3) full referral - public version - m10144-9(3)-DE,2022-04-22,,2021-10-19,de,METADATA_DECISION_ATTACHMENT,Section 1.2 of Form CO,,214,EN,https://ec.europa.eu/competition/mergers/cases1/202136/m10144_214_3.pdf,DOCS,Publication of Section 1.2 of Form CO(1),2021-09-02,,2021-09-01,en,M.10144-ATT214,METADATA_CASE_ATTACHMENT,,Antitrust,K+S MINERALS AND AGRICULTURE / REMEX / JV,,2021-10-19,,"{""items"":[{""date"":""2021-09-21"",""name"":""Art. 9 request received on"",""type"":""MEvent12""},{""date"":""2021-09-28"",""name"":""Commitments submitted in N/1 on"",""type"":""MEvent3""}]}",2021-09-21 | 2021-09-28,,2021-08-31,Merger,,2021-10-19,,,2021-08-31,M.10144,10144,{},,{},,,,Council Regulation 139/2004,,,"{""code"":""NaceSectorsE_38_2_1"",""label"":""E.38.21 - Treatment and disposal of non-hazardous waste""}",Normal procedure,,,,K+S MINERALS AND AGRICULTURE / REMEX / JV,,en,M.10144,METADATA_CASE,2021-10-19,,,52895,,,false,"{""items"":[{""reference"":""MEX/21/5387""}]}",,"{""code"":""DecisionType20330"",""label"":""Art. 9(3) full referral""}",en,M.10144-DEC52895,METADATA_DECISION
323,8093,https://ec.europa.eu/competition/mergers/cases1/202050/m9449_530_3.pdf,M.9449-DEC{F9B167FB-64EB-4F87-808A-972B0AB6B636}-ATT530,arbitrat*,EN,ntly appears that the Commitments might not have been fully and properly implemented. 10 Section D. Arbitration 27. In the event that the Customer claims that the Notifying Party is failing to comply,2026-06-05T18:33:15.778810,"{""code"":""DocumentCategory0587"",""label"":""Decision - web publication""}",2019-12-03,530,EN,,,2020-12-08,,2019-12-03,en,METADATA_DECISION_ATTACHMENT,"{""code"":""DocumentCategory0599"",""label"":""Other document for publication""}",2025-06-16,621,EN,https://ec.europa.eu/competition/mergers/cases1/202525/M_9449_10663299_621_3.pdf,,,2025-06-16,Trustee details,2025-06-16,en,M.9449-ATT621,METADATA_CASE_ATTACHMENT,,,,,,Competition DG,,,"{""items"":[{}]}",2019-06-25,Merger,,2019-12-03,,M.8988,2019-10-14,M.9449,9449,"{""items"":[{""reference"":""C:2019:356:"",""webDescription"":"""",""pageNumber"":"""",""referenceNumber"":""356"",""referenceYear"":""2019"",""referenceSeries"":""C"",""publishedDate"":""2019-10-21""}]}",2019-10-21,"{""items"":[{}]}",,,,Council Regulation 139/2004,,,"{""code"":""NaceSectorsC_27_2_0"",""label"":""C.27.20 - Manufacture of batteries and accumulators""} | {""code"":""NaceSectorsG_46_4_9"",""label"":""G.46.49 - Wholesale of other household goods""} | {""code"":""NaceSectorsC_27_2"",""label"":""C.27.2 - Manufacture of batteries and accumulators""}",Normal,,"{""items"":[{""date"":""2019-11-12"",""description"":""Changed deadline - Commitments submitted in N/1 on 12.11.2019"",""type"":""MEvent3"",""label"":""Changed deadline - Commitments submitted in N/1 on DATE_PLACEHOLDER"",""url"":""""}]}",2019-11-12,"VAG / VARTA (CONSUMER BATTERY, CHARGERS AND PORTABLE POWER AND LIGHTING BUSINESS)","{""code"":""MergerCaseType1"",""label"":""Merger""}",en,M.9449,METADATA_CASE,2019-12-03,,"{""items"":[{}]}",{F9B167FB-64EB-4F87-808A-972B0AB6B636},"{""items"":[{""reference"":""C:2020:428:"",""webDescription"":"""",""pageNumber"":"""",""referenceNumber"":""428"",""referenceYear"":""2020"",""referenceSeries"":""C"",""publishedDate"":""2020-12-11""}]}",2020-12-11,,"{""items"":[{""reference"":""IP_19_6658"",""webDescription"":"""",""publicationDate"":""2020-12-11""}]}",2020-12-11,"{""code"":""DecisionType20212"",""label"":""Art. 6(1)(b) with conditions & obligations""}",en,M.9449-DEC{F9B167FB-64EB-4F87-808A-972B0AB6B636},METADATA_DECISION
324,8110,https://ec.europa.eu/competition/mergers/cases/decisions/m8124_1349_5.pdf,M.8124-DEC49152-ATT1349,arbitrat*,EN,ion considers on the basis of the feedback from the market test that the monitoring trustee and the arbitration procedure provide for appropriate compliance and enforcement mechanisms in the present c,2026-06-05T18:33:43.211660,,,1349,EN,DDOC,Decision Article 6(1)b&6(2) – public version - m8124-6(2),2017-01-20,,2016-12-06,en,METADATA_DECISION_ATTACHMENT,Section 1.2 of Form CO,,322,EN,https://ec.europa.eu/competition/mergers/cases/additional_data/m8124_322_3.pdf,DOCS,Publication of Section 1.2 of Form CO - M.8124_Section1_2,2016-10-18,,2016-10-14,en,M.8124-ATT322,METADATA_CASE_ATTACHMENT,,Antitrust,MICROSOFT / LINKEDIN,,,,"{""items"":[{""date"":""2016-11-15"",""name"":""Commitments submitted in N/1 on"",""type"":""MEvent3""}]}",2016-11-15,,2016-10-14,Merger,,2016-12-06,,,2016-10-14,M.8124,8124,{},,{},,,,Council Regulation 139/2004,,,"{""code"":""NaceSectorsJ_63_1_2"",""label"":""J.63.12 - Web portals""} | {""code"":""NaceSectorsJ_62"",""label"":""J.62 - Computer programming, consultancy and related activities""}",Normal procedure,,,,MICROSOFT / LINKEDIN,,en,M.8124,METADATA_CASE,2016-12-06,,,49152,,,false,"{""items"":[{""reference"":""IP/16/4284""}]}",,"{""code"":""DecisionType20212"",""label"":""Art. 6(1)(b) with conditions & obligations""}",en,M.8124-DEC49152,METADATA_DECISION
325,8201,https://ec.europa.eu/competition/mergers/cases1/202150/M_8084_8063748_12985_9.pdf,M.8084-DEC{0101DAEA-91F8-4E11-B17C-EF10DE4AE4FF}-ATT12985,arbitrat*,EN,"e their differences of opinion through cooperation and consultation, the Purchaser may initiate the arbitration process described below. The arbitration process shall be used only to resolve disputes",2026-06-05T18:35:52.544338,"{""code"":""DocumentCategory0587"",""label"":""Decision - web publication""}",2018-04-11,12985,EN,,,2018-05-25,,2018-04-11,en,METADATA_DECISION_ATTACHMENT,"{""code"":""DocumentCategory0599"",""label"":""Other document for publication""}",2017-08-22,4720,FR,https://ec.europa.eu/competition/mergers/cases/additional_data/m8084_4720_5.pdf,,,2017-08-22,Reply to a petition,2017-08-22,fr,M.8084-ATT4720,METADATA_CASE_ATTACHMENT,,,,,,Competition DG,,,"{""items"":[{}]}",2016-05-24,Merger,,2018-05-29,,M.8851,2017-06-30,M.8084,8084,"{""items"":[{""reference"":""C:2017:222:"",""webDescription"":"""",""pageNumber"":"""",""referenceNumber"":""222"",""referenceYear"":""2017"",""referenceSeries"":""C"",""publishedDate"":""2017-07-11""}]}",2017-07-11,"{""items"":[{}]}",,,,Council Regulation 139/2004,,,"{""code"":""NaceSectorsA_1_1_1"",""label"":""A.01.11 - Growing of cereals (except rice), leguminous crops and oil seeds""} | {""code"":""NaceSectorsC_20_2"",""label"":""C.20.2 - Manufacture of pesticides and other agrochemical products""} | {""code"":""NaceSectorsA_1_1_3"",""label"":""A.01.13 - Growing of vegetables and melons, roots and tubers""} | {""code"":""NaceSectorsA_1_1"",""label"":""A.01.1 - Growing of non-perennial crops""}",Normal,,"{""items"":[{""date"":""2017-10-13"",""description"":""Changed deadline - suspension under Article 11(3) ended on 13.10.2017"",""type"":""MEvent60"",""label"":""Changed deadline - suspension under Article 11(3) ended on DATE_PLACEHOLDER"",""url"":""""},{""date"":""2017-09-19"",""description"":""Changed deadline - extension of 10 working days under Article 10(3)2 on 19.09.2017"",""type"":""MEvent58"",""label"":""Changed deadline - extension of NUMBER_PLACEHOLDER working days under Article 10(3)2 on DATE_PLACEHOLDER"",""url"":""""},{""date"":""2018-01-26"",""description"":""Changed deadline - extension of 5 working days under Article 10(3)2 on 26.01.2018"",""type"":""MEvent58"",""label"":""Changed deadline - extension of NUMBER_PLACEHOLDER working days under Article 10(3)2 on DATE_PLACEHOLDER"",""url"":""""},{""date"":""2017-09-21"",""description"":""Deadline suspended under Article 11(3) [date may differ from the Article 11(3) decision date] from 21.09.2017"",""type"":""MEvent59"",""label"":""Deadline suspended under Article 11(3) [date may differ from the Article 11(3) decision date] from DATE_PLACEHOLDER"",""url"":""""},{""date"":""2018-02-02"",""description"":""Changed deadline - Commitments submitted in N/2 on 02.02.2018"",""type"":""MEvent4"",""label"":""Changed deadline - Commitments submitted in N/2 on DATE_PLACEHOLDER"",""url"":""""},{""date"":""2017-07-31"",""description"":""Changed deadline - Commitments submitted in N/1 on 31.07.2017"",""type"":""MEvent3"",""label"":""Changed deadline - Commitments submitted in N/1 on DATE_PLACEHOLDER"",""url"":""""},{""date"":""2017-11-03"",""description"":""Changed deadline - suspension under Article 11(3) ended on 03.11.2017"",""type"":""MEvent60"",""label"":""Changed deadline - suspension under Article 11(3) ended on DATE_PLACEHOLDER"",""url"":""""},{""date"":""2017-10-10"",""description"":""Deadline suspended under Article 11(3) [date may differ from the Article 11(3) decision date] from 10.10.2017"",""type"":""MEvent59"",""label"":""Deadline suspended under Article 11(3) [date may differ from the Article 11(3) decision date] from DATE_PLACEHOLDER"",""url"":""""}]}",2017-10-13 | 2017-09-19 | 2018-01-26 | 2017-09-21 | 2018-02-02 | 2017-07-31 | 2017-11-03 | 2017-10-10,BAYER / MONSANTO,"{""code"":""MergerCaseType1"",""label"":""Merger""}",en,M.8084,METADATA_CASE,2018-04-11,,"{""items"":[{}]}",{0101DAEA-91F8-4E11-B17C-EF10DE4AE4FF},"{""items"":[{}]}",,,"{""items"":[{}]}",,"{""code"":""DecisionType201300"",""label"":""Decision under remedy review clause""}",en,M.8084-DEC{0101DAEA-91F8-4E11-B17C-EF10DE4AE4FF},METADATA_DECISION
326,8202,https://ec.europa.eu/competition/mergers/cases1/202150/M_8084_8063752_13335_9.pdf,M.8084-DEC{73482B3A-3233-47E8-B1B9-D6EE657A7F08}-ATT13335,arbitrat*,EN,"intellectual property of another member will be successful. ILP Vegetable uses a form of baseball, arbitration to resolve disputes between a producer seeking to license a patented trait and the paten",2026-06-05T18:37:16.702582,"{""code"":""DocumentCategory0587"",""label"":""Decision - web publication""}",2018-03-21,13335,EN,,,2018-12-14,,2018-03-21,en,METADATA_DECISION_ATTACHMENT,"{""code"":""DocumentCategory0599"",""label"":""Other document for publication""}",2017-08-22,4720,FR,https://ec.europa.eu/competition/mergers/cases/additional_data/m8084_4720_5.pdf,,,2017-08-22,Reply to a petition,2017-08-22,fr,M.8084-ATT4720,METADATA_CASE_ATTACHMENT,,,,,,Competition DG,,,"{""items"":[{}]}",2016-05-24,Merger,,2018-05-29,,M.8851,2017-06-30,M.8084,8084,"{""items"":[{""reference"":""C:2017:222:"",""webDescription"":"""",""pageNumber"":"""",""referenceNumber"":""222"",""referenceYear"":""2017"",""referenceSeries"":""C"",""publishedDate"":""2017-07-11""}]}",2017-07-11,"{""items"":[{}]}",,,,Council Regulation 139/2004,,,"{""code"":""NaceSectorsA_1_1_1"",""label"":""A.01.11 - Growing of cereals (except rice), leguminous crops and oil seeds""} | {""code"":""NaceSectorsC_20_2"",""label"":""C.20.2 - Manufacture of pesticides and other agrochemical products""} | {""code"":""NaceSectorsA_1_1_3"",""label"":""A.01.13 - Growing of vegetables and melons, roots and tubers""} | {""code"":""NaceSectorsA_1_1"",""label"":""A.01.1 - Growing of non-perennial crops""}",Normal,,"{""items"":[{""date"":""2017-10-13"",""description"":""Changed deadline - suspension under Article 11(3) ended on 13.10.2017"",""type"":""MEvent60"",""label"":""Changed deadline - suspension under Article 11(3) ended on DATE_PLACEHOLDER"",""url"":""""},{""date"":""2017-09-19"",""description"":""Changed deadline - extension of 10 working days under Article 10(3)2 on 19.09.2017"",""type"":""MEvent58"",""label"":""Changed deadline - extension of NUMBER_PLACEHOLDER working days under Article 10(3)2 on DATE_PLACEHOLDER"",""url"":""""},{""date"":""2018-01-26"",""description"":""Changed deadline - extension of 5 working days under Article 10(3)2 on 26.01.2018"",""type"":""MEvent58"",""label"":""Changed deadline - extension of NUMBER_PLACEHOLDER working days under Article 10(3)2 on DATE_PLACEHOLDER"",""url"":""""},{""date"":""2017-09-21"",""description"":""Deadline suspended under Article 11(3) [date may differ from the Article 11(3) decision date] from 21.09.2017"",""type"":""MEvent59"",""label"":""Deadline suspended under Article 11(3) [date may differ from the Article 11(3) decision date] from DATE_PLACEHOLDER"",""url"":""""},{""date"":""2018-02-02"",""description"":""Changed deadline - Commitments submitted in N/2 on 02.02.2018"",""type"":""MEvent4"",""label"":""Changed deadline - Commitments submitted in N/2 on DATE_PLACEHOLDER"",""url"":""""},{""date"":""2017-07-31"",""description"":""Changed deadline - Commitments submitted in N/1 on 31.07.2017"",""type"":""MEvent3"",""label"":""Changed deadline - Commitments submitted in N/1 on DATE_PLACEHOLDER"",""url"":""""},{""date"":""2017-11-03"",""description"":""Changed deadline - suspension under Article 11(3) ended on 03.11.2017"",""type"":""MEvent60"",""label"":""Changed deadline - suspension under Article 11(3) ended on DATE_PLACEHOLDER"",""url"":""""},{""date"":""2017-10-10"",""description"":""Deadline suspended under Article 11(3) [date may differ from the Article 11(3) decision date] from 10.10.2017"",""type"":""MEvent59"",""label"":""Deadline suspended under Article 11(3) [date may differ from the Article 11(3) decision date] from DATE_PLACEHOLDER"",""url"":""""}]}",2017-10-13 | 2017-09-19 | 2018-01-26 | 2017-09-21 | 2018-02-02 | 2017-07-31 | 2017-11-03 | 2017-10-10,BAYER / MONSANTO,"{""code"":""MergerCaseType1"",""label"":""Merger""}",en,M.8084,METADATA_CASE,2018-03-21,,"{""items"":[{}]}",{73482B3A-3233-47E8-B1B9-D6EE657A7F08},"{""items"":[{""reference"":""C:2018:459:"",""webDescription"":"""",""pageNumber"":"""",""referenceNumber"":""459"",""referenceYear"":""2018"",""referenceSeries"":""C"",""publishedDate"":""2018-12-20""}]}",2018-12-20,,"{""items"":[{""reference"":""IP_18_2282"",""webDescription"":"""",""publicationDate"":""2018-12-20""}]}",2018-12-20,"{""code"":""DecisionType20600"",""label"":""Art. 8(2) with conditions & obligations""}",en,M.8084-DEC{73482B3A-3233-47E8-B1B9-D6EE657A7F08},METADATA_DECISION
327,8284,https://ec.europa.eu/competition/mergers/cases1/202304/M_10249_8889682_1900_9.pdf,M.10249-DEC{260A9B6C-8FA7-4789-8AD7-FDBDA73D007C}-ATT1900,arbitrag*,FR,du cours des métaux (certains métaux étant notamment côtés en bourse). Ces opérateurs réalisent un arbitrage économique entre le prix de revient interne de leurs opérations de valorisation (i.e. le c,2026-06-05T18:39:17.814651,"{""code"":""DocumentCategory0587"",""label"":""Decision - web publication""}",2021-12-16,1900,FR,,,2023-01-24,,2021-12-16,fr,METADATA_DECISION_ATTACHMENT,"{""code"":""DocumentCategory0250"",""label"":""Description of the concentration""}",2021-10-27,388,FR,https://ec.europa.eu/competition/mergers/cases1/202145/M_10249_8002336_388_3.pdf,,,2021-10-29,,2021-10-27,fr,M.10249-ATT388,METADATA_CASE_ATTACHMENT,,,,,,Competition DG,,,"{""items"":[{}]}",2021-03-23,Merger,,2022-11-09,,,2021-10-26,M.10249,10249,"{""items"":[{""reference"":""C:2021:453:"",""webDescription"":"""",""pageNumber"":"""",""referenceNumber"":""453"",""referenceYear"":""2021"",""referenceSeries"":""C"",""publishedDate"":""2021-11-09""}]}",2021-11-09,"{""items"":[{}]}",,,,Council Regulation 139/2004,,,"{""code"":""NaceSectorsE_38_3"",""label"":""E.38.3 - Materials recovery""}",Normal,,"{""items"":[{""date"":""2021-11-25"",""description"":""Changed deadline - Commitments submitted in N/1 on 25.11.2021"",""type"":""MEvent3"",""label"":""Changed deadline - Commitments submitted in N/1 on DATE_PLACEHOLDER"",""url"":""""}]}",2021-11-25,DERICHEBOURG ENVIRONNEMENT / GROUPE ECORE HOLDING,"{""code"":""MergerCaseType1"",""label"":""Merger""}",en,M.10249,METADATA_CASE,2021-12-16,,"{""items"":[{}]}",{260A9B6C-8FA7-4789-8AD7-FDBDA73D007C},"{""items"":[{""reference"":""C:2023:030:"",""webDescription"":"""",""pageNumber"":"""",""referenceNumber"":""30"",""referenceYear"":""2023"",""referenceSeries"":""C"",""publishedDate"":""2023-01-27""}]}",2023-01-27,,"{""items"":[{""reference"":""IP_21_6936"",""webDescription"":"""",""publicationDate"":""2023-01-27""}]}",2023-01-27,"{""code"":""DecisionType20212"",""label"":""Art. 6(1)(b) with conditions & obligations""}",en,M.10249-DEC{260A9B6C-8FA7-4789-8AD7-FDBDA73D007C},METADATA_DECISION
328,8344,https://ec.europa.eu/competition/mergers/cases/decisions/m8864_7363_3.pdf,M.8864-DEC{2E1AA6D0-8FE5-482F-849E-45760D5BB8F5}-ATT7363,arbitrat*,EN,....................................................................... 386 3.1.1.3. Monitoring and Arbitration ...................................................................................... 3,2026-06-05T18:41:30.828079,"{""code"":""DocumentCategory0587"",""label"":""Decision - web publication""}",2019-07-18,7363,EN,,,2019-10-30,,2019-07-18,en,METADATA_DECISION_ATTACHMENT,"{""code"":""DocumentCategory0583"",""label"":""Opinion of the Advisory Committee""}",2019-10-30,7362,EN,https://ec.europa.eu/competition/mergers/cases/additional_data/m8864_7362_3.pdf,,,2019-10-30,,2019-10-30,en,M.8864-ATT7362,METADATA_CASE_ATTACHMENT,,,,,,Competition DG,,,"{""items"":[{}]}",2018-03-13,Merger,,2019-07-18,,,2018-10-19,M.8864,8864,"{""items"":[{""reference"":""C:2018:391:"",""webDescription"":"""",""pageNumber"":"""",""referenceNumber"":""391"",""referenceYear"":""2018"",""referenceSeries"":""C"",""publishedDate"":""2018-10-29""}]}",2018-10-29,"{""items"":[{}]}",,,,Council Regulation 139/2004,,,"{""code"":""NaceSectorsJ_61"",""label"":""J.61 - Telecommunications""} | {""code"":""NaceSectorsJ_60_2"",""label"":""J.60.2 - Television programming and broadcasting activities""} | {""code"":""NaceSectorsJ_61_2"",""label"":""J.61.2 - Wireless telecommunications activities""} | {""code"":""NaceSectorsJ_61_1_0"",""label"":""J.61.10 - Wired telecommunications activities""} | {""code"":""NaceSectorsJ_61_2_0"",""label"":""J.61.20 - Wireless telecommunications activities""} | {""code"":""NaceSectorsJ_61_1"",""label"":""J.61.1 - Wired telecommunications activities""} | {""code"":""NaceSectorsJ_60_2_0"",""label"":""J.60.20 - Television programming and broadcasting activities""} | {""code"":""NaceSectorsJ_63"",""label"":""J.63 - Information service activities""} | {""code"":""NaceSectorsJ_60"",""label"":""J.60 - Programming and broadcasting activities""}",Normal,,"{""items"":[{""date"":""2019-05-06"",""description"":""Changed deadline - Commitments submitted in N/2 on 06.05.2019"",""type"":""MEvent4"",""label"":""Changed deadline - Commitments submitted in N/2 on DATE_PLACEHOLDER"",""url"":""""},{""date"":""2019-04-15"",""description"":""Changed deadline - extension of 10 working days under Article 10(3)2 on 15.04.2019"",""type"":""MEvent58"",""label"":""Changed deadline - extension of NUMBER_PLACEHOLDER working days under Article 10(3)2 on DATE_PLACEHOLDER"",""url"":""""},{""date"":""2019-02-08"",""description"":""Changed deadline - suspension under Article 11(3) ended on 08.02.2019"",""type"":""MEvent60"",""label"":""Changed deadline - suspension under Article 11(3) ended on DATE_PLACEHOLDER"",""url"":""""},{""date"":""2019-05-23"",""description"":""Changed deadline - extension of 10 working days under Article 10(3)2 on 23.05.2019"",""type"":""MEvent58"",""label"":""Changed deadline - extension of NUMBER_PLACEHOLDER working days under Article 10(3)2 on DATE_PLACEHOLDER"",""url"":""""},{""date"":""2018-11-07"",""description"":""Changed deadline - Art. 9 request received on 07.11.2018"",""type"":""MEvent30"",""label"":""Changed deadline - Art. 9 request received on DATE_PLACEHOLDER"",""url"":""""},{""date"":""2019-01-15"",""description"":""Deadline suspended under Article 11(3) [date may differ from the Article 11(3) decision date] from 15.01.2019"",""type"":""MEvent59"",""label"":""Deadline suspended under Article 11(3) [date may differ from the Article 11(3) decision date] from DATE_PLACEHOLDER"",""url"":""""}]}",2019-05-06 | 2019-04-15 | 2019-02-08 | 2019-05-23 | 2018-11-07 | 2019-01-15,VODAFONE / CERTAIN LIBERTY GLOBAL ASSETS,"{""code"":""MergerCaseType1"",""label"":""Merger""}",en,M.8864,METADATA_CASE,2019-07-18,,"{""items"":[{}]}",{2E1AA6D0-8FE5-482F-849E-45760D5BB8F5},"{""items"":[{""reference"":""C:2019:382:"",""webDescription"":"""",""pageNumber"":"""",""referenceNumber"":""382"",""referenceYear"":""2019"",""referenceSeries"":""C"",""publishedDate"":""2019-11-11""}]}",2019-11-11,,"{""items"":[{""reference"":""IP_19_4349"",""webDescription"":"""",""publicationDate"":""2019-11-11""}]}",2019-11-11,"{""code"":""DecisionType20600"",""label"":""Art. 8(2) with conditions & obligations""}",en,M.8864-DEC{2E1AA6D0-8FE5-482F-849E-45760D5BB8F5},METADATA_DECISION
329,8397,https://ec.europa.eu/competition/mergers/cases1/202142/M_9730_7959952_4150_3.pdf,M.9730-DEC{8CEB8A89-2BDB-4D30-A914-53083E59AA04}-ATT4150,arbitrat*,EN,"d by PSA, which will make it harder for others to compete. Ninth, RNM considers that the fast-track arbitration clause only creates incentives for the arbitrators to act quickly but it does not guaran",2026-06-05T18:44:15.448535,"{""code"":""DocumentCategory0587"",""label"":""Decision - web publication""}",2020-12-21,4150,EN,,,2021-10-11,,2020-12-21,en,METADATA_DECISION_ATTACHMENT,"{""code"":""DocumentCategory0582"",""label"":""Final report of the Hearing Officer""}",2020-12-08,4151,EN,https://ec.europa.eu/competition/mergers/cases1/202142/M_9730_7960302_4151_3.pdf,,,2021-10-11,,2020-12-08,en,M.9730-ATT4151,METADATA_CASE_ATTACHMENT,,,,,,Competition DG,,,"{""items"":[{}]}",2019-12-20,Merger,,2020-12-21,,,2020-05-08,M.9730,9730,"{""items"":[{""reference"":""C:2020:167:"",""webDescription"":"""",""pageNumber"":"""",""referenceNumber"":""167"",""referenceYear"":""2020"",""referenceSeries"":""C"",""publishedDate"":""2020-05-15""}]}",2020-05-15,"{""items"":[{}]}",,,,Council Regulation 139/2004,,,"{""code"":""NaceSectorsG_45_1_1"",""label"":""G.45.11 - Sale of cars and light motor vehicles""} | {""code"":""NaceSectorsC_29_1"",""label"":""C.29.1 - Manufacture of motor vehicles""} | {""code"":""NaceSectorsC_29_1_0"",""label"":""C.29.10 - Manufacture of motor vehicles""} | {""code"":""NaceSectorsC_29_3"",""label"":""C.29.3 - Manufacture of parts and accessories for motor vehicles""} | {""code"":""NaceSectorsK_64_9"",""label"":""K.64.9 - Other financial service activities, except insurance and pension funding""}",Normal,,"{""items"":[{""date"":""2020-09-25"",""description"":""Commitments submitted in N/2 on 25.09.2020"",""type"":""MEvent46"",""label"":""Commitments submitted in N/2 on DATE_PLACEHOLDER"",""url"":""""},{""date"":""2020-07-03"",""description"":""Changed deadline - extension of 15 working days under Article 10(3)2 on 03.07.2020"",""type"":""MEvent10"",""label"":""Changed deadline - extension of NUMBER_PLACEHOLDER working days under Article 10(3)2 on DATE_PLACEHOLDER"",""url"":""""},{""date"":""2020-09-28"",""description"":""Changed deadline - suspension under Article 11(3) ended on 28.09.2020"",""type"":""MEvent60"",""label"":""Changed deadline - suspension under Article 11(3) ended on DATE_PLACEHOLDER"",""url"":""""},{""date"":""2020-07-20"",""description"":""Deadline suspended under Article 11(3) [date may differ from the Article 11(3) decision date] from 20.07.2020"",""type"":""MEvent59"",""label"":""Deadline suspended under Article 11(3) [date may differ from the Article 11(3) decision date] from DATE_PLACEHOLDER"",""url"":""""}]}",2020-09-25 | 2020-07-03 | 2020-09-28 | 2020-07-20,FCA / PSA,"{""code"":""MergerCaseType1"",""label"":""Merger""}",en,M.9730,METADATA_CASE,2020-12-21,,"{""items"":[{}]}",{8CEB8A89-2BDB-4D30-A914-53083E59AA04},"{""items"":[{""reference"":""C:2021:423:"",""webDescription"":"""",""pageNumber"":"""",""referenceNumber"":""423"",""referenceYear"":""2021"",""referenceSeries"":""C"",""publishedDate"":""2021-10-19""}]}",2021-10-19,,"{""items"":[{""reference"":""IP_20_2506"",""webDescription"":"""",""publicationDate"":""2021-10-19""}]}",2021-10-19,"{""code"":""DecisionType20600"",""label"":""Art. 8(2) with conditions & obligations""}",en,M.9730-DEC{8CEB8A89-2BDB-4D30-A914-53083E59AA04},METADATA_DECISION
330,8437,https://ec.europa.eu/competition/mergers/cases1/202114/m9744_1442_3.pdf,M.9744-DEC51944-ATT1442,arbitrat*,EN,"settlement of the dispute. 45. Should the Remedy Taker and Mastercard (together the ""Parties to the Arbitration"") fail to resolve their differences of opinion in the consultation phase, the Remedy Tak",2026-06-05T18:45:00.302994,,,1442,EN,DDOC,Decision: Art. 6(1)(b) with conditions & obligations - public version(1),2021-03-31,,2020-08-17,en,METADATA_DECISION_ATTACHMENT,Section 1.2 of Form CO,,317,EN,https://ec.europa.eu/competition/mergers/cases/additional_data/m9744_317_3.pdf,DOCS,Publication of Section 1.2 of Form CO - M.9744_Section1_2,2020-06-30,,2020-06-29,en,M.9744-ATT317,METADATA_CASE_ATTACHMENT,,Antitrust,MASTERCARD / NETS,,,,"{""items"":[{""date"":""2020-07-27"",""name"":""Commitments submitted in N/1 on"",""type"":""MEvent3""}]}",2020-07-27,,2020-06-26,Merger,,2021-02-25,,,2020-06-26,M.9744,9744,{},,{},,,,Council Regulation 139/2004,,,"{""code"":""NaceSectorsK_64"",""label"":""K.64 - Financial service activities, except insurance and pension funding""}",Normal procedure,,,,MASTERCARD / NETS,,en,M.9744,METADATA_CASE,2020-08-17,,,51944,,,false,"{""items"":[{""reference"":""IP/20/1487""}]}",,"{""code"":""DecisionType20212"",""label"":""Art. 6(1)(b) with conditions & obligations""}",en,M.9744-DEC51944,METADATA_DECISION
331,8481,https://ec.europa.eu/competition/mergers/cases/decisions/m8435_1101_3.pdf,M.8435-DEC49559-ATT1101,arbitrat*,EN,"e their differences of opinion through cooperation and consultation, the Purchaser may initiate the arbitration process described below. The arbitration process shall be used only to resolve disputes",2026-06-05T18:45:59.924123,,,1101,EN,DDOC,Decision: Art. 6(1)(b) with conditions & obligations - public version - m8435-6(2),2018-09-17,,2018-07-27,en,METADATA_DECISION_ATTACHMENT,Trustee details,,972,EN,https://ec.europa.eu/competition/mergers/cases/additional_data/m8435_972_3.pdf,DOCS,Trustee details,2017-08-25,,2017-08-17,en,M.8435-ATT972,METADATA_CASE_ATTACHMENT,,Antitrust,FMC / DUPONT DIVESTMENT BUSINESS,,,,"{""items"":[{""date"":""2017-07-06"",""name"":""Commitments submitted in N/1 on"",""type"":""MEvent3""}]}",2017-07-06,,2017-06-08,Merger,,2017-12-22,,M.7932,2017-06-08,M.8435,8435,{},,{},,,,Council Regulation 139/2004,,,"{""code"":""NaceSectorsC_20_2"",""label"":""C.20.2 - Manufacture of pesticides and other agrochemical products""}",Normal procedure,,,,FMC / DUPONT DIVESTMENT BUSINESS,,en,M.8435,METADATA_CASE,2017-07-27,,,49559,"{""items"":[{""reference"":""C327"",""publishedDate"":""2018-09-17"",""priorPublication"":""false""}]}",2018-09-17,false,"{""items"":[{""reference"":""IP/17/2182""}]}",,"{""code"":""DecisionType20212"",""label"":""Art. 6(1)(b) with conditions & obligations""}",en,M.8435-DEC49559,METADATA_DECISION
332,8504,https://ec.europa.eu/competition/mergers/cases/decisions/m8444_6740_3.pdf,M.8444-DEC{34C7DB9F-5950-4558-B2AA-5D13CB92E422}-ATT6740,arbitrat*,EN,"s may influence the production and supply of non-commodity products, and vice versa. Along with the arbitration between merchant sales and captive use,111 such mutual influence may rebalance capacity",2026-06-05T18:47:07.092737,"{""code"":""DocumentCategory0587"",""label"":""Decision - web publication""}",2018-05-07,6740,EN,,,2020-01-20,,2018-05-07,en,METADATA_DECISION_ATTACHMENT,"{""code"":""DocumentCategory0599"",""label"":""Other document for publication""}",2020-04-14,6784,EN,https://ec.europa.eu/competition/mergers/cases1/202231/M_8444_8429749_6784_11.pdf,,,2020-04-16,Trustee details,2020-04-14,en,M.8444-ATT6784,METADATA_CASE_ATTACHMENT,,,,,,Competition DG,,,"{""items"":[{}]}",2017-03-09,Merger,,2024-11-28,,M.9172,2017-09-21,M.8444,8444,"{""items"":[{""reference"":""C:2017:329:"",""webDescription"":"""",""pageNumber"":"""",""referenceNumber"":""329"",""referenceYear"":""2017"",""referenceSeries"":""C"",""publishedDate"":""2017-09-30""}]}",2017-09-30,"{""items"":[{}]}",,,,Council Regulation 139/2004,,,"{""code"":""NaceSectorsC_24"",""label"":""C.24 - Manufacture of basic metals""} | {""code"":""NaceSectorsC_25"",""label"":""C.25 - Manufacture of fabricated metal products, except machinery and equipment""} | {""code"":""NaceSectorsG_46_7_2"",""label"":""G.46.72 - Wholesale of metals and metal ores""}",Normal,,"{""items"":[{""date"":""2017-10-19"",""description"":""Changed deadline - Commitments submitted in N/1 on 19.10.2017"",""type"":""MEvent3"",""label"":""Changed deadline - Commitments submitted in N/1 on DATE_PLACEHOLDER"",""url"":""""},{""date"":""2018-03-12"",""description"":""Changed deadline - extension of 4 working days under Article 10(3)2 on 12.03.2018"",""type"":""MEvent58"",""label"":""Changed deadline - extension of NUMBER_PLACEHOLDER working days under Article 10(3)2 on DATE_PLACEHOLDER"",""url"":""""},{""date"":""2018-02-22"",""description"":""Changed deadline - extension of 11 working days under Article 10(3)2 on 22.02.2018"",""type"":""MEvent58"",""label"":""Changed deadline - extension of NUMBER_PLACEHOLDER working days under Article 10(3)2 on DATE_PLACEHOLDER"",""url"":""""},{""date"":""2018-03-15"",""description"":""Changed deadline - Commitments submitted in N/2 on 15.03.2018"",""type"":""MEvent4"",""label"":""Changed deadline - Commitments submitted in N/2 on DATE_PLACEHOLDER"",""url"":""""},{""date"":""2017-12-15"",""description"":""Changed deadline - extension of 5 working days under Article 10(3)2 on 15.12.2017"",""type"":""MEvent58"",""label"":""Changed deadline - extension of NUMBER_PLACEHOLDER working days under Article 10(3)2 on DATE_PLACEHOLDER"",""url"":""""}]}",2017-10-19 | 2018-03-12 | 2018-02-22 | 2018-03-15 | 2017-12-15,ARCELORMITTAL / ILVA,"{""code"":""MergerCaseType1"",""label"":""Merger""}",en,M.8444,METADATA_CASE,2018-05-07,,"{""items"":[{}]}",{34C7DB9F-5950-4558-B2AA-5D13CB92E422},"{""items"":[{""reference"":""C:2018:351:"",""webDescription"":"""",""pageNumber"":"""",""referenceNumber"":""351"",""referenceYear"":""2018"",""referenceSeries"":""C"",""publishedDate"":""2018-10-01""}]}",2018-10-01,,"{""items"":[{""reference"":""IP_18_3721"",""webDescription"":"""",""publicationDate"":""2018-10-01""}]}",2018-10-01,"{""code"":""DecisionType20600"",""label"":""Art. 8(2) with conditions & obligations""}",en,M.8444-DEC{34C7DB9F-5950-4558-B2AA-5D13CB92E422},METADATA_DECISION
333,8527,https://ec.europa.eu/competition/mergers/cases1/202242/M_10262_8559915_3054_3.pdf,M.10262-DEC53096-ATT3054,arbitrat*,EN,enforce the commitments may in particular involve access to a fast dispute resolution mechanism via arbitration proceedings (together with trustees). If the Commission can conclude that the mechanisms,2026-06-05T18:48:11.764925,,,3054,EN,DDOC,Decision: Art. 8(2) with conditions & obligations - public version  - m10262-8(2),2022-10-13,,2022-01-27,en,METADATA_DECISION_ATTACHMENT,Section 1.2 of Form CO,,532,EN,https://ec.europa.eu/competition/mergers/cases1/202127/m10262_532_3.pdf,DOCS,Publication of Section 1.2 of Form CO - M10262_Section1_2,2021-06-28,,2021-06-25,en,M.10262-ATT532,METADATA_CASE_ATTACHMENT,,Antitrust,META (FORMERLY FACEBOOK) / KUSTOMER | FACEBOOK / KUSTOMER,,,,"{""items"":[{""date"":""2021-08-06"",""name"":""Deadline extended by 5 working days under article 10(3)2 on"",""type"":""MEvent10""},{""date"":""2021-11-24"",""name"":""Commitments submitted in N/2 on"",""type"":""MEvent4""},{""date"":""2021-12-17"",""name"":""Deadline extended by 5 working days under article 10(3)2 on"",""type"":""MEvent58""},{""date"":""2021-08-24"",""name"":""Deadline extended by 10 working days under article 10(3)2 on"",""type"":""MEvent58""}]}",2021-08-06 | 2021-11-24 | 2021-12-17 | 2021-08-24,,2021-06-25,Merger,,2023-11-10,,,2021-06-25,M.10262,10262,{},,{},,,,Council Regulation 139/2004,,,"{""code"":""NaceSectorsJ_62"",""label"":""J.62 - Computer programming, consultancy and related activities""} | {""code"":""NaceSectorsM_73_1"",""label"":""M.73.1 - Advertising""} | {""code"":""NaceSectorsJ_63_1_2"",""label"":""J.63.12 - Web portals""} | {""code"":""NaceSectorsJ_61_9"",""label"":""J.61.9 - Other telecommunications activities""}",Normal procedure,,,,META (FORMERLY FACEBOOK) / KUSTOMER,,en,M.10262,METADATA_CASE,2022-01-27,,,53096,"{""items"":[{""reference"":""C417"",""publishedDate"":""2022-10-31"",""priorPublication"":""false""}]}",2022-10-31,false,"{""items"":[{""reference"":""IP/22/652""}]}",,"{""code"":""DecisionType20600"",""label"":""Art. 8(2) with conditions & obligations""}",en,M.10262-DEC53096,METADATA_DECISION
334,8530,https://ec.europa.eu/competition/mergers/cases1/202325/M_9779_7559737_2816_5.pdf,M.9779-DEC{7721F293-7ED7-4D3F-BCF7-6618ACBC0D54}-ATT2816,arbitrat*,EN,"ide the appointment of a monitoring trustee and includes a fast track dispute resolution procedure (arbitration). (1224) Moreover, Alstom will create the position of a Commitments Relationship Manager",2026-06-05T18:48:48.661907,"{""code"":""DocumentCategory0587"",""label"":""Decision - web publication""}",2020-07-31,2816,EN,,,2021-01-25,,2020-07-31,en,METADATA_DECISION_ATTACHMENT,"{""code"":""DocumentCategory0250"",""label"":""Description of the concentration""}",2020-06-15,817,EN,https://ec.europa.eu/competition/mergers/cases/additional_data/m9779_817_3.pdf,,,2020-06-16,,2020-06-15,en,M.9779-ATT817,METADATA_CASE_ATTACHMENT,,,,,,Competition DG,,,"{""items"":[{}]}",2020-02-12,Merger,,2022-06-30,,M.10616,2020-06-11,M.9779,9779,"{""items"":[{""reference"":""C:2020:205:"",""webDescription"":"""",""pageNumber"":"""",""referenceNumber"":""205"",""referenceYear"":""2020"",""referenceSeries"":""C"",""publishedDate"":""2020-06-19""}]}",2020-06-19,"{""items"":[{}]}",,,,Council Regulation 139/2004,,,"{""code"":""NaceSectorsC_30_2_0"",""label"":""C.30.20 - Manufacture of railway locomotives and rolling stock""} | {""code"":""NaceSectorsC_30_9_9"",""label"":""C.30.99 - Manufacture of other transport equipment n.e.c.""}",Normal,,"{""items"":[{""date"":""2020-07-09"",""description"":""Changed deadline - Commitments submitted in N/1 on 09.07.2020"",""type"":""MEvent3"",""label"":""Changed deadline - Commitments submitted in N/1 on DATE_PLACEHOLDER"",""url"":""""}]}",2020-07-09,ALSTOM / BOMBARDIER TRANSPORTATION,"{""code"":""MergerCaseType1"",""label"":""Merger""}",en,M.9779,METADATA_CASE,2020-07-31,,"{""items"":[{}]}",{7721F293-7ED7-4D3F-BCF7-6618ACBC0D54},"{""items"":[{""reference"":""C:2021:061:"",""webDescription"":"""",""pageNumber"":"""",""referenceNumber"":""61"",""referenceYear"":""2021"",""referenceSeries"":""C"",""publishedDate"":""2021-02-22""}]}",2021-02-22,,"{""items"":[{""reference"":""IP_20_1437"",""webDescription"":"""",""publicationDate"":""2021-02-22""}]}",2021-02-22,"{""code"":""DecisionType20212"",""label"":""Art. 6(1)(b) with conditions & obligations""}",en,M.9779-DEC{7721F293-7ED7-4D3F-BCF7-6618ACBC0D54},METADATA_DECISION
335,8725,https://ec.europa.eu/competition/mergers/cases1/202048/m9287_1169_3.pdf,M.9287-DEC51084-ATT1169,arbitrat*,EN,on according to which the new entrant can decide to settle any dispute with Connect Airways through arbitration. In the event of disagreement between the parties to the arbitration regarding the inter,2026-06-05T18:53:17.608294,,,1169,EN,DDOC,Decision: Art. 6(1)(b) with conditions & obligations - public version(1),2020-11-24,,2019-07-05,en,METADATA_DECISION_ATTACHMENT,Section 1.2 of Form CO,,281,EN,https://ec.europa.eu/competition/mergers/cases/additional_data/m9287_281_3.pdf,DOCS,Publication of Section 1.2 of Form CO,2019-05-17,,2019-05-14,en,M.9287-ATT281,METADATA_CASE_ATTACHMENT,,Antitrust,CONNECT AIRWAYS / FLYBE,,,,"{""items"":[{""date"":""2019-06-14"",""name"":""Commitments submitted in N/1 on"",""type"":""MEvent3""}]}",2019-06-14,,2019-05-14,Merger,,2019-07-05,,,2019-05-14,M.9287,9287,{},,{},,,,Council Regulation 139/2004,,,"{""code"":""NaceSectorsH_51_1"",""label"":""H.51.1 - Passenger air transport""} | {""code"":""NaceSectorsH_51"",""label"":""H.51 - Air transport""}",Normal procedure,,,,CONNECT AIRWAYS / FLYBE,,en,M.9287,METADATA_CASE,2019-07-05,,,51084,"{""items"":[{""reference"":""C408"",""publishedDate"":""2020-11-27"",""priorPublication"":""false""}]}",2020-11-27,false,"{""items"":[{""reference"":""IP/19/3790""}]}",,"{""code"":""DecisionType20212"",""label"":""Art. 6(1)(b) with conditions & obligations""}",en,M.9287-DEC51084,METADATA_DECISION
336,8768,https://ec.europa.eu/competition/mergers/cases/decisions/m8738_1325_3.pdf,M.8738-DEC50162-ATT1325,arbitrat*,EN,"e their differences of opinion through cooperation and consultation, the Purchaser may initiate the arbitration process described below. The arbitration process shall be used only to resolve disputes",2026-06-05T18:54:21.597486,,,1325,EN,DDOC,Decision: Art. 6(1)(b) with conditions & obligations - public version - m8738-6(2),2018-09-24,,2018-06-27,en,METADATA_DECISION_ATTACHMENT,Section 1.2 of Form CO,,196,EN,https://ec.europa.eu/competition/mergers/cases/additional_data/m8738_196_3.pdf,DOCS,Publication of Section 1.2 of Form CO - M8738_Section1_2,2018-05-04,,2018-05-03,en,M.8738-ATT196,METADATA_CASE_ATTACHMENT,,Antitrust,RHONE / ZODIAC / FLUIDRA | RHONE-ZODIAC / FLUIDRA,,,,"{""items"":[{""date"":""2018-06-06"",""name"":""Commitments submitted in N/1 on"",""type"":""MEvent3""}]}",2018-06-06,,2018-05-03,Merger,,2019-01-24,,,2018-05-03,M.8738,8738,{},,{},,,,Council Regulation 139/2004,,,"{""code"":""NaceSectorsC_27_5_1"",""label"":""C.27.51 - Manufacture of electric domestic appliances""}",Normal procedure,,,,RHONE-ZODIAC / FLUIDRA,,en,M.8738,METADATA_CASE,2018-06-27,,,50162,"{""items"":[{""reference"":""C345"",""publishedDate"":""2018-09-27"",""priorPublication"":""false""}]}",2018-09-27,false,"{""items"":[{""reference"":""IP/18/4297""}]}",,"{""code"":""DecisionType20212"",""label"":""Art. 6(1)(b) with conditions & obligations""}",en,M.8738-DEC50162,METADATA_DECISION
337,8783,https://ec.europa.eu/competition/mergers/cases/decisions/m8744_1326_7.pdf,M.8744-DEC50467-ATT1326,arbitrat*,EN,include provisions for the appointment of a monitoring trustee and provide for the insertion of an arbitration clause in both the (i) Material Terms Partner-Contract and (ii) Material Terms API Agree,2026-06-05T18:54:37.410875,,,1326,EN,DDOC,Art. 6(1)(b) with conditions & obligations - public version,2019-04-11,,2018-11-07,en,METADATA_DECISION_ATTACHMENT,Section 1.2 of Form CO,,527,EN,https://ec.europa.eu/competition/mergers/cases/additional_data/m8744_527_3.pdf,DOCS,Publication of Section 1.2 of Form CO,2018-09-21,,2018-09-20,en,M.8744-ATT527,METADATA_CASE_ATTACHMENT,,Antitrust,DAIMLER / BMW / CAR SHARING JV,,,,"{""items"":[{""date"":""2018-10-15"",""name"":""Commitments submitted in N/1 on"",""type"":""MEvent3""}]}",2018-10-15,,2018-09-17,Merger,,2022-01-31,,M.10334,2018-09-17,M.8744,8744,{},,{},,,,Council Regulation 139/2004,,,"{""code"":""NaceSectorsH_52_2"",""label"":""H.52.2 - Support activities for transportation""} | {""code"":""NaceSectorsN_77_1_1"",""label"":""N.77.11 - Rental and leasing of cars and light motor vehicles""} | {""code"":""NaceSectorsH_52_2_1"",""label"":""H.52.21 - Service activities incidental to land transportation""} | {""code"":""NaceSectorsC_29_1"",""label"":""C.29.1 - Manufacture of motor vehicles""}",Normal procedure,,,,DAIMLER / BMW / CAR SHARING JV,,en,M.8744,METADATA_CASE,2018-11-07,,,50467,"{""items"":[{""reference"":""C142"",""publishedDate"":""2019-04-23"",""priorPublication"":""false""}]}",2019-04-23,false,"{""items"":[{""reference"":""IP/18/6321""}]}",,"{""code"":""DecisionType20212"",""label"":""Art. 6(1)(b) with conditions & obligations""}",en,M.8744-DEC50467,METADATA_DECISION
338,8856,https://ec.europa.eu/competition/mergers/cases/decisions/m8306_3479_3.pdf,M.8306-DEC49873-ATT3479,arbitrat*,EN,"a Monitoring Trustee for the monitoring of Qualcomm’s compliance with the First Commitments, and an arbitration mechanism for disputes arising under the Final Commitments. 8.3.2. Results of the market",2026-06-05T18:56:08.474640,,,3479,EN,DDOC,Decision Art 8(2) - public version,2018-03-27,,2018-01-18,en,METADATA_DECISION_ATTACHMENT,Opinion of the Advisory Committee,,3474,EN,https://ec.europa.eu/competition/mergers/cases/additional_data/m8306_3474_3.pdf,DOCS,Publication of the Opinion of the Advisory Committee - m8306-8(2)-AC Opinion,2018-03-27,,2018-03-21,en,M.8306-ATT3474,METADATA_CASE_ATTACHMENT,,Antitrust,QUALCOMM / NXP SEMICONDUCTORS,,,,"{""items"":[{""date"":""2017-11-16"",""name"":""Deadline suspension under Article 11(3) ended on"",""type"":""MEvent8""},{""date"":""2017-10-05"",""name"":""Commitments submitted in N/2 on"",""type"":""MEvent46""},{""date"":""2017-08-16"",""name"":""Deadline suspension under Article 11(3) ended on"",""type"":""MEvent8""},{""date"":""2017-08-17"",""name"":""Deadline suspended under Article 11(3) [date may differ from the Article 11(3) decision date] from"",""type"":""MEvent7""},{""date"":""2017-06-28"",""name"":""Deadline suspended under Article 11(3) [date may differ from the Article 11(3) decision date] from"",""type"":""MEvent7""}]}",2017-11-16 | 2017-10-05 | 2017-08-16 | 2017-08-17 | 2017-06-28,,2017-04-28,Merger,,2018-01-18,,,2017-04-28,M.8306,8306,{},,{},,,,Council Regulation 139/2004,,,"{""code"":""NaceSectorsJ_62_0_9"",""label"":""J.62.09 - Other information technology and computer service activities""} | {""code"":""NaceSectorsC_26_3"",""label"":""C.26.3 - Manufacture of communication equipment""}",Normal procedure,,,,QUALCOMM / NXP SEMICONDUCTORS,,en,M.8306,METADATA_CASE,2018-01-18,,,49873,"{""items"":[{""reference"":""C113"",""publishedDate"":""2018-03-27"",""priorPublication"":""false""}]}",2018-03-27,false,"{""items"":[{""reference"":""IP/18/347""}]}",,"{""code"":""DecisionType20600"",""label"":""Art. 8(2) with conditions & obligations""}",en,M.8306-DEC49873,METADATA_DECISION
339,8876,https://ec.europa.eu/competition/mergers/cases/decisions/m8314_662_3.pdf,M.8314-DEC{718E1192-1E04-4F29-A78D-6AB6DC470AC6}-ATT662,arbitrat*,EN,"mmitments provided for a monitoring trustee and for a fast-track dispute resolution procedure (the ""Arbitration Mechanism""). (238) The two sets of commitments constituting the Initial Commitments are",2026-06-05T18:56:40.924912,"{""code"":""DocumentCategory0587"",""label"":""Decision - web publication""}",2017-05-12,662,EN,,,2017-07-06,,2017-05-12,en,METADATA_DECISION_ATTACHMENT,"{""code"":""DocumentCategory0599"",""label"":""Other document for publication""}",2025-04-11,768,EN,https://ec.europa.eu/competition/mergers/cases1/202516/M_8314_10598797_768_3.pdf,,,2025-04-14,Trustee details,2025-04-11,en,M.8314-ATT768,METADATA_CASE_ATTACHMENT,,,,,,Competition DG,,,"{""items"":[{}]}",2016-11-18,Merger,,2017-05-12,,,2017-03-17,M.8314,8314,"{""items"":[{""reference"":""C:2017:094:"",""webDescription"":"""",""pageNumber"":"""",""referenceNumber"":""94"",""referenceYear"":""2017"",""referenceSeries"":""C"",""publishedDate"":""2017-03-25""}]}",2017-03-25,"{""items"":[{}]}",,,,Council Regulation 139/2004,,,"{""code"":""NaceSectorsC_26_1_1"",""label"":""C.26.11 - Manufacture of electronic components""} | {""code"":""NaceSectorsC_26_3"",""label"":""C.26.3 - Manufacture of communication equipment""}",Normal,,"{""items"":[{""date"":""2017-04-19"",""description"":""Changed deadline - Commitments submitted in N/1 on 19.04.2017"",""type"":""MEvent3"",""label"":""Changed deadline - Commitments submitted in N/1 on DATE_PLACEHOLDER"",""url"":""""}]}",2017-04-19,BROADCOM / BROCADE,"{""code"":""MergerCaseType1"",""label"":""Merger""}",en,M.8314,METADATA_CASE,2017-05-12,,"{""items"":[{}]}",{718E1192-1E04-4F29-A78D-6AB6DC470AC6},"{""items"":[{""reference"":""C:2017:222:"",""webDescription"":"""",""pageNumber"":"""",""referenceNumber"":""222"",""referenceYear"":""2017"",""referenceSeries"":""C"",""publishedDate"":""2017-07-11""}]}",2017-07-11,,"{""items"":[{""reference"":""IP_17_1309"",""webDescription"":"""",""publicationDate"":""2017-07-11""}]}",2017-07-11,"{""code"":""DecisionType20212"",""label"":""Art. 6(1)(b) with conditions & obligations""}",en,M.8314-DEC{718E1192-1E04-4F29-A78D-6AB6DC470AC6},METADATA_DECISION
340,8910,https://ec.europa.eu/competition/mergers/cases1/202120/m9660_3314_3.pdf,M.9660-DEC{E9F66A29-F0B2-49F3-9544-4313B9986543}-ATT3314,arbitrat*,EN,"-vis the Requesting Party. 3. Should the Requesting Party and Google (together, the “Parties to the Arbitration”) fail to resolve their differences of opinion in the Consultation Period, then the Requ",2026-06-05T18:58:00.361576,"{""code"":""DocumentCategory0587"",""label"":""Decision - web publication""}",2020-12-17,3314,EN,,,2021-05-11,,2020-12-17,en,METADATA_DECISION_ATTACHMENT,"{""code"":""DocumentCategory0250"",""label"":""Description of the concentration""}",2020-06-15,387,EN,https://ec.europa.eu/competition/mergers/cases/additional_data/m9660_387_3.pdf,,,2020-06-17,,2020-06-15,en,M.9660-ATT387,METADATA_CASE_ATTACHMENT,,,,,,Competition DG,,,"{""items"":[{}]}",2019-11-05,Merger,,2020-12-17,,,2020-06-15,M.9660,9660,"{""items"":[{""reference"":""C:2020:210:"",""webDescription"":"""",""pageNumber"":"""",""referenceNumber"":""210"",""referenceYear"":""2020"",""referenceSeries"":""C"",""publishedDate"":""2020-06-24""}]}",2020-06-24,"{""items"":[{}]}",,,,Council Regulation 139/2004,,,"{""code"":""NaceSectorsJ_63_1_2"",""label"":""J.63.12 - Web portals""} | {""code"":""NaceSectorsJ_58_2"",""label"":""J.58.2 - Software publishing""} | {""code"":""NaceSectorsC_26_4"",""label"":""C.26.4 - Manufacture of consumer electronics""} | {""code"":""NaceSectorsJ_62_0_1"",""label"":""J.62.01 - Computer programming activities""}",Normal,,"{""items"":[{""date"":""2020-10-16"",""description"":""Changed deadline - extension of 5 working days under Article 10(3)2 on 16.10.2020"",""type"":""MEvent58"",""label"":""Changed deadline - extension of NUMBER_PLACEHOLDER working days under Article 10(3)2 on DATE_PLACEHOLDER"",""url"":""""},{""date"":""2020-07-13"",""description"":""Changed deadline - Commitments submitted in N/1 on 13.07.2020"",""type"":""MEvent3"",""label"":""Changed deadline - Commitments submitted in N/1 on DATE_PLACEHOLDER"",""url"":""""},{""date"":""2020-09-28"",""description"":""Commitments submitted in N/2 on 28.09.2020"",""type"":""MEvent46"",""label"":""Commitments submitted in N/2 on DATE_PLACEHOLDER"",""url"":""""},{""date"":""2020-09-22"",""description"":""Changed deadline - extension of 10 working days under Article 10(3)2 on 22.09.2020"",""type"":""MEvent58"",""label"":""Changed deadline - extension of NUMBER_PLACEHOLDER working days under Article 10(3)2 on DATE_PLACEHOLDER"",""url"":""""}]}",2020-10-16 | 2020-07-13 | 2020-09-28 | 2020-09-22,GOOGLE / FITBIT,"{""code"":""MergerCaseType1"",""label"":""Merger""}",en,M.9660,METADATA_CASE,2020-12-17,,"{""items"":[{}]}",{E9F66A29-F0B2-49F3-9544-4313B9986543},"{""items"":[{""reference"":""C:2021:194:"",""webDescription"":"""",""pageNumber"":"""",""referenceNumber"":""194"",""referenceYear"":""2021"",""referenceSeries"":""C"",""publishedDate"":""2021-05-21""}]}",2021-05-21,,"{""items"":[{""reference"":""IP_20_2484"",""webDescription"":"""",""publicationDate"":""2021-05-21""}]}",2021-05-21,"{""code"":""DecisionType20600"",""label"":""Art. 8(2) with conditions & obligations""}",en,M.9660-DEC{E9F66A29-F0B2-49F3-9544-4313B9986543},METADATA_DECISION
341,8929,https://ec.europa.eu/competition/mergers/cases1/202037/m9674_516_3.pdf,M.9674-DEC{0E92DDF5-A988-46EC-9A80-97DAB4C5DBFE}-ATT516,arbitrat*,EN,e whose determination shall be binding on the Joint Venture and the Parties. Standard mediation and arbitration processes will apply to any other disputes in relation to the Initial Commitments. (457),2026-06-05T18:58:36.252528,"{""code"":""DocumentCategory0587"",""label"":""Decision - web publication""}",2020-03-06,516,EN,,,2020-09-10,,2020-03-06,en,METADATA_DECISION_ATTACHMENT,"{""code"":""DocumentCategory0599"",""label"":""Other document for publication""}",2020-03-25,447,EN,https://ec.europa.eu/competition/mergers/cases/additional_data/m9674_447_3.pdf,,,2020-03-26,Trustee details,2020-03-25,en,M.9674-ATT447,METADATA_CASE_ATTACHMENT,,,,,,Competition DG,,,"{""items"":[{}]}",2019-11-14,Merger,,2020-03-06,,,2020-01-17,M.9674,9674,"{""items"":[{""reference"":""C:2020:029:"",""webDescription"":"""",""pageNumber"":"""",""referenceNumber"":""29"",""referenceYear"":""2020"",""referenceSeries"":""C"",""publishedDate"":""2020-01-28""}]}",2020-01-28,"{""items"":[{}]}",,,,Council Regulation 139/2004,,,"{""code"":""NaceSectorsJ_61_9"",""label"":""J.61.9 - Other telecommunications activities""} | {""code"":""NaceSectorsJ_61_1"",""label"":""J.61.1 - Wired telecommunications activities""} | {""code"":""NaceSectorsJ_61_2"",""label"":""J.61.2 - Wireless telecommunications activities""}",Normal,,"{""items"":[{""date"":""2020-02-14"",""description"":""Changed deadline - Commitments submitted in N/1 on 14.02.2020"",""type"":""MEvent3"",""label"":""Changed deadline - Commitments submitted in N/1 on DATE_PLACEHOLDER"",""url"":""""}]}",2020-02-14,VODAFONE ITALIA / TIM / INWIT JV ,"{""code"":""MergerCaseType1"",""label"":""Merger""}",en,M.9674,METADATA_CASE,2020-03-06,,"{""items"":[{}]}",{0E92DDF5-A988-46EC-9A80-97DAB4C5DBFE},"{""items"":[{""reference"":""C:2020:309:"",""webDescription"":"""",""pageNumber"":"""",""referenceNumber"":""309"",""referenceYear"":""2020"",""referenceSeries"":""C"",""publishedDate"":""2020-09-18""}]}",2020-09-18,,"{""items"":[{""reference"":""IP_20_414"",""webDescription"":"""",""publicationDate"":""2020-09-18""}]}",2020-09-18,"{""code"":""DecisionType20212"",""label"":""Art. 6(1)(b) with conditions & obligations""}",en,M.9674-DEC{0E92DDF5-A988-46EC-9A80-97DAB4C5DBFE},METADATA_DECISION
342,9244,https://ec.europa.eu/competition/mergers/cases1/202448/M_10433_10400612_13036_3.pdf,M.10433-DEC{833456EC-447C-43A9-B3B0-67389DBF3B75}-ATT13036,arbitrag*,FR,"t favorable possible et en adéquation avec sa volonté. (436) Ainsi qu’il en ressort de l’enquête, l’arbitrage d’un auteur, notamment réputé, entre différents éditeurs repose sur un ensemble de critère",2026-06-05T19:06:15.337893,"{""code"":""DocumentCategory0587"",""label"":""Decision - web publication""}",2023-06-09,13036,FR,,,2024-11-29,,2023-06-09,fr,METADATA_DECISION_ATTACHMENT,"{""code"":""DocumentCategory0250"",""label"":""Description of the concentration""}",2022-10-25,2864,FR,https://ec.europa.eu/competition/mergers/cases1/202244/M_10433_8589153_2864_3.pdf,,,2022-10-26,,2022-10-25,fr,M.10433-ATT2864,METADATA_CASE_ATTACHMENT,,,,,,Competition DG,,,"{""items"":[{}]}",2021-07-27,Merger,,2023-11-08,,M.11184.AP,2022-10-24,M.10433,10433,"{""items"":[{""reference"":""C:2022:423:"",""webDescription"":"""",""pageNumber"":"""",""referenceNumber"":""423"",""referenceYear"":""2022"",""referenceSeries"":""C"",""publishedDate"":""2022-11-07""}]}",2022-11-07,"{""items"":[{}]}",,,,Council Regulation 139/2004,,,"{""code"":""NaceSectorsG_47"",""label"":""G.47 - Retail trade, except of motor vehicles and motorcycles""} | {""code"":""NaceSectorsJ_58"",""label"":""J.58 - Publishing activities""} | {""code"":""NaceSectorsC_18"",""label"":""C.18 - Printing and reproduction of recorded media""} | {""code"":""NaceSectorsR_90"",""label"":""R.90 - Creative, arts and entertainment activities""}",Normal,,"{""items"":[{""date"":""2023-04-05"",""description"":""Changed deadline - Commitments submitted in N/2 on 05.04.2023"",""type"":""MEvent4"",""label"":""Changed deadline - Commitments submitted in N/2 on DATE_PLACEHOLDER"",""url"":""""},{""date"":""2022-12-15"",""description"":""Commitments submitted in N/2 on 15.12.2022"",""type"":""MEvent46"",""label"":""Commitments submitted in N/2 on DATE_PLACEHOLDER"",""url"":""""},{""date"":""2022-12-19"",""description"":""Changed deadline - extension of 20 working days under Article 10(3)2 on 19.12.2022"",""type"":""MEvent10"",""label"":""Changed deadline - extension of NUMBER_PLACEHOLDER working days under Article 10(3)2 on DATE_PLACEHOLDER"",""url"":""""}]}",2023-04-05 | 2022-12-15 | 2022-12-19,VIVENDI / LAGARDERE,"{""code"":""MergerCaseType1"",""label"":""Merger""}",en,M.10433,METADATA_CASE,2023-06-09,,"{""items"":[{}]}",{833456EC-447C-43A9-B3B0-67389DBF3B75},"{""items"":[{""reference"":""C:2024:7390:"",""webDescription"":"""",""pageNumber"":"""",""referenceNumber"":""7390"",""referenceYear"":""2024"",""referenceSeries"":""C"",""publishedDate"":""2024-12-06""}]}",2024-12-06,,"{""items"":[{""reference"":""IP_23_3136"",""webDescription"":"""",""publicationDate"":""2024-12-06""}]}",2024-12-06,"{""code"":""DecisionType20600"",""label"":""Art. 8(2) with conditions & obligations""}",en,M.10433-DEC{833456EC-447C-43A9-B3B0-67389DBF3B75},METADATA_DECISION
343,9430,https://ec.europa.eu/competition/mergers/cases1/202520/M_10806_10624386_6538_3.pdf,M.10806-DEC{CB11D0D0-9972-49B5-B5CF-106560DF3F8C}-ATT6538,arbitrat*,EN,enforce the commitments may in particular involve access to a fast dispute resolution mechanism via arbitration proceedings (together with trustees). If the Commission can conclude 1115 Remedies Notic,2026-06-05T19:09:34.898607,"{""code"":""DocumentCategory0587"",""label"":""Decision - web publication""}",2023-07-12,6538,EN,,,2025-05-13,,2023-07-12,en,METADATA_DECISION_ATTACHMENT,"{""code"":""DocumentCategory0583"",""label"":""Opinion of the Advisory Committee""}",2025-05-13,6540,EN,https://ec.europa.eu/competition/mergers/cases1/202520/M_10806_10624492_6540_3.pdf,,,2025-05-13,,2025-05-13,en,M.10806-ATT6540,METADATA_CASE_ATTACHMENT,,,,,,Competition DG,,,"{""items"":[{}]}",2022-05-30,Merger,,2023-07-12,,,2022-11-15,M.10806,10806,"{""items"":[{""reference"":""C:2022:442:"",""webDescription"":"""",""pageNumber"":"""",""referenceNumber"":""442"",""referenceYear"":""2022"",""referenceSeries"":""C"",""publishedDate"":""2022-11-22""}]}",2022-11-22,"{""items"":[{}]}",,,,Council Regulation 139/2004,,,"{""code"":""NaceSectorsC_26_1"",""label"":""C.26.1 - Manufacture of electronic components and boards""} | {""code"":""NaceSectorsJ_62_0_9"",""label"":""J.62.09 - Other information technology and computer service activities""} | {""code"":""NaceSectorsJ_62_0_1"",""label"":""J.62.01 - Computer programming activities""}",Normal,,"{""items"":[{""date"":""2023-01-24"",""description"":""Deadline suspended under Article 11(3) [date may differ from the Article 11(3) decision date] from 24.01.2023"",""type"":""MEvent59"",""label"":""Deadline suspended under Article 11(3) [date may differ from the Article 11(3) decision date] from DATE_PLACEHOLDER"",""url"":""""},{""date"":""2023-05-12"",""description"":""Changed deadline - extension of 3 working days under Article 10(3)2 on 12.05.2023"",""type"":""MEvent58"",""label"":""Changed deadline - extension of NUMBER_PLACEHOLDER working days under Article 10(3)2 on DATE_PLACEHOLDER"",""url"":""""},{""date"":""2023-03-13"",""description"":""Changed deadline - extension of 10 working days under Article 10(3)2 on 13.03.2023"",""type"":""MEvent58"",""label"":""Changed deadline - extension of NUMBER_PLACEHOLDER working days under Article 10(3)2 on DATE_PLACEHOLDER"",""url"":""""},{""date"":""2023-05-16"",""description"":""Changed deadline - Commitments submitted in N/2 on 16.05.2023"",""type"":""MEvent4"",""label"":""Changed deadline - Commitments submitted in N/2 on DATE_PLACEHOLDER"",""url"":""""},{""date"":""2023-02-14"",""description"":""Changed deadline - suspension under Article 11(3) ended on 14.02.2023"",""type"":""MEvent60"",""label"":""Changed deadline - suspension under Article 11(3) ended on DATE_PLACEHOLDER"",""url"":""""}]}",2023-01-24 | 2023-05-12 | 2023-03-13 | 2023-05-16 | 2023-02-14,BROADCOM / VMWARE,"{""code"":""MergerCaseType1"",""label"":""Merger""}",en,M.10806,METADATA_CASE,2023-07-12,,"{""items"":[{}]}",{CB11D0D0-9972-49B5-B5CF-106560DF3F8C},"{""items"":[{}]}",,,"{""items"":[{""reference"":""IP_23_3777"",""webDescription"":"""",""publicationDate"":""2023-07-12""}]}",2023-07-12,"{""code"":""DecisionType20600"",""label"":""Art. 8(2) with conditions & obligations""}",en,M.10806-DEC{CB11D0D0-9972-49B5-B5CF-106560DF3F8C},METADATA_DECISION
344,9559,https://ec.europa.eu/competition/mergers/cases1/202426/M_10896_10132275_5929_5.pdf,M.10896-DEC{1B3B6C3B-5943-49EA-BC07-EE6E9516118C}-ATT5929,arbitrat*,EN,"base.1440 The Parties also maintain that some of their variable cost savings derive from wholesale arbitrate rather than increased bargaining power.1441 With regard to EDM, the Parties maintain that",2026-06-05T19:12:06.561869,"{""code"":""DocumentCategory0587"",""label"":""Decision - web publication""}",2024-02-20,5929,EN,,,2024-06-28,,2024-02-20,en,METADATA_DECISION_ATTACHMENT,"{""code"":""DocumentCategory0583"",""label"":""Opinion of the Advisory Committee""}",2024-06-25,5931,EN,https://ec.europa.eu/competition/mergers/cases1/202426/M_10896_10132326_5931_3.pdf,,,2024-06-28,,2024-06-25,en,M.10896-ATT5931,METADATA_CASE_ATTACHMENT,,,,,,Competition DG,,,"{""items"":[{}]}",2022-08-02,Merger,,2024-02-20,,M.12247,2023-02-13,M.10896,10896,"{""items"":[{""reference"":""C:2023:096:"",""webDescription"":"""",""pageNumber"":"""",""referenceNumber"":""96"",""referenceYear"":""2023"",""referenceSeries"":""C"",""publishedDate"":""2023-03-15""}]}",2023-03-15,"{""items"":[{}]}",,,,Council Regulation 139/2004,,,"{""code"":""NaceSectorsJ_61_1_0"",""label"":""J.61.10 - Wired telecommunications activities""} | {""code"":""NaceSectorsJ_61_2_0"",""label"":""J.61.20 - Wireless telecommunications activities""}",Normal,,"{""items"":[{""date"":""2023-12-12"",""description"":""Changed deadline - Commitments submitted in N/2 on 12.12.2023"",""type"":""MEvent4"",""label"":""Changed deadline - Commitments submitted in N/2 on DATE_PLACEHOLDER"",""url"":""""},{""date"":""2023-12-11"",""description"":""Changed deadline - suspension under Article 11(3) ended on 11.12.2023"",""type"":""MEvent60"",""label"":""Changed deadline - suspension under Article 11(3) ended on DATE_PLACEHOLDER"",""url"":""""},{""date"":""2023-07-28"",""description"":""Deadline suspended under Article 11(3) [date may differ from the Article 11(3) decision date] from 28.07.2023"",""type"":""MEvent59"",""label"":""Deadline suspended under Article 11(3) [date may differ from the Article 11(3) decision date] from DATE_PLACEHOLDER"",""url"":""""},{""date"":""2023-04-27"",""description"":""Changed deadline - extension of 10 working days under Article 10(3)2 on 27.04.2023"",""type"":""MEvent10"",""label"":""Changed deadline - extension of NUMBER_PLACEHOLDER working days under Article 10(3)2 on DATE_PLACEHOLDER"",""url"":""""},{""date"":""2024-01-31"",""description"":""Changed deadline - extension of 5 working days under Article 10(3)2 on 31.01.2024"",""type"":""MEvent58"",""label"":""Changed deadline - extension of NUMBER_PLACEHOLDER working days under Article 10(3)2 on DATE_PLACEHOLDER"",""url"":""""},{""date"":""2023-03-02"",""description"":""Changed deadline - Art. 9 request received on 02.03.2023"",""type"":""MEvent30"",""label"":""Changed deadline - Art. 9 request received on DATE_PLACEHOLDER"",""url"":""""}]}",2023-12-12 | 2023-12-11 | 2023-07-28 | 2023-04-27 | 2024-01-31 | 2023-03-02,ORANGE / MASMOVIL / JV,"{""code"":""MergerCaseType1"",""label"":""Merger""}",en,M.10896,METADATA_CASE,2024-02-20,,"{""items"":[{}]}",{1B3B6C3B-5943-49EA-BC07-EE6E9516118C},"{""items"":[{""reference"":""C:2024:4549:"",""webDescription"":"""",""pageNumber"":"""",""referenceNumber"":""4549"",""referenceYear"":""2024"",""referenceSeries"":""C"",""publishedDate"":""2024-07-19""}]}",2024-07-19,,"{""items"":[{""reference"":""IP_24_928"",""webDescription"":"""",""publicationDate"":""2024-07-19""}]}",2024-07-19,"{""code"":""DecisionType20600"",""label"":""Art. 8(2) with conditions & obligations""}",en,M.10896-DEC{1B3B6C3B-5943-49EA-BC07-EE6E9516118C},METADATA_DECISION
345,9891,https://ec.europa.eu/competition/mergers/cases1/202540/M_11485_10764590_4013_7.pdf,M.11485-DEC{0E8C3F9D-4B52-4662-BB4B-C9B97EBA5E58}-ATT4013,arbitrag*,FR,"e dans un délai de cinq jours ouvrables à compter de leur désignation, qui peut être le règlement d’arbitrage de (indiquer la Cour d’arbitrage en question); (d) la partie offrant des engagements et l’",2026-06-05T19:16:55.486285,"{""code"":""DocumentCategory0587"",""label"":""Decision - web publication""}",2025-07-17,4013,FR,,,2025-09-03,,2025-07-17,fr,METADATA_DECISION_ATTACHMENT,"{""code"":""DocumentCategory0599"",""label"":""Other document for publication""}",2025-08-13,3998,FR,https://ec.europa.eu/competition/mergers/cases1/202534/M_11485_10723140_3998_3.pdf,,,2025-08-18,Trustee details,2025-08-13,fr,M.11485-ATT3998,METADATA_CASE_ATTACHMENT,,,,,,Competition DG,,,"{""items"":[{}]}",2024-02-07,Merger,,2025-12-19,,,2024-10-18,M.11485,11485,"{""items"":[{""reference"":""C:2025:3174:"",""webDescription"":"""",""pageNumber"":"""",""referenceNumber"":""3174"",""referenceYear"":""2025"",""referenceSeries"":""C"",""publishedDate"":""2025-06-05""}]}",2025-06-05,"{""items"":[{}]}",,,,Council Regulation 139/2004,2025-05-26,,"{""code"":""NaceSectorsG_46_3_9"",""label"":""G.46.39 - Non-specialised wholesale of food, beverages and tobacco""} | {""code"":""NaceSectorsC_11_0_7"",""label"":""C.11.07 - Manufacture of soft drinks; production of mineral waters and other bottled waters""} | {""code"":""NaceSectorsC_11"",""label"":""C.11 - Manufacture of beverages""} | {""code"":""NaceSectorsC_11_0_5"",""label"":""C.11.05 - Manufacture of beer""}",Normal,,"{""items"":[{""date"":""2025-06-16"",""description"":""Changed deadline - Commitments submitted in N/1 on 16.06.2025"",""type"":""MEvent3"",""label"":""Changed deadline - Commitments submitted in N/1 on DATE_PLACEHOLDER"",""url"":""""}]}",2025-06-16,BRASSERIE NATIONALE / BOISSONS HEINTZ ,"{""code"":""MergerCaseType1"",""label"":""Merger""}",en,M.11485,METADATA_CASE,2025-07-17,,"{""items"":[{}]}",{0E8C3F9D-4B52-4662-BB4B-C9B97EBA5E58},"{""items"":[{""reference"":""C:2025:4953:"",""webDescription"":"""",""pageNumber"":"""",""referenceNumber"":""4953"",""referenceYear"":""2025"",""referenceSeries"":""C"",""publishedDate"":""2025-09-05""}]}",2025-09-05,,"{""items"":[{""reference"":""IP_25_1845"",""webDescription"":"""",""publicationDate"":""2025-09-05""}]}",2025-09-05,"{""code"":""DecisionType20212"",""label"":""Art. 6(1)(b) with conditions & obligations""}",en,M.11485-DEC{0E8C3F9D-4B52-4662-BB4B-C9B97EBA5E58},METADATA_DECISION
346,9967,https://ec.europa.eu/competition/mergers/cases1/202433/M_10926_10201036_3861_3.pdf,M.10926-DEC54232-ATT3861,arbitrat*,EN,"and a partnership with platforms is no longer the only choice available: it is now a pure marketing arbitration”.282 Further, most luxury brands’ appeal and recognition is global in scope, and therefo",2026-06-05T19:17:37.822641,,,3861,EN,DDOC,Decision Article 6(1)b simplified – public version(1),2024-08-14,,2023-10-20,en,METADATA_DECISION_ATTACHMENT,Section 1.2 of Form CO,,2322,EN,https://ec.europa.eu/competition/mergers/cases1/202338/M_10926_9528234_2322_3.pdf,DOCS,Publication of section 1.2 of Form CO - M10926_Section1_2,2023-09-20,,2023-09-18,en,M.10926-ATT2322,METADATA_CASE_ATTACHMENT,,Antitrust,FARFETCH / RICHEMONT / YNAP,,2023-10-20,,,,,2023-09-15,Merger,,2023-10-20,,M.11793,2023-09-15,M.10926,10926,{},,{},,,,Council Regulation 139/2004,,,"{""code"":""NaceSectorsJ_62_0_9"",""label"":""J.62.09 - Other information technology and computer service activities""} | {""code"":""NaceSectorsG_47_7_8"",""label"":""G.47.78 - Other retail sale of new goods in specialised stores""} | {""code"":""NaceSectorsG_47_9_1"",""label"":""G.47.91 - Retail sale via mail order houses or via Internet""} | {""code"":""NaceSectorsG_47_7_1"",""label"":""G.47.71 - Retail sale of clothing in specialised stores""} | {""code"":""NaceSectorsJ_63_1"",""label"":""J.63.1 - Data processing, hosting and related activities; web portals""} | {""code"":""NaceSectorsG_47_7_7"",""label"":""G.47.77 - Retail sale of watches and jewellery in specialised stores""}",Normal procedure,,,,FARFETCH / RICHEMONT / YNAP,,en,M.10926,METADATA_CASE,2023-10-20,,,54232,"{""items"":[{""reference"":""C5173"",""publishedDate"":""2024-08-20"",""priorPublication"":""false""}]}",2024-08-20,false,"{""items"":[{""reference"":""MEX/23/5243""}]}",,"{""code"":""DecisionType20310"",""label"":""Art. 6(1)(b)""}",en,M.10926-DEC54232,METADATA_DECISION
347,10017,https://ec.europa.eu/competition/mergers/cases1/202551/M_11830_10846699_4319_3.pdf,M.11830-DEC{FA78C381-894B-4048-A3CD-31B457E2A918}-ATT4319,arbitrat*,EN,"the procedure to be followed within 5 Working days of their appointment, which may be the rules of arbitration the Milan Chamber of Commerce; (d) the Committing Party and the Purchaser shall assist a",2026-06-05T19:18:23.126695,"{""code"":""DocumentCategory0587"",""label"":""Decision - web publication""}",2025-06-19,4319,EN,,,2025-12-18,,2025-06-19,en,METADATA_DECISION_ATTACHMENT,"{""code"":""DocumentCategory0250"",""label"":""Description of the concentration""}",2025-04-25,740,EN,https://ec.europa.eu/competition/mergers/cases1/202518/M_11830_10608631_740_3.pdf,,,2025-04-28,,2025-04-25,en,M.11830-ATT740,METADATA_CASE_ATTACHMENT,,,,,,Competition DG,,,"{""items"":[{}]}",2024-12-02,Merger,,2025-06-19,,M.12052.AP,2025-04-24,M.11830,11830,"{""items"":[{""reference"":""C:2025:2611:"",""webDescription"":"""",""pageNumber"":"""",""referenceNumber"":""2611"",""referenceYear"":""2025"",""referenceSeries"":""C"",""publishedDate"":""2025-05-06""}]}",2025-05-06,"{""items"":[{}]}",,,,Council Regulation 139/2004,,,"{""code"":""NaceV2Sector_L_65.11"",""label"":""L.65.11 - Life insurance""} | {""code"":""NaceV2Sector_L_65"",""label"":""L.65 - Insurance, reinsurance and pension funding, except compulsory social security""} | {""code"":""NaceV2Sector_L_64"",""label"":""L.64 - Financial service activities, except insurance and pension funding""} | {""code"":""NaceV2Sector_L_66"",""label"":""L.66 - Activities auxiliary to financial services and insurance activities""}",Normal,,"{""items"":[{""date"":""2025-05-26"",""description"":""Changed deadline - Commitments submitted in N/1 on 26.05.2025"",""type"":""MEvent3"",""label"":""Changed deadline - Commitments submitted in N/1 on DATE_PLACEHOLDER"",""url"":""""},{""date"":""2025-05-14"",""description"":""Changed deadline - Art. 9 request received on 14.05.2025"",""type"":""MEvent30"",""label"":""Changed deadline - Art. 9 request received on DATE_PLACEHOLDER"",""url"":""""}]}",2025-05-26 | 2025-05-14,UNICREDIT / BANCO BPM,"{""code"":""MergerCaseType1"",""label"":""Merger""}",en,M.11830,METADATA_CASE,2025-06-19,,"{""items"":[{}]}",{FA78C381-894B-4048-A3CD-31B457E2A918},"{""items"":[{""reference"":""C:2026:189:"",""webDescription"":"""",""pageNumber"":"""",""referenceNumber"":""189"",""referenceYear"":""2026"",""referenceSeries"":""C"",""publishedDate"":""2026-01-06""}]}",2026-01-06,,"{""items"":[{""reference"":""IP_25_1565"",""webDescription"":"""",""publicationDate"":""2026-01-06""}]}",2026-01-06,"{""code"":""DecisionType20212"",""label"":""Art. 6(1)(b) with conditions & obligations""}",en,M.11830-DEC{FA78C381-894B-4048-A3CD-31B457E2A918},METADATA_DECISION
348,10196,https://ec.europa.eu/competition/mergers/cases1/202611/M_11578_10911971_2951_3.pdf,M.11578-DEC{AE40B042-8A99-4FA0-BB5E-A24E909FA778}-ATT2951,arbitrat*,EN,"days of their appointment, which may be pursuant to the AAA Rules in New York, under the Commercial Arbitration Rules of the American Arbitration Association (the “AAA Rules”). (d) the Committing Part",2026-06-05T19:21:38.208661,"{""code"":""DocumentCategory0587"",""label"":""Decision - web publication""}",2025-10-14,2951,EN,,,2026-03-09,,2025-10-14,en,METADATA_DECISION_ATTACHMENT,"{""code"":""DocumentCategory0599"",""label"":""Other document for publication""}",2025-10-21,2855,EN,https://ec.europa.eu/competition/mergers/cases1/202543/M_11578_10782157_2855_4.pdf,,,2025-10-22,Trustee details,2025-10-21,en,M.11578-ATT2855,METADATA_CASE_ATTACHMENT,,,,,,Competition DG,,,"{""items"":[{}]}",2024-04-30,Merger,,2025-10-14,,,2025-08-26,M.11578,11578,"{""items"":[{""reference"":""C:2025:4873:"",""webDescription"":"""",""pageNumber"":"""",""referenceNumber"":""4873"",""referenceYear"":""2025"",""referenceSeries"":""C"",""publishedDate"":""2025-09-03""}]}",2025-09-03,"{""items"":[{}]}",,,,Council Regulation 139/2004,,,"{""code"":""NaceV2Sector_C_30.3"",""label"":""C.30.3 - Manufacture of air and spacecraft and related machinery""} | {""code"":""NaceSectorsC_30_3"",""label"":""C.30.3 - Manufacture of air and spacecraft and related machinery""}",Normal,,"{""items"":[{""date"":""2025-09-22"",""description"":""Changed deadline - Commitments submitted in N/1 on 22.09.2025"",""type"":""MEvent3"",""label"":""Changed deadline - Commitments submitted in N/1 on DATE_PLACEHOLDER"",""url"":""""}]}",2025-09-22,BOEING / SPIRIT,"{""code"":""MergerCaseType1"",""label"":""Merger""}",en,M.11578,METADATA_CASE,2025-10-14,,"{""items"":[{}]}",{AE40B042-8A99-4FA0-BB5E-A24E909FA778},"{""items"":[{""reference"":""C:2026:1649:"",""webDescription"":"""",""pageNumber"":"""",""referenceNumber"":""1649"",""referenceYear"":""2026"",""referenceSeries"":""C"",""publishedDate"":""2026-03-12""}]}",2026-03-12,,"{""items"":[{""reference"":""IP_25_2371"",""webDescription"":"""",""publicationDate"":""2026-03-12""}]}",2026-03-12,"{""code"":""DecisionType20212"",""label"":""Art. 6(1)(b) with conditions & obligations""}",en,M.11578-DEC{AE40B042-8A99-4FA0-BB5E-A24E909FA778},METADATA_DECISION
349,10229,https://ec.europa.eu/competition/mergers/cases1/202349/M_10663_9760254_2225_3.pdf,M.10663-DEC{36B63847-66DD-44D0-8297-BD3CC0410176}-ATT2225,arbitrat*,EN,ment .................................................................... 243 8.3.2. Monitoring and Arbitration ...................................................................................... 2,2026-06-05T19:22:25.454041,"{""code"":""DocumentCategory0587"",""label"":""Decision - web publication""}",2023-03-20,2225,EN,,,2023-12-07,,2023-03-20,en,METADATA_DECISION_ATTACHMENT,"{""code"":""DocumentCategory0250"",""label"":""Description of the concentration""}",2022-06-22,556,NS,https://ec.europa.eu/competition/mergers/cases1/202226/M_10663_8382502_556_3.pdf,,,2022-06-24,,2022-06-22,en,M.10663-ATT556,METADATA_CASE_ATTACHMENT,,,,,,Competition DG,,,"{""items"":[{}]}",2022-02-01,Merger,,2023-03-20,,,2022-06-22,M.10663,10663,"{""items"":[{""reference"":""C:2022:246:"",""webDescription"":"""",""pageNumber"":"""",""referenceNumber"":""246"",""referenceYear"":""2022"",""referenceSeries"":""C"",""publishedDate"":""2022-06-29""}]}",2022-06-29,"{""items"":[{}]}",,,,Council Regulation 139/2004,,,"{""code"":""NaceSectorsJ_61_2_0"",""label"":""J.61.20 - Wireless telecommunications activities""} | {""code"":""NaceSectorsJ_61_1_0"",""label"":""J.61.10 - Wired telecommunications activities""}",Normal,,"{""items"":[{""date"":""2022-10-26"",""description"":""Deadline suspended under Article 11(3) [date may differ from the Article 11(3) decision date] from 26.10.2022"",""type"":""MEvent59"",""label"":""Deadline suspended under Article 11(3) [date may differ from the Article 11(3) decision date] from DATE_PLACEHOLDER"",""url"":""""},{""date"":""2023-01-30"",""description"":""Commitments submitted in N/2 on 30.01.2023"",""type"":""MEvent46"",""label"":""Commitments submitted in N/2 on DATE_PLACEHOLDER"",""url"":""""},{""date"":""2022-10-14"",""description"":""Changed deadline - extension of 2 working days under Article 10(3)2 on 14.10.2022"",""type"":""MEvent58"",""label"":""Changed deadline - extension of NUMBER_PLACEHOLDER working days under Article 10(3)2 on DATE_PLACEHOLDER"",""url"":""""},{""date"":""2022-08-08"",""description"":""Changed deadline - extension of 10 working days under Article 10(3)2 on 08.08.2022"",""type"":""MEvent10"",""label"":""Changed deadline - extension of NUMBER_PLACEHOLDER working days under Article 10(3)2 on DATE_PLACEHOLDER"",""url"":""""},{""date"":""2022-10-18"",""description"":""Changed deadline - extension of 2 working days under Article 10(3)2 on 18.10.2022"",""type"":""MEvent58"",""label"":""Changed deadline - extension of NUMBER_PLACEHOLDER working days under Article 10(3)2 on DATE_PLACEHOLDER"",""url"":""""},{""date"":""2023-01-30"",""description"":""Changed deadline - suspension under Article 11(3) ended on 30.01.2023"",""type"":""MEvent60"",""label"":""Changed deadline - suspension under Article 11(3) ended on DATE_PLACEHOLDER"",""url"":""""},{""date"":""2022-10-12"",""description"":""Changed deadline - extension of 2 working days under Article 10(3)2 on 12.10.2022"",""type"":""MEvent58"",""label"":""Changed deadline - extension of NUMBER_PLACEHOLDER working days under Article 10(3)2 on DATE_PLACEHOLDER"",""url"":""""},{""date"":""2022-10-21"",""description"":""Changed deadline - extension of 4 working days under Article 10(3)2 on 21.10.2022"",""type"":""MEvent58"",""label"":""Changed deadline - extension of NUMBER_PLACEHOLDER working days under Article 10(3)2 on DATE_PLACEHOLDER"",""url"":""""}]}",2022-10-26 | 2023-01-30 | 2022-10-14 | 2022-08-08 | 2022-10-18 | 2023-01-30 | 2022-10-12 | 2022-10-21,ORANGE / VOO / BRUTELE,"{""code"":""MergerCaseType1"",""label"":""Merger""}",en,M.10663,METADATA_CASE,2023-03-20,,"{""items"":[{}]}",{36B63847-66DD-44D0-8297-BD3CC0410176},"{""items"":[{""reference"":""C:2023:1523:"",""webDescription"":"""",""pageNumber"":"""",""referenceNumber"":""1523"",""referenceYear"":""2023"",""referenceSeries"":""C"",""publishedDate"":""2023-12-18""}]}",2023-12-18,,"{""items"":[{""reference"":""IP_23_1722"",""webDescription"":"""",""publicationDate"":""2023-12-18""}]}",2023-12-18,"{""code"":""DecisionType20600"",""label"":""Art. 8(2) with conditions & obligations""}",en,M.10663-DEC{36B63847-66DD-44D0-8297-BD3CC0410176},METADATA_DECISION
350,10381,https://ec.europa.eu/competition/mergers/cases1/202503/M_11595_10451228_88_5.pdf,M.11595-DEC54703-ATT88,arbitrat*,EN,"million within […], and a second reimbursement of EUR […] million within […]. In addition, ongoing arbitration proceedings initiated by third parties and regarding two of Moby’s vessels were not disc",2026-06-05T19:24:46.780276,Italy,,88,EN,DDOC,Decision: Art. 4(4) - Full referral - public version (1),2025-01-17,,2024-06-25,en,METADATA_DECISION_ATTACHMENT,,,,,,,,,,,,,,,Antitrust,MSC / MOBY,,,,,,,,Merger,,2024-06-25,,,,M.11595,11595,{},,{},,,,Council Regulation 139/2004,,,"{""code"":""NaceV2Sector_H_50.2"",""label"":""H.50.2 - Sea and coastal freight water transport""} | {""code"":""NaceV2Sector_H_50.1"",""label"":""H.50.1 - Sea and coastal passenger water transport""} | {""code"":""NaceSectorsH_50_1"",""label"":""H.50.1 - Sea and coastal passenger water transport""} | {""code"":""NaceV2Sector_H_52.2"",""label"":""H.52.2 - Support activities for transportation""}",Normal procedure,,,,MSC / MOBY,,en,M.11595,METADATA_CASE,2024-06-25,,,54703,,,false,,,"{""code"":""DecisionType201220"",""label"":""Art. 4(4) - Full referral""}",en,M.11595-DEC54703,METADATA_DECISION
351,10405,https://ec.europa.eu/competition/mergers/cases1/202409/M_11125_9939967_581_3.pdf,M.11125-DEC54049-ATT581,arbitrat*,EN,"der that Netceed and Amadys are usually the final two contenders between which such customer has to arbitrate.41 (46) Fourth, the Commission considers that the Transaction will not limit customers’ ab",2026-06-05T19:25:06.812004,,,581,EN,DDOC,Decision: Art. 6(1)(b) Public version(1),2024-03-01,,2023-07-18,en,METADATA_DECISION_ATTACHMENT,Section 1.2 of Form CO,,68,EN,https://ec.europa.eu/competition/mergers/cases1/202324/M_11125_9229144_68_3.pdf,DOCS,Publication of the section 1.2 of the Form CO - M.11125_Section1_2,2023-06-14,,2023-06-13,en,M.11125-ATT68,METADATA_CASE_ATTACHMENT,,Antitrust,NETCEED (FORMERLY ETC GROUP) / AMADYS | ETC GROUP / AMADYS,,2023-07-18,,,,,2023-06-13,Merger,,2023-07-18,,M.11156,2023-06-13,M.11125,11125,{},,{},,,,Council Regulation 139/2004,,,"{""code"":""NaceSectorsG_46_5_2"",""label"":""G.46.52 - Wholesale of electronic and telecommunications equipment and parts""}",Normal procedure,,,,NETCEED (FORMERLY ETC GROUP) / AMADYS,,en,M.11125,METADATA_CASE,2023-07-18,,,54049,"{""items"":[{""reference"":""C2121"",""publishedDate"":""2024-03-12"",""priorPublication"":""false""}]}",2024-03-12,false,"{""items"":[{""reference"":""MEX/23/3937""}]}",,"{""code"":""DecisionType20310"",""label"":""Art. 6(1)(b)""}",en,M.11125-DEC54049,METADATA_DECISION
352,10484,https://ec.europa.eu/competition/mergers/cases1/202617/M_11956_5590.pdf,M.11956-DEC{0AFC91B5-82B3-4BB9-853C-9DD455E9071A}-ATT5590,arbitrat*,EN,stee (the ‘Monitoring Trustee’)884 as well as a dispute resolution mechanism which would follow the arbitration rules of the Arbitration Chamber of Commerce.885 (604) The Commission launched the Marke,2026-06-05T19:27:39.142990,"{""code"":""DocumentCategory0587"",""label"":""Decision - web publication""}",2026-02-13,5590,EN,,,2026-04-24,,2026-02-13,en,METADATA_DECISION_ATTACHMENT,"{""code"":""DocumentCategory0250"",""label"":""Description of the concentration""}",2025-06-17,612,EN,https://ec.europa.eu/competition/mergers/cases1/202525/M_11956_10665003_612_3.pdf,,,2025-06-18,,2025-06-17,en,M.11956-ATT612,METADATA_CASE_ATTACHMENT,,,,,,Competition DG,,,"{""items"":[{}]}",2025-03-12,Merger,,2026-02-13,,,2025-06-16,M.11956,11956,"{""items"":[{""reference"":""C:2025:3481:"",""webDescription"":"""",""pageNumber"":"""",""referenceNumber"":""3481"",""referenceYear"":""2025"",""referenceSeries"":""C"",""publishedDate"":""2025-06-26""},{""reference"":""C:2026:2645:"",""webDescription"":""MEOJWebDesc2"",""webDescriptionLabel"":""Hearing Officer - Final Report"",""pageNumber"":"""",""referenceNumber"":""2645"",""referenceYear"":""2026"",""referenceSeries"":""C"",""publishedDate"":""2026-05-08""},{""reference"":""C:2026:2646:"",""webDescription"":""MEOJWebDesc4"",""webDescriptionLabel"":""Opinion of the Advisory Committee"",""pageNumber"":"""",""referenceNumber"":""2646"",""referenceYear"":""2026"",""referenceSeries"":""C"",""publishedDate"":""2026-05-08""}]}",2025-06-26 | 2026-05-08 | 2026-05-08,"{""items"":[{}]}",,,,Council Regulation 139/2004,,,"{""code"":""NaceV2Sector_J_59.20"",""label"":""J.59.20 - Sound recording and music publishing activities""}",Normal,,"{""items"":[{""date"":""2025-12-11"",""description"":""Changed deadline - Commitments submitted in N/2 on 11.12.2025"",""type"":""MEvent4"",""label"":""Changed deadline - Commitments submitted in N/2 on DATE_PLACEHOLDER"",""url"":""""},{""date"":""2025-09-02"",""description"":""Deadline suspended under Article 11(3) [date may differ from the Article 11(3) decision date] from 02.09.2025"",""type"":""MEvent59"",""label"":""Deadline suspended under Article 11(3) [date may differ from the Article 11(3) decision date] from DATE_PLACEHOLDER"",""url"":""""},{""date"":""2025-10-17"",""description"":""Changed deadline - suspension under Article 11(3) ended on 17.10.2025"",""type"":""MEvent60"",""label"":""Changed deadline - suspension under Article 11(3) ended on DATE_PLACEHOLDER"",""url"":""""},{""date"":""2025-07-24"",""description"":""Changed deadline - extension of 10 working days under Article 10(3)2 on 24.07.2025"",""type"":""MEvent10"",""label"":""Changed deadline - extension of NUMBER_PLACEHOLDER working days under Article 10(3)2 on DATE_PLACEHOLDER"",""url"":""""}]}",2025-12-11 | 2025-09-02 | 2025-10-17 | 2025-07-24,UMG / DOWNTOWN,"{""code"":""MergerCaseType1"",""label"":""Merger""}",en,M.11956,METADATA_CASE,2026-02-13,,"{""items"":[{}]}",{0AFC91B5-82B3-4BB9-853C-9DD455E9071A},"{""items"":[{""reference"":""C:2026:2647:"",""webDescription"":""MEOJWebDesc1"",""pageNumber"":"""",""referenceNumber"":""2647"",""referenceYear"":""2026"",""referenceSeries"":""C"",""publishedDate"":""2026-05-08""}]}",2026-05-08,,"{""items"":[{""reference"":""IP_26_385"",""webDescription"":"""",""publicationDate"":""2026-02-13""}]}",2026-02-13,"{""code"":""DecisionType20600"",""label"":""Art. 8(2) with conditions & obligations""}",en,M.11956-DEC{0AFC91B5-82B3-4BB9-853C-9DD455E9071A},METADATA_DECISION
353,10534,https://ec.europa.eu/competition/mergers/cases1/202330/M_10646_9311516_7443_3.pdf,M.10646-DEC53945-ATT7443,arbitrat*,EN,enforce the commitments may in particular involve access to a fast dispute resolution mechanism via arbitration proceedings (together with trustees). If the Commission can conclude that the mechanisms,2026-06-05T19:28:53.450931,,,7443,EN,DDOC,Decision: Art. 8(2) with conditions & obligations - public version(1),2023-07-26,,2023-05-15,en,METADATA_DECISION_ATTACHMENT,Trustee details,,7582,EN,https://ec.europa.eu/competition/mergers/cases1/202518/M_10646_10610791_7582_5.pdf,DOCS,Publication of trustee details - M.10646 -Trustee_publication of details-updated,2025-04-29,,2025-04-24,en,M.10646-ATT7582,METADATA_CASE_ATTACHMENT,,Antitrust,MICROSOFT / ACTIVISION BLIZZARD,,,,"{""items"":[{""date"":""2022-11-18"",""name"":""Deadline extended by 10 working days under article 10(3)2 on"",""type"":""MEvent10""},{""date"":""2023-03-16"",""name"":""Commitments submitted in N/2 on"",""type"":""MEvent4""},{""date"":""2023-03-01"",""name"":""Deadline extended by 10 working days under article 10(3)2 on"",""type"":""MEvent58""}]}",2022-11-18 | 2023-03-16 | 2023-03-01,,2022-09-30,Merger,,2023-05-15,,,2022-09-30,M.10646,10646,{},,{},,,,Council Regulation 139/2004,,,"{""code"":""NaceSectorsJ_58_2_1"",""label"":""J.58.21 - Publishing of computer games""} | {""code"":""NaceSectorsG_47_4_1"",""label"":""G.47.41 - Retail sale of computers, peripheral units and software in specialised stores""}",Normal procedure,,,,MICROSOFT / ACTIVISION BLIZZARD,,en,M.10646,METADATA_CASE,2023-05-15,,,53945,"{""items"":[{""reference"":""C285"",""publishedDate"":""2023-08-14"",""priorPublication"":""false""}]}",2023-08-14,false,"{""items"":[{""reference"":""IP/23/2705""}]}",,"{""code"":""DecisionType20600"",""label"":""Art. 8(2) with conditions & obligations""}",en,M.10646-DEC53945,METADATA_DECISION
